{
  "epoch": 18,
  "train_loss": 0.5413080897086706,
  "train_acc": 0.8097383097383097,
  "val_loss": 0.5354608905558683,
  "val_acc": 0.8104631217838765,
  "timestamp": "2025-05-01T08:15:45.715257",
  "elapsed_time": 1075.9698085784912
}