{
  "epoch": 6,
  "train_loss": 0.585652369260788,
  "train_acc": 0.7762762762762763,
  "val_loss": 0.5721692777409846,
  "val_acc": 0.7701543739279588,
  "timestamp": "2025-05-01T08:04:31.129702",
  "elapsed_time": 401.3842463493347
}