{
  "epoch": 7,
  "train_loss": 0.5737327427436144,
  "train_acc": 0.787001287001287,
  "val_loss": 0.5608143161754219,
  "val_acc": 0.7795883361921098,
  "timestamp": "2025-05-01T08:05:27.014730",
  "elapsed_time": 457.2685136795044
}