{
  "epoch": 11,
  "train_loss": 0.5475123608723665,
  "train_acc": 0.806949806949807,
  "val_loss": 0.5405541822618368,
  "val_acc": 0.8018867924528302,
  "timestamp": "2025-05-01T08:09:11.115982",
  "elapsed_time": 681.3638033866882
}