{
  "epoch": 4,
  "train_loss": 0.6099439266400459,
  "train_acc": 0.756971256971257,
  "val_loss": 0.5974556499597977,
  "val_acc": 0.7641509433962265,
  "timestamp": "2025-05-01T08:02:38.238931",
  "elapsed_time": 288.4923529624939
}