{
  "epoch": 17,
  "train_loss": 0.5439537019301683,
  "train_acc": 0.8065208065208065,
  "val_loss": 0.5357718333906057,
  "val_acc": 0.8087478559176673,
  "timestamp": "2025-05-01T08:14:49.449409",
  "elapsed_time": 1019.7042334079742
}