{
  "epoch": 10,
  "train_loss": 0.5487477346872672,
  "train_acc": 0.8000858000858001,
  "val_loss": 0.5443578593584956,
  "val_acc": 0.8027444253859348,
  "timestamp": "2025-05-01T08:08:14.436664",
  "elapsed_time": 624.6930019855499
}