{
  "epoch": 0,
  "train_loss": 0.6863279483257196,
  "train_acc": 0.5523380523380523,
  "val_loss": 0.6717530780909012,
  "val_acc": 0.630360205831904,
  "timestamp": "2025-05-01T07:58:47.393095",
  "elapsed_time": 57.64176082611084
}