{
  "epoch": 12,
  "train_loss": 0.5492731326665634,
  "train_acc": 0.7994422994422995,
  "val_loss": 0.5405154124814637,
  "val_acc": 0.7898799313893653,
  "timestamp": "2025-05-01T08:10:08.066187",
  "elapsed_time": 738.3182163238525
}