{
  "epoch": 19,
  "train_loss": 0.5421914947338593,
  "train_acc": 0.8056628056628057,
  "val_loss": 0.5362781067283786,
  "val_acc": 0.8001715265866209,
  "timestamp": "2025-05-01T08:16:41.612821",
  "elapsed_time": 1131.8647339344025
}