{
  "epoch": 1,
  "train_loss": 0.6633250609422341,
  "train_acc": 0.6555126555126555,
  "val_loss": 0.6466334486494258,
  "val_acc": 0.6981132075471698,
  "timestamp": "2025-05-01T07:59:45.774719",
  "elapsed_time": 116.03103613853455
}