{
  "epoch": 8,
  "train_loss": 0.563208931684494,
  "train_acc": 0.7897897897897898,
  "val_loss": 0.5527371186382917,
  "val_acc": 0.7804459691252144,
  "timestamp": "2025-05-01T08:06:23.470685",
  "elapsed_time": 513.7259068489075
}