{
  "epoch": 14,
  "train_loss": 0.5449827583936545,
  "train_acc": 0.8101673101673101,
  "val_loss": 0.5413119196891785,
  "val_acc": 0.8044596912521441,
  "timestamp": "2025-05-01T08:12:00.496855",
  "elapsed_time": 850.7489321231842
}