{
  "epoch": 5,
  "train_loss": 0.5969436945059361,
  "train_acc": 0.7734877734877735,
  "val_loss": 0.5834374640669141,
  "val_acc": 0.7710120068610634,
  "timestamp": "2025-05-01T08:03:34.294031",
  "elapsed_time": 344.54658579826355
}