{
  "epoch": 16,
  "train_loss": 0.5453794994415381,
  "train_acc": 0.8041613041613042,
  "val_loss": 0.5378235566372774,
  "val_acc": 0.8044596912521441,
  "timestamp": "2025-05-01T08:13:53.037393",
  "elapsed_time": 963.2737474441528
}