{
  "epoch": 9,
  "train_loss": 0.553429749990121,
  "train_acc": 0.7996567996567997,
  "val_loss": 0.5440093941834508,
  "val_acc": 0.7898799313893653,
  "timestamp": "2025-05-01T08:07:19.072318",
  "elapsed_time": 569.3271911144257
}