{
  "epoch": 3,
  "train_loss": 0.6264914680749942,
  "train_acc": 0.7391677391677391,
  "val_loss": 0.6111710083727934,
  "val_acc": 0.7530017152658662,
  "timestamp": "2025-05-01T08:01:41.112597",
  "elapsed_time": 231.36469531059265
}