{
  "epoch": 2,
  "train_loss": 0.6429697614449721,
  "train_acc": 0.7048477048477049,
  "val_loss": 0.6269664788732723,
  "val_acc": 0.7349914236706689,
  "timestamp": "2025-05-01T08:00:43.364012",
  "elapsed_time": 173.61773824691772
}