{
  "epoch": 15,
  "train_loss": 0.5438766750005576,
  "train_acc": 0.8078078078078078,
  "val_loss": 0.5372925686592959,
  "val_acc": 0.8027444253859348,
  "timestamp": "2025-05-01T08:12:56.995224",
  "elapsed_time": 907.2502524852753
}