{
  "epoch": 13,
  "train_loss": 0.5473086516062419,
  "train_acc": 0.8052338052338053,
  "val_loss": 0.5424661532956727,
  "val_acc": 0.8010291595197255,
  "timestamp": "2025-05-01T08:11:02.898821",
  "elapsed_time": 793.1515786647797
}