{
  "train_loss": [
    0.6863279483257196,
    0.6633250609422341,
    0.6429697614449721,
    0.6264914680749942,
    0.6099439266400459,
    0.5969436945059361,
    0.585652369260788,
    0.5737327427436144,
    0.563208931684494,
    0.553429749990121,
    0.5487477346872672,
    0.5475123608723665,
    0.5492731326665634,
    0.5473086516062419,
    0.5449827583936545,
    0.5438766750005576,
    0.5453794994415381,
    0.5439537019301683,
    0.5413080897086706,
    0.5421914947338593
  ],
  "train_acc": [
    0.5523380523380523,
    0.6555126555126555,
    0.7048477048477049,
    0.7391677391677391,
    0.756971256971257,
    0.7734877734877735,
    0.7762762762762763,
    0.787001287001287,
    0.7897897897897898,
    0.7996567996567997,
    0.8000858000858001,
    0.806949806949807,
    0.7994422994422995,
    0.8052338052338053,
    0.8101673101673101,
    0.8078078078078078,
    0.8041613041613042,
    0.8065208065208065,
    0.8097383097383097,
    0.8056628056628057
  ],
  "val_loss": [
    0.6717530780909012,
    0.6466334486494258,
    0.6269664788732723,
    0.6111710083727934,
    0.5974556499597977,
    0.5834374640669141,
    0.5721692777409846,
    0.5608143161754219,
    0.5527371186382917,
    0.5440093941834508,
    0.5443578593584956,
    0.5405541822618368,
    0.5405154124814637,
    0.5424661532956727,
    0.5413119196891785,
    0.5372925686592959,
    0.5378235566372774,
    0.5357718333906057,
    0.5354608905558683,
    0.5362781067283786
  ],
  "val_acc": [
    0.630360205831904,
    0.6981132075471698,
    0.7349914236706689,
    0.7530017152658662,
    0.7641509433962265,
    0.7710120068610634,
    0.7701543739279588,
    0.7795883361921098,
    0.7804459691252144,
    0.7898799313893653,
    0.8027444253859348,
    0.8018867924528302,
    0.7898799313893653,
    0.8010291595197255,
    0.8044596912521441,
    0.8027444253859348,
    0.8044596912521441,
    0.8087478559176673,
    0.8104631217838765,
    0.8001715265866209
  ],
  "best_acc": 0.8104631217838765
}