{
  "epoch": 0,
  "train_loss": 0.622604029912215,
  "train_acc": 0.7014157014157014,
  "val_loss": 0.5468495153650945,
  "val_acc": 0.7950257289879932,
  "timestamp": "2025-05-01T07:37:12.479681",
  "elapsed_time": 55.376264572143555
}