{
  "epoch": 18,
  "train_loss": 0.35448095202445984,
  "train_acc": 0.9654654654654654,
  "val_loss": 0.3507522289850274,
  "val_acc": 0.9665523156089194,
  "timestamp": "2025-05-01T07:54:31.744418",
  "elapsed_time": 1094.6344499588013
}