{
  "epoch": 9,
  "train_loss": 0.35885728872739353,
  "train_acc": 0.9665379665379665,
  "val_loss": 0.3522111098377072,
  "val_acc": 0.967409948542024,
  "timestamp": "2025-05-01T07:45:58.541631",
  "elapsed_time": 581.4386837482452
}