{
  "epoch": 19,
  "train_loss": 0.3543511363176199,
  "train_acc": 0.9673959673959674,
  "val_loss": 0.3498909132821219,
  "val_acc": 0.9682675814751286,
  "timestamp": "2025-05-01T07:55:27.665192",
  "elapsed_time": 1150.5488176345825
}