{
  "epoch": 11,
  "train_loss": 0.3567676240052932,
  "train_acc": 0.9654654654654654,
  "val_loss": 0.3549166686680852,
  "val_acc": 0.9631217838765008,
  "timestamp": "2025-05-01T07:47:54.357083",
  "elapsed_time": 697.2518417835236
}