{
  "epoch": 3,
  "train_loss": 0.44071863553462887,
  "train_acc": 0.8903903903903904,
  "val_loss": 0.4215149350312291,
  "val_acc": 0.9108061749571184,
  "timestamp": "2025-05-01T07:40:05.250107",
  "elapsed_time": 228.15302848815918
}