{
  "epoch": 14,
  "train_loss": 0.35200642668283905,
  "train_acc": 0.9669669669669669,
  "val_loss": 0.35159764241199104,
  "val_acc": 0.9656946826758147,
  "timestamp": "2025-05-01T07:50:45.237885",
  "elapsed_time": 868.1152126789093
}