{
  "epoch": 7,
  "train_loss": 0.3755325372402485,
  "train_acc": 0.9478764478764479,
  "val_loss": 0.3663616229076775,
  "val_acc": 0.9562607204116638,
  "timestamp": "2025-05-01T07:43:56.844075",
  "elapsed_time": 459.738214969635
}