{
  "epoch": 15,
  "train_loss": 0.3553487785351582,
  "train_acc": 0.9652509652509652,
  "val_loss": 0.35096773991779406,
  "val_acc": 0.9682675814751286,
  "timestamp": "2025-05-01T07:51:41.981832",
  "elapsed_time": 924.8741939067841
}