{
  "epoch": 6,
  "train_loss": 0.38560013465392284,
  "train_acc": 0.9395109395109396,
  "val_loss": 0.3729973836820953,
  "val_acc": 0.9451114922813036,
  "timestamp": "2025-05-01T07:42:55.597071",
  "elapsed_time": 398.4935531616211
}