{
  "epoch": 16,
  "train_loss": 0.35447707711121973,
  "train_acc": 0.9671814671814671,
  "val_loss": 0.3497632875734446,
  "val_acc": 0.9682675814751286,
  "timestamp": "2025-05-01T07:52:38.372337",
  "elapsed_time": 981.2609448432922
}