{
  "epoch": 1,
  "train_loss": 0.5242247165777745,
  "train_acc": 0.8155298155298155,
  "val_loss": 0.48311714554319574,
  "val_acc": 0.8533447684391081,
  "timestamp": "2025-05-01T07:38:09.637931",
  "elapsed_time": 112.53550171852112
}