{
  "epoch": 2,
  "train_loss": 0.47517132422862907,
  "train_acc": 0.8575718575718576,
  "val_loss": 0.44568746734638603,
  "val_acc": 0.8902229845626072,
  "timestamp": "2025-05-01T07:39:07.792958",
  "elapsed_time": 170.69143176078796
}