{
  "epoch": 10,
  "train_loss": 0.35489939145552807,
  "train_acc": 0.9684684684684685,
  "val_loss": 0.352008157846879,
  "val_acc": 0.9691252144082333,
  "timestamp": "2025-05-01T07:46:57.948436",
  "elapsed_time": 640.8491990566254
}