{
  "epoch": 13,
  "train_loss": 0.3542007029056549,
  "train_acc": 0.9695409695409696,
  "val_loss": 0.35408735883479214,
  "val_acc": 0.9665523156089194,
  "timestamp": "2025-05-01T07:49:48.294713",
  "elapsed_time": 811.1854801177979
}