{
  "epoch": 5,
  "train_loss": 0.40025061185543354,
  "train_acc": 0.9266409266409267,
  "val_loss": 0.3877973769392286,
  "val_acc": 0.9365351629502573,
  "timestamp": "2025-05-01T07:41:57.194943",
  "elapsed_time": 340.0895574092865
}