{
  "epoch": 12,
  "train_loss": 0.3539748722162002,
  "train_acc": 0.9678249678249679,
  "val_loss": 0.34991660592507345,
  "val_acc": 0.9682675814751286,
  "timestamp": "2025-05-01T07:48:51.310871",
  "elapsed_time": 754.2086682319641
}