{
  "epoch": 8,
  "train_loss": 0.36604210550968463,
  "train_acc": 0.956027456027456,
  "val_loss": 0.3596240476686127,
  "val_acc": 0.9622641509433962,
  "timestamp": "2025-05-01T07:44:57.892852",
  "elapsed_time": 520.7863686084747
}