{
  "epoch": 4,
  "train_loss": 0.4181793619424869,
  "train_acc": 0.9088374088374088,
  "val_loss": 0.4010916863168989,
  "val_acc": 0.9202401372212693,
  "timestamp": "2025-05-01T07:41:00.435917",
  "elapsed_time": 283.3335976600647
}