{
  "epoch": 17,
  "train_loss": 0.3510026969970801,
  "train_acc": 0.9688974688974689,
  "val_loss": 0.34793283014881365,
  "val_acc": 0.9708404802744426,
  "timestamp": "2025-05-01T07:53:35.107427",
  "elapsed_time": 1038.0023090839386
}