{
  "train_loss": [
    0.622604029912215,
    0.5242247165777745,
    0.47517132422862907,
    0.44071863553462887,
    0.4181793619424869,
    0.40025061185543354,
    0.38560013465392284,
    0.3755325372402485,
    0.36604210550968463,
    0.35885728872739353,
    0.35489939145552807,
    0.3567676240052932,
    0.3539748722162002,
    0.3542007029056549,
    0.35200642668283905,
    0.3553487785351582,
    0.35447707711121973,
    0.3510026969970801,
    0.35448095202445984,
    0.3543511363176199
  ],
  "train_acc": [
    0.7014157014157014,
    0.8155298155298155,
    0.8575718575718576,
    0.8903903903903904,
    0.9088374088374088,
    0.9266409266409267,
    0.9395109395109396,
    0.9478764478764479,
    0.956027456027456,
    0.9665379665379665,
    0.9684684684684685,
    0.9654654654654654,
    0.9678249678249679,
    0.9695409695409696,
    0.9669669669669669,
    0.9652509652509652,
    0.9671814671814671,
    0.9688974688974689,
    0.9654654654654654,
    0.9673959673959674
  ],
  "val_loss": [
    0.5468495153650945,
    0.48311714554319574,
    0.44568746734638603,
    0.4215149350312291,
    0.4010916863168989,
    0.3877973769392286,
    0.3729973836820953,
    0.3663616229076775,
    0.3596240476686127,
    0.3522111098377072,
    0.352008157846879,
    0.3549166686680852,
    0.34991660592507345,
    0.35408735883479214,
    0.35159764241199104,
    0.35096773991779406,
    0.3497632875734446,
    0.34793283014881365,
    0.3507522289850274,
    0.3498909132821219
  ],
  "val_acc": [
    0.7950257289879932,
    0.8533447684391081,
    0.8902229845626072,
    0.9108061749571184,
    0.9202401372212693,
    0.9365351629502573,
    0.9451114922813036,
    0.9562607204116638,
    0.9622641509433962,
    0.967409948542024,
    0.9691252144082333,
    0.9631217838765008,
    0.9682675814751286,
    0.9665523156089194,
    0.9656946826758147,
    0.9682675814751286,
    0.9682675814751286,
    0.9708404802744426,
    0.9665523156089194,
    0.9682675814751286
  ],
  "best_acc": 0.9708404802744426
}