{
  "epoch": 14,
  "train_loss": 0.34502168251917914,
  "train_acc": 0.968039468039468,
  "val_loss": 0.3612013653833039,
  "val_acc": 0.9519725557461407,
  "timestamp": "2025-05-01T02:05:22.330639",
  "elapsed_time": 721.2375075817108
}