{
  "epoch": 13,
  "train_loss": 0.3504517275553483,
  "train_acc": 0.9648219648219648,
  "val_loss": 0.3717270511753705,
  "val_acc": 0.9425385934819898,
  "timestamp": "2025-05-01T02:04:34.416395",
  "elapsed_time": 673.3300914764404
}