{
  "epoch": 2,
  "train_loss": 0.5245945763893617,
  "train_acc": 0.7769197769197769,
  "val_loss": 0.4923681525551543,
  "val_acc": 0.8293310463121784,
  "timestamp": "2025-05-01T01:55:44.558599",
  "elapsed_time": 143.47443079948425
}