{
  "epoch": 16,
  "train_loss": 0.33910119105608033,
  "train_acc": 0.9751179751179752,
  "val_loss": 0.3572466227473045,
  "val_acc": 0.9579759862778731,
  "timestamp": "2025-05-01T02:06:58.506127",
  "elapsed_time": 817.4242036342621
}