{
  "epoch": 19,
  "train_loss": 0.3306453979932345,
  "train_acc": 0.984984984984985,
  "val_loss": 0.3556962724851102,
  "val_acc": 0.9545454545454546,
  "timestamp": "2025-05-01T02:09:22.906253",
  "elapsed_time": 961.8073372840881
}