{
  "epoch": 5,
  "train_loss": 0.4706667956633446,
  "train_acc": 0.8361218361218361,
  "val_loss": 0.4834348833074375,
  "val_acc": 0.8276157804459692,
  "timestamp": "2025-05-01T01:58:08.566162",
  "elapsed_time": 287.4702339172363
}