{
  "epoch": 7,
  "train_loss": 0.4350758971312107,
  "train_acc": 0.8743028743028743,
  "val_loss": 0.45401084240601985,
  "val_acc": 0.855917667238422,
  "timestamp": "2025-05-01T01:59:45.140169",
  "elapsed_time": 384.0441496372223
}