{
  "epoch": 6,
  "train_loss": 0.4461895925876422,
  "train_acc": 0.8599313599313599,
  "val_loss": 0.4858998571123396,
  "val_acc": 0.8207547169811321,
  "timestamp": "2025-05-01T01:58:56.737297",
  "elapsed_time": 335.64645504951477
}