{
  "epoch": 3,
  "train_loss": 0.5138901705925282,
  "train_acc": 0.793007293007293,
  "val_loss": 0.5296647913601934,
  "val_acc": 0.7701543739279588,
  "timestamp": "2025-05-01T01:56:32.420745",
  "elapsed_time": 191.33791089057922
}