{
  "epoch": 12,
  "train_loss": 0.3562968704945002,
  "train_acc": 0.959030459030459,
  "val_loss": 0.37476892921389365,
  "val_acc": 0.9382504288164666,
  "timestamp": "2025-05-01T02:03:46.108887",
  "elapsed_time": 625.017019033432
}