{
  "epoch": 10,
  "train_loss": 0.38200525580308375,
  "train_acc": 0.9296439296439296,
  "val_loss": 0.3923850831936817,
  "val_acc": 0.91852487135506,
  "timestamp": "2025-05-01T02:02:09.878522",
  "elapsed_time": 528.7986328601837
}