{
  "epoch": 15,
  "train_loss": 0.3435926888233576,
  "train_acc": 0.9701844701844702,
  "val_loss": 0.3670576841247325,
  "val_acc": 0.9451114922813036,
  "timestamp": "2025-05-01T02:06:10.256242",
  "elapsed_time": 769.1716024875641
}