{
  "epoch": 9,
  "train_loss": 0.42200699280469844,
  "train_acc": 0.8897468897468898,
  "val_loss": 0.45822553792778326,
  "val_acc": 0.8473413379073756,
  "timestamp": "2025-05-01T02:01:21.173003",
  "elapsed_time": 480.08936762809753
}