{
  "epoch": 1,
  "train_loss": 0.57015764438189,
  "train_acc": 0.7243672243672243,
  "val_loss": 0.5233686195344341,
  "val_acc": 0.7821612349914236,
  "timestamp": "2025-05-01T01:54:56.797685",
  "elapsed_time": 95.71424102783203
}