{
  "epoch": 8,
  "train_loss": 0.4155991580241766,
  "train_acc": 0.8918918918918919,
  "val_loss": 0.4367394757514097,
  "val_acc": 0.8670668953687821,
  "timestamp": "2025-05-01T02:00:32.931179",
  "elapsed_time": 431.84980821609497
}