{
  "epoch": 4,
  "train_loss": 0.4981009840965271,
  "train_acc": 0.8067353067353067,
  "val_loss": 0.466493340779324,
  "val_acc": 0.8259005145797599,
  "timestamp": "2025-05-01T01:57:20.475792",
  "elapsed_time": 239.39145612716675
}