{
  "epoch": 11,
  "train_loss": 0.3599512829230382,
  "train_acc": 0.9536679536679536,
  "val_loss": 0.37461187462417445,
  "val_acc": 0.9382504288164666,
  "timestamp": "2025-05-01T02:02:58.335274",
  "elapsed_time": 577.2560887336731
}