{
  "epoch": 0,
  "train_loss": 0.5409210643707177,
  "train_acc": 0.7604032604032605,
  "val_loss": 0.6379895988775759,
  "val_acc": 0.6663807890222985,
  "timestamp": "2025-05-01T01:54:08.943873",
  "elapsed_time": 47.84425210952759
}