{
  "epoch": 18,
  "train_loss": 0.33499828103261114,
  "train_acc": 0.9794079794079794,
  "val_loss": 0.35328918026418105,
  "val_acc": 0.9588336192109777,
  "timestamp": "2025-05-01T02:08:34.658078",
  "elapsed_time": 913.5746786594391
}