{
  "epoch": 17,
  "train_loss": 0.33709566837702043,
  "train_acc": 0.975975975975976,
  "val_loss": 0.35686504597566565,
  "val_acc": 0.9588336192109777,
  "timestamp": "2025-05-01T02:07:46.622243",
  "elapsed_time": 865.5386090278625
}