{
  "train_loss": [
    0.5409210643707177,
    0.57015764438189,
    0.5245945763893617,
    0.5138901705925282,
    0.4981009840965271,
    0.4706667956633446,
    0.4461895925876422,
    0.4350758971312107,
    0.4155991580241766,
    0.42200699280469844,
    0.38200525580308375,
    0.3599512829230382,
    0.3562968704945002,
    0.3504517275553483,
    0.34502168251917914,
    0.3435926888233576,
    0.33910119105608033,
    0.33709566837702043,
    0.33499828103261114,
    0.3306453979932345
  ],
  "train_acc": [
    0.7604032604032605,
    0.7243672243672243,
    0.7769197769197769,
    0.793007293007293,
    0.8067353067353067,
    0.8361218361218361,
    0.8599313599313599,
    0.8743028743028743,
    0.8918918918918919,
    0.8897468897468898,
    0.9296439296439296,
    0.9536679536679536,
    0.959030459030459,
    0.9648219648219648,
    0.968039468039468,
    0.9701844701844702,
    0.9751179751179752,
    0.975975975975976,
    0.9794079794079794,
    0.984984984984985
  ],
  "val_loss": [
    0.6379895988775759,
    0.5233686195344341,
    0.4923681525551543,
    0.5296647913601934,
    0.466493340779324,
    0.4834348833074375,
    0.4858998571123396,
    0.45401084240601985,
    0.4367394757514097,
    0.45822553792778326,
    0.3923850831936817,
    0.37461187462417445,
    0.37476892921389365,
    0.3717270511753705,
    0.3612013653833039,
    0.3670576841247325,
    0.3572466227473045,
    0.35686504597566565,
    0.35328918026418105,
    0.3556962724851102
  ],
  "val_acc": [
    0.6663807890222985,
    0.7821612349914236,
    0.8293310463121784,
    0.7701543739279588,
    0.8259005145797599,
    0.8276157804459692,
    0.8207547169811321,
    0.855917667238422,
    0.8670668953687821,
    0.8473413379073756,
    0.91852487135506,
    0.9382504288164666,
    0.9382504288164666,
    0.9425385934819898,
    0.9519725557461407,
    0.9451114922813036,
    0.9579759862778731,
    0.9588336192109777,
    0.9588336192109777,
    0.9545454545454546
  ],
  "best_acc": 0.9588336192109777
}