{
  "epoch": 4,
  "train_loss": 0.46254311906985746,
  "train_acc": 0.8436293436293436,
  "val_loss": 0.4333644594464983,
  "val_acc": 0.8747855917667239,
  "timestamp": "2025-05-03T04:30:54.161556",
  "elapsed_time": 280.81204080581665
}