{
  "epoch": 7,
  "train_loss": 0.4566915626709278,
  "train_acc": 0.8504933504933505,
  "val_loss": 0.4483905787370643,
  "val_acc": 0.8610634648370498,
  "timestamp": "2025-05-03T04:33:44.178848",
  "elapsed_time": 450.8186674118042
}