{
  "epoch": 0,
  "train_loss": 0.5422384891754541,
  "train_acc": 0.7533247533247533,
  "val_loss": 0.5154369096366727,
  "val_acc": 0.7898799313893653,
  "timestamp": "2025-05-03T04:27:09.258826",
  "elapsed_time": 55.90328335762024
}