{
  "epoch": 5,
  "train_loss": 0.45026620626449587,
  "train_acc": 0.8564993564993565,
  "val_loss": 0.45169942719595774,
  "val_acc": 0.8499142367066895,
  "timestamp": "2025-05-03T04:31:52.038794",
  "elapsed_time": 338.6882290840149
}