{
  "epoch": 3,
  "train_loss": 0.4668794265160194,
  "train_acc": 0.8414843414843415,
  "val_loss": 0.49680753812497974,
  "val_acc": 0.8104631217838765,
  "timestamp": "2025-05-03T04:29:57.322709",
  "elapsed_time": 223.97352409362793
}