{
  "epoch": 17,
  "train_loss": 0.34577942475294454,
  "train_acc": 0.9686829686829687,
  "val_loss": 0.34778614555086407,
  "val_acc": 0.9648370497427101,
  "timestamp": "2025-05-03T04:43:03.109486",
  "elapsed_time": 1009.7570855617523
}