{
  "epoch": 18,
  "train_loss": 0.345659471475161,
  "train_acc": 0.9684684684684685,
  "val_loss": 0.35224183664029957,
  "val_acc": 0.9605488850771869,
  "timestamp": "2025-05-03T04:43:59.230179",
  "elapsed_time": 1065.8790509700775
}