{
  "epoch": 14,
  "train_loss": 0.3561852207550636,
  "train_acc": 0.959030459030459,
  "val_loss": 0.35945594736507963,
  "val_acc": 0.9545454545454546,
  "timestamp": "2025-05-03T04:40:15.013232",
  "elapsed_time": 841.6443982124329
}