{
  "epoch": 11,
  "train_loss": 0.37164251559819933,
  "train_acc": 0.9425139425139425,
  "val_loss": 0.37280717370461447,
  "val_acc": 0.9391080617495712,
  "timestamp": "2025-05-03T04:37:27.803162",
  "elapsed_time": 674.4429266452789
}