{
  "epoch": 8,
  "train_loss": 0.430353765304272,
  "train_acc": 0.8764478764478765,
  "val_loss": 0.4334978698467722,
  "val_acc": 0.8765008576329331,
  "timestamp": "2025-05-03T04:34:40.653166",
  "elapsed_time": 507.3049418926239
}