{
  "epoch": 12,
  "train_loss": 0.36508956520985336,
  "train_acc": 0.9502359502359502,
  "val_loss": 0.3732059567558522,
  "val_acc": 0.9382504288164666,
  "timestamp": "2025-05-03T04:38:23.880546",
  "elapsed_time": 730.529153585434
}