{
  "epoch": 10,
  "train_loss": 0.39638761923863336,
  "train_acc": 0.9159159159159159,
  "val_loss": 0.38824770037008793,
  "val_acc": 0.9210977701543739,
  "timestamp": "2025-05-03T04:36:31.557174",
  "elapsed_time": 618.2051298618317
}