{
  "epoch": 9,
  "train_loss": 0.4192946861951779,
  "train_acc": 0.8938223938223938,
  "val_loss": 0.43839635289445217,
  "val_acc": 0.8730703259005146,
  "timestamp": "2025-05-03T04:35:36.774225",
  "elapsed_time": 563.4190528392792
}