{
  "epoch": 19,
  "train_loss": 0.34096035743371034,
  "train_acc": 0.9738309738309738,
  "val_loss": 0.350276811390507,
  "val_acc": 0.9614065180102916,
  "timestamp": "2025-05-03T04:44:55.813819",
  "elapsed_time": 1122.4631645679474
}