{
  "epoch": 15,
  "train_loss": 0.3475235356734349,
  "train_acc": 0.9665379665379665,
  "val_loss": 0.35772073208069316,
  "val_acc": 0.9519725557461407,
  "timestamp": "2025-05-03T04:41:10.522701",
  "elapsed_time": 897.1725697517395
}