{
  "epoch": 1,
  "train_loss": 0.5214959106384179,
  "train_acc": 0.7803517803517803,
  "val_loss": 0.4775371995507454,
  "val_acc": 0.8276157804459692,
  "timestamp": "2025-05-03T04:28:04.935686",
  "elapsed_time": 111.58549737930298
}