{
  "epoch": 13,
  "train_loss": 0.3587134167169913,
  "train_acc": 0.9538824538824539,
  "val_loss": 0.37337387459618704,
  "val_acc": 0.9382504288164666,
  "timestamp": "2025-05-03T04:39:20.070421",
  "elapsed_time": 786.7141537666321
}