{
  "epoch": 6,
  "train_loss": 0.45876775017151467,
  "train_acc": 0.8455598455598455,
  "val_loss": 0.4808894316760861,
  "val_acc": 0.8250428816466552,
  "timestamp": "2025-05-03T04:32:48.614844",
  "elapsed_time": 395.257196187973
}