{
  "epoch": 16,
  "train_loss": 0.35025292757229926,
  "train_acc": 0.9631059631059631,
  "val_loss": 0.3591813937741883,
  "val_acc": 0.951114922813036,
  "timestamp": "2025-05-03T04:42:06.499603",
  "elapsed_time": 953.1436901092529
}