{
  "epoch": 2,
  "train_loss": 0.481487698891224,
  "train_acc": 0.8226083226083226,
  "val_loss": 0.443683176016321,
  "val_acc": 0.8619210977701544,
  "timestamp": "2025-05-03T04:29:01.442542",
  "elapsed_time": 168.0879828929901
}