{
  "train_loss": [
    0.5422384891754541,
    0.5214959106384179,
    0.481487698891224,
    0.4668794265160194,
    0.46254311906985746,
    0.45026620626449587,
    0.45876775017151467,
    0.4566915626709278,
    0.430353765304272,
    0.4192946861951779,
    0.39638761923863336,
    0.37164251559819933,
    0.36508956520985336,
    0.3587134167169913,
    0.3561852207550636,
    0.3475235356734349,
    0.35025292757229926,
    0.34577942475294454,
    0.345659471475161,
    0.34096035743371034
  ],
  "train_acc": [
    0.7533247533247533,
    0.7803517803517803,
    0.8226083226083226,
    0.8414843414843415,
    0.8436293436293436,
    0.8564993564993565,
    0.8455598455598455,
    0.8504933504933505,
    0.8764478764478765,
    0.8938223938223938,
    0.9159159159159159,
    0.9425139425139425,
    0.9502359502359502,
    0.9538824538824539,
    0.959030459030459,
    0.9665379665379665,
    0.9631059631059631,
    0.9686829686829687,
    0.9684684684684685,
    0.9738309738309738
  ],
  "val_loss": [
    0.5154369096366727,
    0.4775371995507454,
    0.443683176016321,
    0.49680753812497974,
    0.4333644594464983,
    0.45169942719595774,
    0.4808894316760861,
    0.4483905787370643,
    0.4334978698467722,
    0.43839635289445217,
    0.38824770037008793,
    0.37280717370461447,
    0.3732059567558522,
    0.37337387459618704,
    0.35945594736507963,
    0.35772073208069316,
    0.3591813937741883,
    0.34778614555086407,
    0.35224183664029957,
    0.350276811390507
  ],
  "val_acc": [
    0.7898799313893653,
    0.8276157804459692,
    0.8619210977701544,
    0.8104631217838765,
    0.8747855917667239,
    0.8499142367066895,
    0.8250428816466552,
    0.8610634648370498,
    0.8765008576329331,
    0.8730703259005146,
    0.9210977701543739,
    0.9391080617495712,
    0.9382504288164666,
    0.9382504288164666,
    0.9545454545454546,
    0.9519725557461407,
    0.951114922813036,
    0.9648370497427101,
    0.9605488850771869,
    0.9614065180102916
  ],
  "best_acc": 0.9648370497427101
}