{
  "epoch": 7,
  "train_loss": 0.3268284297906435,
  "train_acc": 0.9871299871299871,
  "val_loss": 0.3417922161063369,
  "val_acc": 0.9716981132075472,
  "timestamp": "2025-05-03T04:54:44.083061",
  "elapsed_time": 443.7780559062958
}