{
  "epoch": 19,
  "train_loss": 0.31529325797007635,
  "train_acc": 0.9980694980694981,
  "val_loss": 0.32619200981393154,
  "val_acc": 0.9862778730703259,
  "timestamp": "2025-05-03T05:05:56.019662",
  "elapsed_time": 1115.7176909446716
}