{
  "epoch": 9,
  "train_loss": 0.3245311825703352,
  "train_acc": 0.9897039897039897,
  "val_loss": 0.34220434208305517,
  "val_acc": 0.9699828473413379,
  "timestamp": "2025-05-03T04:56:35.612185",
  "elapsed_time": 555.3015699386597
}