{
  "epoch": 17,
  "train_loss": 0.3180914912468348,
  "train_acc": 0.9972114972114973,
  "val_loss": 0.3266859972963528,
  "val_acc": 0.9862778730703259,
  "timestamp": "2025-05-03T05:04:02.832302",
  "elapsed_time": 1002.5221209526062
}