{
  "epoch": 5,
  "train_loss": 0.3381921844604688,
  "train_acc": 0.9753324753324754,
  "val_loss": 0.3528849233169945,
  "val_acc": 0.9605488850771869,
  "timestamp": "2025-05-03T04:52:53.543336",
  "elapsed_time": 333.23638105392456
}