{
  "epoch": 4,
  "train_loss": 0.3373405227294335,
  "train_acc": 0.9772629772629773,
  "val_loss": 0.33929066876975855,
  "val_acc": 0.9725557461406518,
  "timestamp": "2025-05-03T04:51:57.618298",
  "elapsed_time": 277.31619572639465
}