{
  "epoch": 8,
  "train_loss": 0.33037093449861576,
  "train_acc": 0.9843414843414844,
  "val_loss": 0.3393847692985924,
  "val_acc": 0.9742710120068611,
  "timestamp": "2025-05-03T04:55:39.207389",
  "elapsed_time": 498.9074811935425
}