{
  "epoch": 14,
  "train_loss": 0.3171405737216656,
  "train_acc": 0.9963534963534963,
  "val_loss": 0.32477549630768443,
  "val_acc": 0.9897084048027445,
  "timestamp": "2025-05-03T05:01:13.993890",
  "elapsed_time": 833.6930677890778
}