{
  "epoch": 1,
  "train_loss": 0.3569505344598721,
  "train_acc": 0.9577434577434577,
  "val_loss": 0.34712845147872456,
  "val_acc": 0.9648370497427101,
  "timestamp": "2025-05-03T04:49:11.676892",
  "elapsed_time": 111.37724995613098
}