{
  "epoch": 3,
  "train_loss": 0.339239268272351,
  "train_acc": 0.9772629772629773,
  "val_loss": 0.3371620275536362,
  "val_acc": 0.9725557461406518,
  "timestamp": "2025-05-03T04:51:01.561206",
  "elapsed_time": 221.26070833206177
}