{
  "epoch": 18,
  "train_loss": 0.3153266810453855,
  "train_acc": 0.9982839982839983,
  "val_loss": 0.3245908453756449,
  "val_acc": 0.9888507718696398,
  "timestamp": "2025-05-03T05:04:59.089305",
  "elapsed_time": 1058.7862646579742
}