{
  "epoch": 2,
  "train_loss": 0.34604313052617586,
  "train_acc": 0.9688974688974689,
  "val_loss": 0.345033019172902,
  "val_acc": 0.9665523156089194,
  "timestamp": "2025-05-03T04:50:07.121337",
  "elapsed_time": 166.8259813785553
}