{
  "epoch": 16,
  "train_loss": 0.315570130562171,
  "train_acc": 0.9980694980694981,
  "val_loss": 0.32456644457213735,
  "val_acc": 0.9888507718696398,
  "timestamp": "2025-05-03T05:03:06.834596",
  "elapsed_time": 946.5405719280243
}