{
  "epoch": 12,
  "train_loss": 0.31702065345568536,
  "train_acc": 0.9963534963534963,
  "val_loss": 0.3265393388514616,
  "val_acc": 0.9862778730703259,
  "timestamp": "2025-05-03T04:59:22.206625",
  "elapsed_time": 721.9077916145325
}