{
  "epoch": 13,
  "train_loss": 0.31697211938026626,
  "train_acc": 0.9965679965679966,
  "val_loss": 0.3275315202012354,
  "val_acc": 0.9854202401372213,
  "timestamp": "2025-05-03T05:00:18.092264",
  "elapsed_time": 777.7937796115875
}