{
  "epoch": 0,
  "train_loss": 0.42097273041040467,
  "train_acc": 0.8968253968253969,
  "val_loss": 0.36766388282483936,
  "val_acc": 0.9451114922813036,
  "timestamp": "2025-05-03T04:48:16.586879",
  "elapsed_time": 56.28908038139343
}