{
  "epoch": 15,
  "train_loss": 0.3154689903442676,
  "train_acc": 0.9980694980694981,
  "val_loss": 0.32494135109745725,
  "val_acc": 0.9854202401372213,
  "timestamp": "2025-05-03T05:02:10.004606",
  "elapsed_time": 889.706107378006
}