{
  "epoch": 6,
  "train_loss": 0.33176538821978446,
  "train_acc": 0.9819819819819819,
  "val_loss": 0.33363151611114034,
  "val_acc": 0.9811320754716981,
  "timestamp": "2025-05-03T04:53:48.474511",
  "elapsed_time": 388.1693799495697
}