{
  "epoch": 11,
  "train_loss": 0.3189128230779599,
  "train_acc": 0.9948519948519948,
  "val_loss": 0.32916122553299887,
  "val_acc": 0.9828473413379074,
  "timestamp": "2025-05-03T04:58:27.390837",
  "elapsed_time": 667.0909624099731
}