{
  "epoch": 10,
  "train_loss": 0.32071067767265515,
  "train_acc": 0.9931359931359931,
  "val_loss": 0.3321697359182397,
  "val_acc": 0.9811320754716981,
  "timestamp": "2025-05-03T04:57:32.438253",
  "elapsed_time": 612.1352479457855
}