{
  "train_loss": [
    0.42097273041040467,
    0.3569505344598721,
    0.34604313052617586,
    0.339239268272351,
    0.3373405227294335,
    0.3381921844604688,
    0.33176538821978446,
    0.3268284297906435,
    0.33037093449861576,
    0.3245311825703352,
    0.32071067767265515,
    0.3189128230779599,
    0.31702065345568536,
    0.31697211938026626,
    0.3171405737216656,
    0.3154689903442676,
    0.315570130562171,
    0.3180914912468348,
    0.3153266810453855,
    0.31529325797007635
  ],
  "train_acc": [
    0.8968253968253969,
    0.9577434577434577,
    0.9688974688974689,
    0.9772629772629773,
    0.9772629772629773,
    0.9753324753324754,
    0.9819819819819819,
    0.9871299871299871,
    0.9843414843414844,
    0.9897039897039897,
    0.9931359931359931,
    0.9948519948519948,
    0.9963534963534963,
    0.9965679965679966,
    0.9963534963534963,
    0.9980694980694981,
    0.9980694980694981,
    0.9972114972114973,
    0.9982839982839983,
    0.9980694980694981
  ],
  "val_loss": [
    0.36766388282483936,
    0.34712845147872456,
    0.345033019172902,
    0.3371620275536362,
    0.33929066876975855,
    0.3528849233169945,
    0.33363151611114034,
    0.3417922161063369,
    0.3393847692985924,
    0.34220434208305517,
    0.3321697359182397,
    0.32916122553299887,
    0.3265393388514616,
    0.3275315202012354,
    0.32477549630768443,
    0.32494135109745725,
    0.32456644457213735,
    0.3266859972963528,
    0.3245908453756449,
    0.32619200981393154
  ],
  "val_acc": [
    0.9451114922813036,
    0.9648370497427101,
    0.9665523156089194,
    0.9725557461406518,
    0.9725557461406518,
    0.9605488850771869,
    0.9811320754716981,
    0.9716981132075472,
    0.9742710120068611,
    0.9699828473413379,
    0.9811320754716981,
    0.9828473413379074,
    0.9862778730703259,
    0.9854202401372213,
    0.9897084048027445,
    0.9854202401372213,
    0.9888507718696398,
    0.9862778730703259,
    0.9888507718696398,
    0.9862778730703259
  ],
  "best_acc": 0.9897084048027445
}