{
  "epoch": 19,
  "train_loss": 0.31592962573736144,
  "train_acc": 0.9978549978549979,
  "val_loss": 0.3278109613729983,
  "val_acc": 0.9845626072041166,
  "timestamp": "2025-05-03T06:27:57.014826",
  "elapsed_time": 965.0041930675507
}