{
  "epoch": 8,
  "train_loss": 0.3281920943504725,
  "train_acc": 0.9845559845559846,
  "val_loss": 0.3562013975211552,
  "val_acc": 0.9554030874785592,
  "timestamp": "2025-05-03T06:19:09.516927",
  "elapsed_time": 437.50914549827576
}