{
  "epoch": 15,
  "train_loss": 0.31739783332898064,
  "train_acc": 0.9965679965679966,
  "val_loss": 0.3289061206944135,
  "val_acc": 0.9828473413379074,
  "timestamp": "2025-05-03T06:24:46.344663",
  "elapsed_time": 774.3375294208527
}