{
  "epoch": 0,
  "train_loss": 0.4643587184257996,
  "train_acc": 0.8526383526383526,
  "val_loss": 0.3940322015966688,
  "val_acc": 0.9245283018867925,
  "timestamp": "2025-05-03T06:12:39.991129",
  "elapsed_time": 47.9822359085083
}