{
  "epoch": 16,
  "train_loss": 0.3161894527765421,
  "train_acc": 0.9976404976404977,
  "val_loss": 0.3273773302837294,
  "val_acc": 0.983704974271012,
  "timestamp": "2025-05-03T06:25:33.501555",
  "elapsed_time": 821.4931969642639
}