{
  "epoch": 5,
  "train_loss": 0.3316272547611823,
  "train_acc": 0.9828399828399829,
  "val_loss": 0.3686998687228378,
  "val_acc": 0.9433962264150944,
  "timestamp": "2025-05-03T06:16:43.730344",
  "elapsed_time": 291.71915578842163
}