{
  "epoch": 17,
  "train_loss": 0.3168517233469547,
  "train_acc": 0.9961389961389961,
  "val_loss": 0.32642025059583235,
  "val_acc": 0.9854202401372213,
  "timestamp": "2025-05-03T06:26:20.462290",
  "elapsed_time": 868.4536173343658
}