{
  "epoch": 9,
  "train_loss": 0.3263976161296551,
  "train_acc": 0.9871299871299871,
  "val_loss": 0.3427531475923499,
  "val_acc": 0.9708404802744426,
  "timestamp": "2025-05-03T06:19:57.347531",
  "elapsed_time": 485.3400683403015
}