{
  "epoch": 2,
  "train_loss": 0.3505744477113088,
  "train_acc": 0.9624624624624625,
  "val_loss": 0.36878848136687764,
  "val_acc": 0.9399656946826758,
  "timestamp": "2025-05-03T06:14:16.262124",
  "elapsed_time": 144.2542634010315
}