{
  "epoch": 14,
  "train_loss": 0.31693976521492007,
  "train_acc": 0.9974259974259975,
  "val_loss": 0.3275056341472937,
  "val_acc": 0.9862778730703259,
  "timestamp": "2025-05-03T06:23:59.051735",
  "elapsed_time": 727.041074514389
}