{
  "epoch": 10,
  "train_loss": 0.322212904997361,
  "train_acc": 0.9918489918489919,
  "val_loss": 0.3304672016172993,
  "val_acc": 0.983704974271012,
  "timestamp": "2025-05-03T06:20:45.912802",
  "elapsed_time": 533.9032521247864
}