{
  "epoch": 3,
  "train_loss": 0.34461116515673124,
  "train_acc": 0.9691119691119691,
  "val_loss": 0.3575150838920048,
  "val_acc": 0.9554030874785592,
  "timestamp": "2025-05-03T06:15:05.251039",
  "elapsed_time": 193.24458575248718
}