{
  "epoch": 11,
  "train_loss": 0.3191912203263014,
  "train_acc": 0.9944229944229944,
  "val_loss": 0.3312299713796499,
  "val_acc": 0.9811320754716981,
  "timestamp": "2025-05-03T06:21:35.312004",
  "elapsed_time": 583.3049783706665
}