{
  "epoch": 6,
  "train_loss": 0.327107920554968,
  "train_acc": 0.9862719862719863,
  "val_loss": 0.3578430335132443,
  "val_acc": 0.9571183533447685,
  "timestamp": "2025-05-03T06:17:32.862702",
  "elapsed_time": 340.85354232788086
}