{
  "epoch": 12,
  "train_loss": 0.31897763854418043,
  "train_acc": 0.993993993993994,
  "val_loss": 0.32757689028370135,
  "val_acc": 0.9845626072041166,
  "timestamp": "2025-05-03T06:22:23.233590",
  "elapsed_time": 631.2275581359863
}