{
  "epoch": 18,
  "train_loss": 0.3160462465041723,
  "train_acc": 0.9978549978549979,
  "val_loss": 0.3271193978737812,
  "val_acc": 0.9862778730703259,
  "timestamp": "2025-05-03T06:27:08.156705",
  "elapsed_time": 916.1411004066467
}