{
  "epoch": 1,
  "train_loss": 0.3675324750252259,
  "train_acc": 0.9459459459459459,
  "val_loss": 0.36325253455006346,
  "val_acc": 0.9485420240137221,
  "timestamp": "2025-05-03T06:13:28.191655",
  "elapsed_time": 96.1852777004242
}