{
  "epoch": 7,
  "train_loss": 0.32924095743741744,
  "train_acc": 0.9841269841269841,
  "val_loss": 0.3607556138719831,
  "val_acc": 0.9528301886792453,
  "timestamp": "2025-05-03T06:18:21.100618",
  "elapsed_time": 389.0912001132965
}