{
  "epoch": 4,
  "train_loss": 0.3386409181814927,
  "train_acc": 0.974903474903475,
  "val_loss": 0.3657086582816377,
  "val_acc": 0.9468267581475128,
  "timestamp": "2025-05-03T06:15:54.321722",
  "elapsed_time": 242.31490111351013
}