{
  "epoch": 13,
  "train_loss": 0.31731214294066795,
  "train_acc": 0.995924495924496,
  "val_loss": 0.32943841085142017,
  "val_acc": 0.9828473413379074,
  "timestamp": "2025-05-03T06:23:11.250039",
  "elapsed_time": 679.2422776222229
}