{
  "train_loss": [
    0.4643587184257996,
    0.3675324750252259,
    0.3505744477113088,
    0.34461116515673124,
    0.3386409181814927,
    0.3316272547611823,
    0.327107920554968,
    0.32924095743741744,
    0.3281920943504725,
    0.3263976161296551,
    0.322212904997361,
    0.3191912203263014,
    0.31897763854418043,
    0.31731214294066795,
    0.31693976521492007,
    0.31739783332898064,
    0.3161894527765421,
    0.3168517233469547,
    0.3160462465041723,
    0.31592962573736144
  ],
  "train_acc": [
    0.8526383526383526,
    0.9459459459459459,
    0.9624624624624625,
    0.9691119691119691,
    0.974903474903475,
    0.9828399828399829,
    0.9862719862719863,
    0.9841269841269841,
    0.9845559845559846,
    0.9871299871299871,
    0.9918489918489919,
    0.9944229944229944,
    0.993993993993994,
    0.995924495924496,
    0.9974259974259975,
    0.9965679965679966,
    0.9976404976404977,
    0.9961389961389961,
    0.9978549978549979,
    0.9978549978549979
  ],
  "val_loss": [
    0.3940322015966688,
    0.36325253455006346,
    0.36878848136687764,
    0.3575150838920048,
    0.3657086582816377,
    0.3686998687228378,
    0.3578430335132443,
    0.3607556138719831,
    0.3562013975211552,
    0.3427531475923499,
    0.3304672016172993,
    0.3312299713796499,
    0.32757689028370135,
    0.32943841085142017,
    0.3275056341472937,
    0.3289061206944135,
    0.3273773302837294,
    0.32642025059583235,
    0.3271193978737812,
    0.3278109613729983
  ],
  "val_acc": [
    0.9245283018867925,
    0.9485420240137221,
    0.9399656946826758,
    0.9554030874785592,
    0.9468267581475128,
    0.9433962264150944,
    0.9571183533447685,
    0.9528301886792453,
    0.9554030874785592,
    0.9708404802744426,
    0.983704974271012,
    0.9811320754716981,
    0.9845626072041166,
    0.9828473413379074,
    0.9862778730703259,
    0.9828473413379074,
    0.983704974271012,
    0.9854202401372213,
    0.9862778730703259,
    0.9845626072041166
  ],
  "best_acc": 0.9862778730703259
}