{
  "epoch": 19,
  "train_loss": 0.32871162524590125,
  "train_acc": 0.9847704847704848,
  "val_loss": 0.34534633524563846,
  "val_acc": 0.9648370497427101,
  "timestamp": "2025-05-03T09:29:52.758721",
  "elapsed_time": 1994.4073951244354
}