{
  "epoch": 9,
  "train_loss": 0.3580825611566886,
  "train_acc": 0.9523809523809523,
  "val_loss": 0.38233477059675725,
  "val_acc": 0.9279588336192109,
  "timestamp": "2025-05-03T09:13:05.807451",
  "elapsed_time": 987.4384872913361
}