{
  "epoch": 13,
  "train_loss": 0.3334203995191134,
  "train_acc": 0.98005148005148,
  "val_loss": 0.34841063497017843,
  "val_acc": 0.9631217838765008,
  "timestamp": "2025-05-03T09:19:47.884947",
  "elapsed_time": 1389.5349714756012
}