{
  "epoch": 4,
  "train_loss": 0.3800936683630332,
  "train_acc": 0.9287859287859288,
  "val_loss": 0.35617234147324855,
  "val_acc": 0.9545454545454546,
  "timestamp": "2025-05-03T09:04:45.735773",
  "elapsed_time": 487.3651304244995
}