{
  "epoch": 11,
  "train_loss": 0.33988236586252846,
  "train_acc": 0.9727584727584727,
  "val_loss": 0.35629808355350884,
  "val_acc": 0.9554030874785592,
  "timestamp": "2025-05-03T09:16:27.539627",
  "elapsed_time": 1189.192069530487
}