{
  "epoch": 17,
  "train_loss": 0.3279721215749398,
  "train_acc": 0.9854139854139854,
  "val_loss": 0.33989766726688464,
  "val_acc": 0.9708404802744426,
  "timestamp": "2025-05-03T09:26:30.503553",
  "elapsed_time": 1792.1507885456085
}