{
  "epoch": 5,
  "train_loss": 0.3663572479517032,
  "train_acc": 0.9453024453024453,
  "val_loss": 0.39513842609463906,
  "val_acc": 0.9133790737564322,
  "timestamp": "2025-05-03T09:06:27.318895",
  "elapsed_time": 588.9648458957672
}