{
  "epoch": 6,
  "train_loss": 0.3643356068012042,
  "train_acc": 0.9491634491634492,
  "val_loss": 0.37028039657339756,
  "val_acc": 0.9416809605488851,
  "timestamp": "2025-05-03T09:08:06.904494",
  "elapsed_time": 688.5495715141296
}