{
  "epoch": 1,
  "train_loss": 0.4438222619203421,
  "train_acc": 0.8659373659373659,
  "val_loss": 0.3993851931727662,
  "val_acc": 0.9133790737564322,
  "timestamp": "2025-05-03T08:59:53.595421",
  "elapsed_time": 195.2489013671875
}