{
  "epoch": 12,
  "train_loss": 0.3347827802865933,
  "train_acc": 0.9785499785499786,
  "val_loss": 0.34910228240246677,
  "val_acc": 0.9631217838765008,
  "timestamp": "2025-05-03T09:18:07.413299",
  "elapsed_time": 1289.063307762146
}