{
  "epoch": 2,
  "train_loss": 0.4153786254234803,
  "train_acc": 0.8944658944658944,
  "val_loss": 0.42919131018677537,
  "val_acc": 0.8833619210977701,
  "timestamp": "2025-05-03T09:01:30.939280",
  "elapsed_time": 292.5778112411499
}