{
  "epoch": 16,
  "train_loss": 0.32924776551051016,
  "train_acc": 0.9843414843414844,
  "val_loss": 0.34924277663230896,
  "val_acc": 0.9622641509433962,
  "timestamp": "2025-05-03T09:24:50.864086",
  "elapsed_time": 1692.485038280487
}