{
  "epoch": 0,
  "train_loss": 0.5240803853059426,
  "train_acc": 0.7782067782067782,
  "val_loss": 0.4291316398552486,
  "val_acc": 0.8807890222984562,
  "timestamp": "2025-05-03T08:58:16.125225",
  "elapsed_time": 97.73826503753662
}