{
  "epoch": 18,
  "train_loss": 0.3282741068265377,
  "train_acc": 0.9847704847704848,
  "val_loss": 0.34419320067580866,
  "val_acc": 0.9665523156089194,
  "timestamp": "2025-05-03T09:28:12.058293",
  "elapsed_time": 1893.684603214264
}