{
  "epoch": 7,
  "train_loss": 0.35487435093292824,
  "train_acc": 0.9562419562419563,
  "val_loss": 0.36427777883957846,
  "val_acc": 0.9476843910806175,
  "timestamp": "2025-05-03T09:09:46.547929",
  "elapsed_time": 788.1570308208466
}