{
  "epoch": 10,
  "train_loss": 0.34572066297897924,
  "train_acc": 0.9654654654654654,
  "val_loss": 0.3543930169270963,
  "val_acc": 0.9562607204116638,
  "timestamp": "2025-05-03T09:14:47.245584",
  "elapsed_time": 1088.8889210224152
}