{
  "epoch": 15,
  "train_loss": 0.3305546106436314,
  "train_acc": 0.9828399828399829,
  "val_loss": 0.34982407701258755,
  "val_acc": 0.9622641509433962,
  "timestamp": "2025-05-03T09:23:09.428895",
  "elapsed_time": 1591.0859200954437
}