{
  "epoch": 14,
  "train_loss": 0.33325113226205877,
  "train_acc": 0.9796224796224796,
  "val_loss": 0.3530322775548818,
  "val_acc": 0.9579759862778731,
  "timestamp": "2025-05-03T09:21:28.933030",
  "elapsed_time": 1490.5728504657745
}