{
  "epoch": 3,
  "train_loss": 0.3992947827547024,
  "train_acc": 0.9114114114114115,
  "val_loss": 0.4047012663617426,
  "val_acc": 0.9039451114922813,
  "timestamp": "2025-05-03T09:03:07.643613",
  "elapsed_time": 389.3037931919098
}