{
  "epoch": 8,
  "train_loss": 0.35142424809627043,
  "train_acc": 0.9611754611754612,
  "val_loss": 0.35898838906872027,
  "val_acc": 0.9519725557461407,
  "timestamp": "2025-05-03T09:11:26.433532",
  "elapsed_time": 888.098096370697
}