{
  "train_loss": [
    0.5240803853059426,
    0.4438222619203421,
    0.4153786254234803,
    0.3992947827547024,
    0.3800936683630332,
    0.3663572479517032,
    0.3643356068012042,
    0.35487435093292824,
    0.35142424809627043,
    0.3580825611566886,
    0.34572066297897924,
    0.33988236586252846,
    0.3347827802865933,
    0.3334203995191134,
    0.33325113226205877,
    0.3305546106436314,
    0.32924776551051016,
    0.3279721215749398,
    0.3282741068265377,
    0.32871162524590125
  ],
  "train_acc": [
    0.7782067782067782,
    0.8659373659373659,
    0.8944658944658944,
    0.9114114114114115,
    0.9287859287859288,
    0.9453024453024453,
    0.9491634491634492,
    0.9562419562419563,
    0.9611754611754612,
    0.9523809523809523,
    0.9654654654654654,
    0.9727584727584727,
    0.9785499785499786,
    0.98005148005148,
    0.9796224796224796,
    0.9828399828399829,
    0.9843414843414844,
    0.9854139854139854,
    0.9847704847704848,
    0.9847704847704848
  ],
  "val_loss": [
    0.4291316398552486,
    0.3993851931727662,
    0.42919131018677537,
    0.4047012663617426,
    0.35617234147324855,
    0.39513842609463906,
    0.37028039657339756,
    0.36427777883957846,
    0.35898838906872027,
    0.38233477059675725,
    0.3543930169270963,
    0.35629808355350884,
    0.34910228240246677,
    0.34841063497017843,
    0.3530322775548818,
    0.34982407701258755,
    0.34924277663230896,
    0.33989766726688464,
    0.34419320067580866,
    0.34534633524563846
  ],
  "val_acc": [
    0.8807890222984562,
    0.9133790737564322,
    0.8833619210977701,
    0.9039451114922813,
    0.9545454545454546,
    0.9133790737564322,
    0.9416809605488851,
    0.9476843910806175,
    0.9519725557461407,
    0.9279588336192109,
    0.9562607204116638,
    0.9554030874785592,
    0.9631217838765008,
    0.9631217838765008,
    0.9579759862778731,
    0.9622641509433962,
    0.9622641509433962,
    0.9708404802744426,
    0.9665523156089194,
    0.9648370497427101
  ],
  "best_acc": 0.9708404802744426
}