{
  "epoch": 8,
  "train_loss": 0.399469857949477,
  "train_acc": 0.9358644358644359,
  "val_loss": 0.39336821984271614,
  "val_acc": 0.9365351629502573,
  "timestamp": "2025-05-01T03:12:49.996783",
  "elapsed_time": 443.3083324432373
}