{
  "epoch": 10,
  "train_loss": 0.3790143515819158,
  "train_acc": 0.9551694551694552,
  "val_loss": 0.385619656163819,
  "val_acc": 0.9468267581475128,
  "timestamp": "2025-05-01T03:14:28.737184",
  "elapsed_time": 542.0197379589081
}