{
  "epoch": 13,
  "train_loss": 0.37786536461267717,
  "train_acc": 0.9558129558129558,
  "val_loss": 0.3803437777927944,
  "val_acc": 0.9502572898799314,
  "timestamp": "2025-05-01T03:16:56.493375",
  "elapsed_time": 689.8108837604523
}