{
  "epoch": 15,
  "train_loss": 0.37782344466600665,
  "train_acc": 0.9564564564564565,
  "val_loss": 0.37964758702686857,
  "val_acc": 0.9459691252144082,
  "timestamp": "2025-05-01T03:18:35.287968",
  "elapsed_time": 788.5869352817535
}