{
  "epoch": 18,
  "train_loss": 0.3728762998030736,
  "train_acc": 0.9598884598884599,
  "val_loss": 0.3769007483307196,
  "val_acc": 0.9468267581475128,
  "timestamp": "2025-05-01T03:21:02.789701",
  "elapsed_time": 936.0938487052917
}