{
  "epoch": 0,
  "train_loss": 0.6511995871861775,
  "train_acc": 0.682968682968683,
  "val_loss": 0.5982137687352239,
  "val_acc": 0.7873070325900514,
  "timestamp": "2025-05-01T03:06:15.947796",
  "elapsed_time": 49.26337742805481
}