{
  "epoch": 1,
  "train_loss": 0.5754658260406592,
  "train_acc": 0.7968682968682969,
  "val_loss": 0.5379794592760048,
  "val_acc": 0.839622641509434,
  "timestamp": "2025-05-01T03:07:05.171584",
  "elapsed_time": 98.47597050666809
}