{
  "epoch": 2,
  "train_loss": 0.5279319142683958,
  "train_acc": 0.8331188331188332,
  "val_loss": 0.4999144223271584,
  "val_acc": 0.8644939965694682,
  "timestamp": "2025-05-01T03:07:54.684191",
  "elapsed_time": 147.99066495895386
}