{
  "epoch": 19,
  "train_loss": 0.3747892653330778,
  "train_acc": 0.9616044616044616,
  "val_loss": 0.3768226066414191,
  "val_acc": 0.9485420240137221,
  "timestamp": "2025-05-01T03:21:52.155911",
  "elapsed_time": 985.4729845523834
}