{
  "epoch": 9,
  "train_loss": 0.38882521192232766,
  "train_acc": 0.9474474474474475,
  "val_loss": 0.38577914724544604,
  "val_acc": 0.9399656946826758,
  "timestamp": "2025-05-01T03:13:39.441073",
  "elapsed_time": 492.73479986190796
}