{
  "epoch": 3,
  "train_loss": 0.49573841645167427,
  "train_acc": 0.858000858000858,
  "val_loss": 0.472995073819647,
  "val_acc": 0.8782161234991424,
  "timestamp": "2025-05-01T03:08:43.863304",
  "elapsed_time": 197.1745891571045
}