{
  "epoch": 7,
  "train_loss": 0.41070587436358136,
  "train_acc": 0.9309309309309309,
  "val_loss": 0.4027387767421956,
  "val_acc": 0.9313893653516295,
  "timestamp": "2025-05-01T03:12:00.947927",
  "elapsed_time": 394.2463867664337
}