{
  "epoch": 14,
  "train_loss": 0.3754164260167342,
  "train_acc": 0.9577434577434577,
  "val_loss": 0.38397035002708435,
  "val_acc": 0.9382504288164666,
  "timestamp": "2025-05-01T03:17:46.096670",
  "elapsed_time": 739.3847506046295
}