{
  "epoch": 17,
  "train_loss": 0.3731254343803112,
  "train_acc": 0.9603174603174603,
  "val_loss": 0.3792734663097226,
  "val_acc": 0.9451114922813036,
  "timestamp": "2025-05-01T03:20:13.721179",
  "elapsed_time": 887.0264513492584
}