{
  "epoch": 11,
  "train_loss": 0.3785087055120713,
  "train_acc": 0.9547404547404548,
  "val_loss": 0.3872644986425127,
  "val_acc": 0.9391080617495712,
  "timestamp": "2025-05-01T03:15:17.675447",
  "elapsed_time": 590.991161108017
}