{
  "epoch": 16,
  "train_loss": 0.37693275106258883,
  "train_acc": 0.9551694551694552,
  "val_loss": 0.38063372154625097,
  "val_acc": 0.9468267581475128,
  "timestamp": "2025-05-01T03:19:24.600031",
  "elapsed_time": 837.8945806026459
}