{
  "epoch": 12,
  "train_loss": 0.3814457931579688,
  "train_acc": 0.9519519519519519,
  "val_loss": 0.3835347197493728,
  "val_acc": 0.9425385934819898,
  "timestamp": "2025-05-01T03:16:06.680533",
  "elapsed_time": 639.97642827034
}