{
  "epoch": 6,
  "train_loss": 0.4278972833584517,
  "train_acc": 0.9133419133419134,
  "val_loss": 0.41729513844665217,
  "val_acc": 0.9142367066895368,
  "timestamp": "2025-05-01T03:11:11.675508",
  "elapsed_time": 344.9862928390503
}