{
  "epoch": 4,
  "train_loss": 0.46978809176347197,
  "train_acc": 0.873015873015873,
  "val_loss": 0.450333939523113,
  "val_acc": 0.8945111492281304,
  "timestamp": "2025-05-01T03:09:33.139775",
  "elapsed_time": 246.44575214385986
}