{
  "epoch": 5,
  "train_loss": 0.44376050585355514,
  "train_acc": 0.9006864006864007,
  "val_loss": 0.4295871123975637,
  "val_acc": 0.9133790737564322,
  "timestamp": "2025-05-01T03:10:22.446456",
  "elapsed_time": 295.7464542388916
}