{
  "train_loss": [
    0.6511995871861775,
    0.5754658260406592,
    0.5279319142683958,
    0.49573841645167427,
    0.46978809176347197,
    0.44376050585355514,
    0.4278972833584517,
    0.41070587436358136,
    0.399469857949477,
    0.38882521192232766,
    0.3790143515819158,
    0.3785087055120713,
    0.3814457931579688,
    0.37786536461267717,
    0.3754164260167342,
    0.37782344466600665,
    0.37693275106258883,
    0.3731254343803112,
    0.3728762998030736,
    0.3747892653330778
  ],
  "train_acc": [
    0.682968682968683,
    0.7968682968682969,
    0.8331188331188332,
    0.858000858000858,
    0.873015873015873,
    0.9006864006864007,
    0.9133419133419134,
    0.9309309309309309,
    0.9358644358644359,
    0.9474474474474475,
    0.9551694551694552,
    0.9547404547404548,
    0.9519519519519519,
    0.9558129558129558,
    0.9577434577434577,
    0.9564564564564565,
    0.9551694551694552,
    0.9603174603174603,
    0.9598884598884599,
    0.9616044616044616
  ],
  "val_loss": [
    0.5982137687352239,
    0.5379794592760048,
    0.4999144223271584,
    0.472995073819647,
    0.450333939523113,
    0.4295871123975637,
    0.41729513844665217,
    0.4027387767421956,
    0.39336821984271614,
    0.38577914724544604,
    0.385619656163819,
    0.3872644986425127,
    0.3835347197493728,
    0.3803437777927944,
    0.38397035002708435,
    0.37964758702686857,
    0.38063372154625097,
    0.3792734663097226,
    0.3769007483307196,
    0.3768226066414191
  ],
  "val_acc": [
    0.7873070325900514,
    0.839622641509434,
    0.8644939965694682,
    0.8782161234991424,
    0.8945111492281304,
    0.9133790737564322,
    0.9142367066895368,
    0.9313893653516295,
    0.9365351629502573,
    0.9399656946826758,
    0.9468267581475128,
    0.9391080617495712,
    0.9425385934819898,
    0.9502572898799314,
    0.9382504288164666,
    0.9459691252144082,
    0.9468267581475128,
    0.9451114922813036,
    0.9468267581475128,
    0.9485420240137221
  ],
  "best_acc": 0.9502572898799314
}