{
  "epoch": 7,
  "train_loss": 0.3299759351290189,
  "train_acc": 0.9832689832689833,
  "val_loss": 0.3349366352266195,
  "val_acc": 0.9759862778730704,
  "timestamp": "2025-05-01T07:22:33.958519",
  "elapsed_time": 453.43185091018677
}