{
  "epoch": 10,
  "train_loss": 0.32288426130245895,
  "train_acc": 0.9912054912054912,
  "val_loss": 0.32618180586367235,
  "val_acc": 0.9862778730703259,
  "timestamp": "2025-05-01T07:25:23.167100",
  "elapsed_time": 622.643257856369
}