{
  "epoch": 8,
  "train_loss": 0.3303250505374028,
  "train_acc": 0.9828399828399829,
  "val_loss": 0.3352238602784215,
  "val_acc": 0.9777015437392796,
  "timestamp": "2025-05-01T07:23:30.638795",
  "elapsed_time": 510.1007318496704
}