{
  "epoch": 16,
  "train_loss": 0.31987666671092696,
  "train_acc": 0.9935649935649936,
  "val_loss": 0.32414648727494844,
  "val_acc": 0.9879931389365352,
  "timestamp": "2025-05-01T07:31:02.483098",
  "elapsed_time": 961.951982498169
}