{
  "epoch": 14,
  "train_loss": 0.31999035064990705,
  "train_acc": 0.9942084942084942,
  "val_loss": 0.32693844668719235,
  "val_acc": 0.983704974271012,
  "timestamp": "2025-05-01T07:29:10.720776",
  "elapsed_time": 850.1875493526459
}