{
  "epoch": 4,
  "train_loss": 0.34028627872467043,
  "train_acc": 0.9723294723294723,
  "val_loss": 0.3406123099278431,
  "val_acc": 0.9725557461406518,
  "timestamp": "2025-05-01T07:19:44.675681",
  "elapsed_time": 284.14929246902466
}