{
  "epoch": 3,
  "train_loss": 0.34646390538949234,
  "train_acc": 0.9688974688974689,
  "val_loss": 0.34175136928655664,
  "val_acc": 0.9699828473413379,
  "timestamp": "2025-05-01T07:18:47.889460",
  "elapsed_time": 227.36276173591614
}