{
  "epoch": 1,
  "train_loss": 0.3654607566503378,
  "train_acc": 0.95002145002145,
  "val_loss": 0.35878344153871344,
  "val_acc": 0.9545454545454546,
  "timestamp": "2025-05-01T07:16:54.636216",
  "elapsed_time": 114.11025071144104
}