{
  "epoch": 9,
  "train_loss": 0.327696391252371,
  "train_acc": 0.9862719862719863,
  "val_loss": 0.32999718128418437,
  "val_acc": 0.9828473413379074,
  "timestamp": "2025-05-01T07:24:26.797566",
  "elapsed_time": 566.2689156532288
}