{
  "epoch": 11,
  "train_loss": 0.32328364360026823,
  "train_acc": 0.9903474903474904,
  "val_loss": 0.3255392014980316,
  "val_acc": 0.9862778730703259,
  "timestamp": "2025-05-01T07:26:21.071325",
  "elapsed_time": 680.5416371822357
}