{
  "epoch": 18,
  "train_loss": 0.31741224787174127,
  "train_acc": 0.9967824967824968,
  "val_loss": 0.32434290525864584,
  "val_acc": 0.9897084048027445,
  "timestamp": "2025-05-01T07:32:56.651231",
  "elapsed_time": 1076.1226704120636
}