{
  "epoch": 12,
  "train_loss": 0.322293139115358,
  "train_acc": 0.9916344916344917,
  "val_loss": 0.3272590637207031,
  "val_acc": 0.9845626072041166,
  "timestamp": "2025-05-01T07:27:18.097470",
  "elapsed_time": 737.5663781166077
}