{
  "epoch": 17,
  "train_loss": 0.31945703335297415,
  "train_acc": 0.9944229944229944,
  "val_loss": 0.32628606655159775,
  "val_acc": 0.9862778730703259,
  "timestamp": "2025-05-01T07:32:00.044228",
  "elapsed_time": 1019.5021991729736
}