{
  "epoch": 0,
  "train_loss": 0.46480650137632323,
  "train_acc": 0.8511368511368511,
  "val_loss": 0.38378140147851436,
  "val_acc": 0.9305317324185248,
  "timestamp": "2025-05-01T07:15:57.809365",
  "elapsed_time": 57.279882192611694
}