{
  "epoch": 19,
  "train_loss": 0.31902836240254917,
  "train_acc": 0.9948519948519948,
  "val_loss": 0.32306485516684397,
  "val_acc": 0.9905660377358491,
  "timestamp": "2025-05-01T07:33:54.159289",
  "elapsed_time": 1133.634586572647
}