{
  "epoch": 5,
  "train_loss": 0.3370317919132037,
  "train_acc": 0.975975975975976,
  "val_loss": 0.34139392753036657,
  "val_acc": 0.9734133790737565,
  "timestamp": "2025-05-01T07:20:41.236952",
  "elapsed_time": 340.71310019493103
}