{
  "epoch": 13,
  "train_loss": 0.32189830847275563,
  "train_acc": 0.9914199914199914,
  "val_loss": 0.32586341974686606,
  "val_acc": 0.9871355060034306,
  "timestamp": "2025-05-01T07:28:14.663930",
  "elapsed_time": 794.1376116275787
}