{
  "epoch": 15,
  "train_loss": 0.3200163378165318,
  "train_acc": 0.9935649935649936,
  "val_loss": 0.32539164107673024,
  "val_acc": 0.9854202401372213,
  "timestamp": "2025-05-01T07:30:07.524120",
  "elapsed_time": 907.0000805854797
}