{
  "epoch": 6,
  "train_loss": 0.33376138867476046,
  "train_acc": 0.9796224796224796,
  "val_loss": 0.33315462421397773,
  "val_acc": 0.9811320754716981,
  "timestamp": "2025-05-01T07:21:37.999466",
  "elapsed_time": 397.4723207950592
}