{
  "epoch": 2,
  "train_loss": 0.34870970982771654,
  "train_acc": 0.9654654654654654,
  "val_loss": 0.34238418085234507,
  "val_acc": 0.9708404802744426,
  "timestamp": "2025-05-01T07:17:50.964922",
  "elapsed_time": 170.43719577789307
}