{
  "train_loss": [
    0.46480650137632323,
    0.3654607566503378,
    0.34870970982771654,
    0.34646390538949234,
    0.34028627872467043,
    0.3370317919132037,
    0.33376138867476046,
    0.3299759351290189,
    0.3303250505374028,
    0.327696391252371,
    0.32288426130245895,
    0.32328364360026823,
    0.322293139115358,
    0.32189830847275563,
    0.31999035064990705,
    0.3200163378165318,
    0.31987666671092696,
    0.31945703335297415,
    0.31741224787174127,
    0.31902836240254917
  ],
  "train_acc": [
    0.8511368511368511,
    0.95002145002145,
    0.9654654654654654,
    0.9688974688974689,
    0.9723294723294723,
    0.975975975975976,
    0.9796224796224796,
    0.9832689832689833,
    0.9828399828399829,
    0.9862719862719863,
    0.9912054912054912,
    0.9903474903474904,
    0.9916344916344917,
    0.9914199914199914,
    0.9942084942084942,
    0.9935649935649936,
    0.9935649935649936,
    0.9944229944229944,
    0.9967824967824968,
    0.9948519948519948
  ],
  "val_loss": [
    0.38378140147851436,
    0.35878344153871344,
    0.34238418085234507,
    0.34175136928655664,
    0.3406123099278431,
    0.34139392753036657,
    0.33315462421397773,
    0.3349366352266195,
    0.3352238602784215,
    0.32999718128418437,
    0.32618180586367235,
    0.3255392014980316,
    0.3272590637207031,
    0.32586341974686606,
    0.32693844668719235,
    0.32539164107673024,
    0.32414648727494844,
    0.32628606655159775,
    0.32434290525864584,
    0.32306485516684397
  ],
  "val_acc": [
    0.9305317324185248,
    0.9545454545454546,
    0.9708404802744426,
    0.9699828473413379,
    0.9725557461406518,
    0.9734133790737565,
    0.9811320754716981,
    0.9759862778730704,
    0.9777015437392796,
    0.9828473413379074,
    0.9862778730703259,
    0.9862778730703259,
    0.9845626072041166,
    0.9871355060034306,
    0.983704974271012,
    0.9854202401372213,
    0.9879931389365352,
    0.9862778730703259,
    0.9897084048027445,
    0.9905660377358491
  ],
  "best_acc": 0.9905660377358491
}