{
  "epoch": 0,
  "train_loss": 0.5116907489605439,
  "train_acc": 0.8191763191763192,
  "val_loss": 0.417018641622699,
  "val_acc": 0.9150943396226415,
  "timestamp": "2025-05-01T11:53:16.255150",
  "elapsed_time": 59.83309817314148
}