{
  "epoch": 10,
  "train_loss": 0.31828320439045243,
  "train_acc": 0.9972114972114973,
  "val_loss": 0.3293592741294783,
  "val_acc": 0.983704974271012,
  "timestamp": "2025-05-01T12:03:35.885320",
  "elapsed_time": 679.4645550251007
}