{
  "epoch": 8,
  "train_loss": 0.3193019243387076,
  "train_acc": 0.9974259974259975,
  "val_loss": 0.3304571107942231,
  "val_acc": 0.9819897084048027,
  "timestamp": "2025-05-01T12:01:35.933476",
  "elapsed_time": 559.509090423584
}