{
  "epoch": 17,
  "train_loss": 0.31670012290661154,
  "train_acc": 0.9980694980694981,
  "val_loss": 0.3259194614935894,
  "val_acc": 0.983704974271012,
  "timestamp": "2025-05-01T12:10:34.625109",
  "elapsed_time": 1098.2025570869446
}