{
  "epoch": 19,
  "train_loss": 0.3159342359273862,
  "train_acc": 0.9989274989274989,
  "val_loss": 0.33050829841166124,
  "val_acc": 0.9802744425385935,
  "timestamp": "2025-05-01T12:12:39.493181",
  "elapsed_time": 1223.071570634842
}