{
  "epoch": 13,
  "train_loss": 0.31618833236205274,
  "train_acc": 0.9987129987129987,
  "val_loss": 0.3278373929919029,
  "val_acc": 0.9845626072041166,
  "timestamp": "2025-05-01T12:06:35.081632",
  "elapsed_time": 858.6619055271149
}