{
  "epoch": 6,
  "train_loss": 0.32345207562813394,
  "train_acc": 0.993993993993994,
  "val_loss": 0.32995171145517,
  "val_acc": 0.9828473413379074,
  "timestamp": "2025-05-01T11:59:28.147037",
  "elapsed_time": 431.72446060180664
}