{
  "epoch": 2,
  "train_loss": 0.3581170257849571,
  "train_acc": 0.968039468039468,
  "val_loss": 0.34848027265801723,
  "val_acc": 0.9716981132075472,
  "timestamp": "2025-05-01T11:55:17.554717",
  "elapsed_time": 181.13612127304077
}