{
  "epoch": 16,
  "train_loss": 0.31658556553033684,
  "train_acc": 0.9989274989274989,
  "val_loss": 0.32697559619436456,
  "val_acc": 0.9871355060034306,
  "timestamp": "2025-05-01T12:09:35.452694",
  "elapsed_time": 1039.0316891670227
}