{
  "epoch": 14,
  "train_loss": 0.3168488623240055,
  "train_acc": 0.9980694980694981,
  "val_loss": 0.32763223927848195,
  "val_acc": 0.9854202401372213,
  "timestamp": "2025-05-01T12:07:34.739917",
  "elapsed_time": 918.317538022995
}