{
  "epoch": 3,
  "train_loss": 0.3414175197100028,
  "train_acc": 0.9787644787644788,
  "val_loss": 0.34210761225953396,
  "val_acc": 0.9716981132075472,
  "timestamp": "2025-05-01T11:56:18.741822",
  "elapsed_time": 242.3205907344818
}