{
  "epoch": 11,
  "train_loss": 0.317276861728766,
  "train_acc": 0.9980694980694981,
  "val_loss": 0.33073512692840734,
  "val_acc": 0.9802744425385935,
  "timestamp": "2025-05-01T12:04:35.778149",
  "elapsed_time": 739.343768119812
}