{
  "epoch": 4,
  "train_loss": 0.33397005337935226,
  "train_acc": 0.9847704847704848,
  "val_loss": 0.33276911779325835,
  "val_acc": 0.9828473413379074,
  "timestamp": "2025-05-01T11:57:19.627770",
  "elapsed_time": 303.20331859588623
}