{
  "epoch": 1,
  "train_loss": 0.3946902886415139,
  "train_acc": 0.935006435006435,
  "val_loss": 0.3658435125740207,
  "val_acc": 0.9562607204116638,
  "timestamp": "2025-05-01T11:54:17.859086",
  "elapsed_time": 121.43683052062988
}