{
  "epoch": 15,
  "train_loss": 0.31644347600447825,
  "train_acc": 0.9980694980694981,
  "val_loss": 0.3267799342165188,
  "val_acc": 0.9871355060034306,
  "timestamp": "2025-05-01T12:08:35.652712",
  "elapsed_time": 979.2355480194092
}