{
  "epoch": 7,
  "train_loss": 0.3213424995923654,
  "train_acc": 0.9954954954954955,
  "val_loss": 0.33107426823401936,
  "val_acc": 0.9819897084048027,
  "timestamp": "2025-05-01T12:00:36.065620",
  "elapsed_time": 499.6358525753021
}