{
  "epoch": 18,
  "train_loss": 0.31635266588284416,
  "train_acc": 0.9984984984984985,
  "val_loss": 0.32904886895296526,
  "val_acc": 0.9811320754716981,
  "timestamp": "2025-05-01T12:11:35.830686",
  "elapsed_time": 1159.400084733963
}