{
  "epoch": 5,
  "train_loss": 0.3269844671090444,
  "train_acc": 0.9901329901329902,
  "val_loss": 0.3337592926560616,
  "val_acc": 0.9819897084048027,
  "timestamp": "2025-05-01T11:58:23.332930",
  "elapsed_time": 366.9017126560211
}