{
  "epoch": 9,
  "train_loss": 0.32059262700569935,
  "train_acc": 0.9946374946374946,
  "val_loss": 0.33181882330349516,
  "val_acc": 0.9819897084048027,
  "timestamp": "2025-05-01T12:02:35.442582",
  "elapsed_time": 619.0145883560181
}