{
  "epoch": 12,
  "train_loss": 0.31738208822714975,
  "train_acc": 0.9976404976404977,
  "val_loss": 0.32812981277096026,
  "val_acc": 0.9854202401372213,
  "timestamp": "2025-05-01T12:05:35.170777",
  "elapsed_time": 798.7462584972382
}