{
  "train_loss": [
    0.5116907489605439,
    0.3946902886415139,
    0.3581170257849571,
    0.3414175197100028,
    0.33397005337935226,
    0.3269844671090444,
    0.32345207562813394,
    0.3213424995923654,
    0.3193019243387076,
    0.32059262700569935,
    0.31828320439045243,
    0.317276861728766,
    0.31738208822714975,
    0.31618833236205274,
    0.3168488623240055,
    0.31644347600447825,
    0.31658556553033684,
    0.31670012290661154,
    0.31635266588284416,
    0.3159342359273862
  ],
  "train_acc": [
    0.8191763191763192,
    0.935006435006435,
    0.968039468039468,
    0.9787644787644788,
    0.9847704847704848,
    0.9901329901329902,
    0.993993993993994,
    0.9954954954954955,
    0.9974259974259975,
    0.9946374946374946,
    0.9972114972114973,
    0.9980694980694981,
    0.9976404976404977,
    0.9987129987129987,
    0.9980694980694981,
    0.9980694980694981,
    0.9989274989274989,
    0.9980694980694981,
    0.9984984984984985,
    0.9989274989274989
  ],
  "val_loss": [
    0.417018641622699,
    0.3658435125740207,
    0.34848027265801723,
    0.34210761225953396,
    0.33276911779325835,
    0.3337592926560616,
    0.32995171145517,
    0.33107426823401936,
    0.3304571107942231,
    0.33181882330349516,
    0.3293592741294783,
    0.33073512692840734,
    0.32812981277096026,
    0.3278373929919029,
    0.32763223927848195,
    0.3267799342165188,
    0.32697559619436456,
    0.3259194614935894,
    0.32904886895296526,
    0.33050829841166124
  ],
  "val_acc": [
    0.9150943396226415,
    0.9562607204116638,
    0.9716981132075472,
    0.9716981132075472,
    0.9828473413379074,
    0.9819897084048027,
    0.9828473413379074,
    0.9819897084048027,
    0.9819897084048027,
    0.9819897084048027,
    0.983704974271012,
    0.9802744425385935,
    0.9854202401372213,
    0.9845626072041166,
    0.9854202401372213,
    0.9871355060034306,
    0.9871355060034306,
    0.983704974271012,
    0.9811320754716981,
    0.9802744425385935
  ],
  "best_acc": 0.9871355060034306
}