{
  "epoch": 9,
  "train_loss": 0.6936501276798738,
  "train_acc": 0.5066495066495067,
  "val_loss": 0.693126244204385,
  "val_acc": 0.5042881646655232,
  "timestamp": "2025-05-03T13:03:38.114192",
  "elapsed_time": 1028.0123591423035
}