{
  "epoch": 18,
  "train_loss": 0.043326550874954614,
  "train_acc": 0.5017160017160017,
  "val_loss": 0.04332647039269914,
  "val_acc": 0.4957118353344768,
  "timestamp": "2025-05-03T13:19:01.771806",
  "elapsed_time": 1937.6606554985046
}