{
  "epoch": 15,
  "train_loss": 0.04333731629527532,
  "train_acc": 0.4952809952809953,
  "val_loss": 0.043327525942301263,
  "val_acc": 0.4957118353344768,
  "timestamp": "2025-05-03T13:13:58.821721",
  "elapsed_time": 1634.6802213191986
}