{
  "epoch": 19,
  "train_loss": 0.04332320443712748,
  "train_acc": 0.5062205062205062,
  "val_loss": 0.043324321812512924,
  "val_acc": 0.4957118353344768,
  "timestamp": "2025-05-03T13:20:43.384044",
  "elapsed_time": 2039.2635304927826
}