{
  "epoch": 14,
  "train_loss": 0.6932341997440045,
  "train_acc": 0.4957099957099957,
  "val_loss": 0.6931523607701672,
  "val_acc": 0.4957118353344768,
  "timestamp": "2025-05-03T13:12:04.511380",
  "elapsed_time": 1534.3929631710052
}