{
  "epoch": 12,
  "train_loss": 0.6932459874030871,
  "train_acc": 0.4980694980694981,
  "val_loss": 0.6931559224517978,
  "val_acc": 0.4957118353344768,
  "timestamp": "2025-05-03T13:08:42.978484",
  "elapsed_time": 1332.8763711452484
}