{
  "epoch": 7,
  "train_loss": 0.6941930125921201,
  "train_acc": 0.48326898326898327,
  "val_loss": 0.6931571741493381,
  "val_acc": 0.4957118353344768,
  "timestamp": "2025-05-03T13:00:13.631486",
  "elapsed_time": 823.5127558708191
}