{
  "epoch": 4,
  "train_loss": 0.6940720548996558,
  "train_acc": 0.4980694980694981,
  "val_loss": 0.6934464099455853,
  "val_acc": 0.4957118353344768,
  "timestamp": "2025-05-03T12:55:05.505522",
  "elapsed_time": 515.4041934013367
}