{
  "epoch": 17,
  "train_loss": 0.04333424726739908,
  "train_acc": 0.4954954954954955,
  "val_loss": 0.04332636357570181,
  "val_acc": 0.4957118353344768,
  "timestamp": "2025-05-03T13:17:22.437946",
  "elapsed_time": 1838.294472694397
}