{
  "epoch": 5,
  "train_loss": 0.6933000833560259,
  "train_acc": 0.5066495066495067,
  "val_loss": 0.6933398915796863,
  "val_acc": 0.4957118353344768,
  "timestamp": "2025-05-03T12:56:48.948515",
  "elapsed_time": 618.894287109375
}