{
  "epoch": 2,
  "train_loss": 0.6940105129510928,
  "train_acc": 0.5002145002145002,
  "val_loss": 0.6946504663447944,
  "val_acc": 0.4957118353344768,
  "timestamp": "2025-05-03T12:51:38.321665",
  "elapsed_time": 308.2639629840851
}