{
  "epoch": 8,
  "train_loss": 0.6935724237026313,
  "train_acc": 0.5004290004290004,
  "val_loss": 0.6931265312798169,
  "val_acc": 0.5042881646655232,
  "timestamp": "2025-05-03T13:01:56.101883",
  "elapsed_time": 926.0050113201141
}