{
  "epoch": 10,
  "train_loss": 0.6932839506711715,
  "train_acc": 0.48584298584298585,
  "val_loss": 0.693165369179784,
  "val_acc": 0.4957118353344768,
  "timestamp": "2025-05-03T13:05:18.299278",
  "elapsed_time": 1128.2164072990417
}