{
  "epoch": 0,
  "train_loss": 0.7049055377642314,
  "train_acc": 0.503003003003003,
  "val_loss": 0.6959068495400098,
  "val_acc": 0.4957118353344768,
  "timestamp": "2025-05-03T12:48:12.332937",
  "elapsed_time": 102.26394391059875
}