{
  "epoch": 13,
  "train_loss": 0.6931321406975771,
  "train_acc": 0.5008580008580008,
  "val_loss": 0.6931701156557822,
  "val_acc": 0.4957118353344768,
  "timestamp": "2025-05-03T13:10:24.339334",
  "elapsed_time": 1434.228316783905
}