{
  "epoch": 3,
  "train_loss": 0.6947203458883824,
  "train_acc": 0.49356499356499356,
  "val_loss": 0.6931768826075962,
  "val_acc": 0.5042881646655232,
  "timestamp": "2025-05-03T12:53:22.041644",
  "elapsed_time": 412.0006055831909
}