{
  "epoch": 11,
  "train_loss": 0.6931679881536044,
  "train_acc": 0.5053625053625054,
  "val_loss": 0.6932073697751883,
  "val_acc": 0.4957118353344768,
  "timestamp": "2025-05-03T13:07:00.873789",
  "elapsed_time": 1230.8194947242737
}