{
  "epoch": 6,
  "train_loss": 0.6943107158709795,
  "train_acc": 0.49206349206349204,
  "val_loss": 0.6933515947692248,
  "val_acc": 0.5042881646655232,
  "timestamp": "2025-05-03T12:58:31.401518",
  "elapsed_time": 721.3038442134857
}