{
  "epoch": 16,
  "train_loss": 0.04334078555305799,
  "train_acc": 0.49377949377949376,
  "val_loss": 0.04332681486801225,
  "val_acc": 0.4957118353344768,
  "timestamp": "2025-05-03T13:15:41.215981",
  "elapsed_time": 1737.1189115047455
}