{
  "epoch": 1,
  "train_loss": 0.695027756690979,
  "train_acc": 0.4821964821964822,
  "val_loss": 0.6936006837961625,
  "val_acc": 0.4957118353344768,
  "timestamp": "2025-05-03T12:49:55.515272",
  "elapsed_time": 205.4218409061432
}