{
  "train_loss": [
    0.7049055377642314,
    0.695027756690979,
    0.6940105129510928,
    0.6947203458883824,
    0.6940720548996558,
    0.6933000833560259,
    0.6943107158709795,
    0.6941930125921201,
    0.6935724237026313,
    0.6936501276798738,
    0.6932839506711715,
    0.6931679881536044,
    0.6932459874030871,
    0.6931321406975771,
    0.6932341997440045,
    0.04333731629527532,
    0.04334078555305799,
    0.04333424726739908,
    0.043326550874954614,
    0.04332320443712748
  ],
  "train_acc": [
    0.503003003003003,
    0.4821964821964822,
    0.5002145002145002,
    0.49356499356499356,
    0.4980694980694981,
    0.5066495066495067,
    0.49206349206349204,
    0.48326898326898327,
    0.5004290004290004,
    0.5066495066495067,
    0.48584298584298585,
    0.5053625053625054,
    0.4980694980694981,
    0.5008580008580008,
    0.4957099957099957,
    0.4952809952809953,
    0.49377949377949376,
    0.4954954954954955,
    0.5017160017160017,
    0.5062205062205062
  ],
  "val_loss": [
    0.6959068495400098,
    0.6936006837961625,
    0.6946504663447944,
    0.6931768826075962,
    0.6934464099455853,
    0.6933398915796863,
    0.6933515947692248,
    0.6931571741493381,
    0.6931265312798169,
    0.693126244204385,
    0.693165369179784,
    0.6932073697751883,
    0.6931559224517978,
    0.6931701156557822,
    0.6931523607701672,
    0.043327525942301263,
    0.04332681486801225,
    0.04332636357570181,
    0.04332647039269914,
    0.043324321812512924
  ],
  "val_acc": [
    0.4957118353344768,
    0.4957118353344768,
    0.4957118353344768,
    0.5042881646655232,
    0.4957118353344768,
    0.4957118353344768,
    0.5042881646655232,
    0.4957118353344768,
    0.5042881646655232,
    0.5042881646655232,
    0.4957118353344768,
    0.4957118353344768,
    0.4957118353344768,
    0.4957118353344768,
    0.4957118353344768,
    0.4957118353344768,
    0.4957118353344768,
    0.4957118353344768,
    0.4957118353344768,
    0.4957118353344768
  ],
  "best_acc": 0.5042881646655232
}