{
  "epoch": 12,
  "train_loss": 0.3530440813455826,
  "train_acc": 0.963963963963964,
  "val_loss": 0.366875733039817,
  "val_acc": 0.9442538593481989,
  "timestamp": "2025-05-01T01:10:26.550146",
  "elapsed_time": 671.9133775234222
}