{
  "epoch": 3,
  "train_loss": 0.49249625511658496,
  "train_acc": 0.8157443157443157,
  "val_loss": 0.4845952209161252,
  "val_acc": 0.8267581475128645,
  "timestamp": "2025-05-01T01:02:40.637131",
  "elapsed_time": 206.01203274726868
}