{
  "epoch": 16,
  "train_loss": 0.33727588668847697,
  "train_acc": 0.9766194766194766,
  "val_loss": 0.35827854701450895,
  "val_acc": 0.9545454545454546,
  "timestamp": "2025-05-01T01:13:53.687756",
  "elapsed_time": 879.0643057823181
}