{
  "epoch": 1,
  "train_loss": 0.5440848501829001,
  "train_acc": 0.7619047619047619,
  "val_loss": 0.5235480252577334,
  "val_acc": 0.7890222984562607,
  "timestamp": "2025-05-01T01:00:57.723430",
  "elapsed_time": 103.09372925758362
}