{
  "epoch": 15,
  "train_loss": 0.3344562175946358,
  "train_acc": 0.9813384813384813,
  "val_loss": 0.3529552014506593,
  "val_acc": 0.9622641509433962,
  "timestamp": "2025-05-01T01:13:01.763723",
  "elapsed_time": 827.1294445991516
}