{
  "epoch": 6,
  "train_loss": 0.4693559200335772,
  "train_acc": 0.8361218361218361,
  "val_loss": 0.5188165325291303,
  "val_acc": 0.7847341337907375,
  "timestamp": "2025-05-01T01:05:15.851521",
  "elapsed_time": 361.22936940193176
}