{
  "epoch": 14,
  "train_loss": 0.3404664449202709,
  "train_acc": 0.9738309738309738,
  "val_loss": 0.35424733830957994,
  "val_acc": 0.9579759862778731,
  "timestamp": "2025-05-01T01:12:09.863739",
  "elapsed_time": 775.2396516799927
}