{
  "epoch": 2,
  "train_loss": 0.49885441951262643,
  "train_acc": 0.8095238095238095,
  "val_loss": 0.49270777252255654,
  "val_acc": 0.8130360205831904,
  "timestamp": "2025-05-01T01:01:49.323861",
  "elapsed_time": 154.69804906845093
}