{
  "epoch": 7,
  "train_loss": 0.4377062210669884,
  "train_acc": 0.8723723723723724,
  "val_loss": 0.5402239250893496,
  "val_acc": 0.7547169811320755,
  "timestamp": "2025-05-01T01:06:07.599130",
  "elapsed_time": 412.96851873397827
}