{
  "epoch": 9,
  "train_loss": 0.41052241172545995,
  "train_acc": 0.9000429000429,
  "val_loss": 0.47083172567036685,
  "val_acc": 0.8327615780445969,
  "timestamp": "2025-05-01T01:07:51.044175",
  "elapsed_time": 516.3734803199768
}