{
  "epoch": 10,
  "train_loss": 0.38541280336869066,
  "train_acc": 0.9272844272844273,
  "val_loss": 0.37931635306805983,
  "val_acc": 0.9382504288164666,
  "timestamp": "2025-05-01T01:08:42.686125",
  "elapsed_time": 568.0588879585266
}