{
  "epoch": 19,
  "train_loss": 0.32979559684411075,
  "train_acc": 0.9845559845559846,
  "val_loss": 0.3553990873755241,
  "val_acc": 0.951114922813036,
  "timestamp": "2025-05-01T01:16:28.420084",
  "elapsed_time": 1033.77951669693
}