{
  "epoch": 18,
  "train_loss": 0.33015523766859983,
  "train_acc": 0.9836979836979837,
  "val_loss": 0.3549294185881712,
  "val_acc": 0.9536878216123499,
  "timestamp": "2025-05-01T01:15:36.922837",
  "elapsed_time": 982.2655229568481
}