{
  "epoch": 4,
  "train_loss": 0.47636536818284253,
  "train_acc": 0.8277563277563278,
  "val_loss": 0.4595557530315555,
  "val_acc": 0.8473413379073756,
  "timestamp": "2025-05-01T01:03:32.266879",
  "elapsed_time": 257.6427855491638
}