{
  "epoch": 11,
  "train_loss": 0.35674157417737523,
  "train_acc": 0.9581724581724582,
  "val_loss": 0.36760755582731597,
  "val_acc": 0.9476843910806175,
  "timestamp": "2025-05-01T01:09:34.581505",
  "elapsed_time": 619.9593245983124
}