{
  "epoch": 17,
  "train_loss": 0.33276948653734645,
  "train_acc": 0.9821964821964821,
  "val_loss": 0.34956254642836904,
  "val_acc": 0.9614065180102916,
  "timestamp": "2025-05-01T01:14:45.160700",
  "elapsed_time": 930.5354843139648
}