{
  "epoch": 13,
  "train_loss": 0.3462516081638825,
  "train_acc": 0.968039468039468,
  "val_loss": 0.35863892399534886,
  "val_acc": 0.9571183533447685,
  "timestamp": "2025-05-01T01:11:18.214591",
  "elapsed_time": 723.5905911922455
}