{
  "epoch": 8,
  "train_loss": 0.4381351683384333,
  "train_acc": 0.8715143715143715,
  "val_loss": 0.45886117524030257,
  "val_acc": 0.8439108061749572,
  "timestamp": "2025-05-01T01:06:59.501712",
  "elapsed_time": 464.872683763504
}