{
  "epoch": 5,
  "train_loss": 0.46212564156605646,
  "train_acc": 0.8421278421278421,
  "val_loss": 0.4292060672020426,
  "val_acc": 0.8825042881646655,
  "timestamp": "2025-05-01T01:04:23.879284",
  "elapsed_time": 309.25460410118103
}