{
  "epoch": 0,
  "train_loss": 0.5554183192742177,
  "train_acc": 0.7458172458172458,
  "val_loss": 0.7311563272865451,
  "val_acc": 0.5797598627787307,
  "timestamp": "2025-05-01T01:00:06.124284",
  "elapsed_time": 51.50076651573181
}