{
  "train_loss": [
    0.5554183192742177,
    0.5440848501829001,
    0.49885441951262643,
    0.49249625511658496,
    0.47636536818284253,
    0.46212564156605646,
    0.4693559200335772,
    0.4377062210669884,
    0.4381351683384333,
    0.41052241172545995,
    0.38541280336869066,
    0.35674157417737523,
    0.3530440813455826,
    0.3462516081638825,
    0.3404664449202709,
    0.3344562175946358,
    0.33727588668847697,
    0.33276948653734645,
    0.33015523766859983,
    0.32979559684411075
  ],
  "train_acc": [
    0.7458172458172458,
    0.7619047619047619,
    0.8095238095238095,
    0.8157443157443157,
    0.8277563277563278,
    0.8421278421278421,
    0.8361218361218361,
    0.8723723723723724,
    0.8715143715143715,
    0.9000429000429,
    0.9272844272844273,
    0.9581724581724582,
    0.963963963963964,
    0.968039468039468,
    0.9738309738309738,
    0.9813384813384813,
    0.9766194766194766,
    0.9821964821964821,
    0.9836979836979837,
    0.9845559845559846
  ],
  "val_loss": [
    0.7311563272865451,
    0.5235480252577334,
    0.49270777252255654,
    0.4845952209161252,
    0.4595557530315555,
    0.4292060672020426,
    0.5188165325291303,
    0.5402239250893496,
    0.45886117524030257,
    0.47083172567036685,
    0.37931635306805983,
    0.36760755582731597,
    0.366875733039817,
    0.35863892399534886,
    0.35424733830957994,
    0.3529552014506593,
    0.35827854701450895,
    0.34956254642836904,
    0.3549294185881712,
    0.3553990873755241
  ],
  "val_acc": [
    0.5797598627787307,
    0.7890222984562607,
    0.8130360205831904,
    0.8267581475128645,
    0.8473413379073756,
    0.8825042881646655,
    0.7847341337907375,
    0.7547169811320755,
    0.8439108061749572,
    0.8327615780445969,
    0.9382504288164666,
    0.9476843910806175,
    0.9442538593481989,
    0.9571183533447685,
    0.9579759862778731,
    0.9622641509433962,
    0.9545454545454546,
    0.9614065180102916,
    0.9536878216123499,
    0.951114922813036
  ],
  "best_acc": 0.9622641509433962
}