{
  "epoch": 1,
  "train_loss": 0.8115523524773427,
  "train_acc": 0.5010725010725011,
  "val_loss": 0.8169060775211879,
  "val_acc": 0.4957118353344768,
  "timestamp": "2025-05-03T12:19:19.943111",
  "elapsed_time": 200.0469686985016
}