{
  "epoch": 10,
  "train_loss": 0.0903843910075151,
  "train_acc": 0.5010725010725011,
  "val_loss": 0.09118461738131484,
  "val_acc": 0.4957118353344768,
  "timestamp": "2025-05-03T12:34:30.976951",
  "elapsed_time": 1097.38618516922
}