{
  "epoch": 3,
  "train_loss": 0.8121939041675665,
  "train_acc": 0.5010725010725011,
  "val_loss": 0.8169060775211879,
  "val_acc": 0.4957118353344768,
  "timestamp": "2025-05-03T12:22:39.254336",
  "elapsed_time": 399.30320835113525
}