{
  "epoch": 16,
  "train_loss": 0.8124070821664272,
  "train_acc": 0.5010725010725011,
  "val_loss": 0.8161772331412958,
  "val_acc": 0.4957118353344768,
  "timestamp": "2025-05-03T12:45:29.282368",
  "elapsed_time": 1699.205468416214
}