{
  "epoch": 8,
  "train_loss": 0.0904932385453811,
  "train_acc": 0.5010725010725011,
  "val_loss": 0.09118461738131484,
  "val_acc": 0.4957118353344768,
  "timestamp": "2025-05-03T12:31:11.585895",
  "elapsed_time": 897.9915931224823
}