{
  "epoch": 9,
  "train_loss": 0.09038439052991377,
  "train_acc": 0.5010725010725011,
  "val_loss": 0.09118461738131484,
  "val_acc": 0.4957118353344768,
  "timestamp": "2025-05-03T12:32:50.743761",
  "elapsed_time": 997.1526103019714
}