{
  "epoch": 0,
  "train_loss": 0.8118691866214459,
  "train_acc": 0.5002145002145002,
  "val_loss": 0.8169060775211879,
  "val_acc": 0.4957118353344768,
  "timestamp": "2025-05-03T12:17:40.211492",
  "elapsed_time": 100.30898475646973
}