{
  "epoch": 15,
  "train_loss": 0.0901666942697305,
  "train_acc": 0.5010725010725011,
  "val_loss": 0.09118461738131484,
  "val_acc": 0.4957118353344768,
  "timestamp": "2025-05-03T12:43:35.497135",
  "elapsed_time": 1599.4767332077026
}