{
  "epoch": 4,
  "train_loss": 0.8128344065103775,
  "train_acc": 0.5010725010725011,
  "val_loss": 0.8169060775211879,
  "val_acc": 0.4957118353344768,
  "timestamp": "2025-05-03T12:24:19.221558",
  "elapsed_time": 499.3121585845947
}