{
  "epoch": 11,
  "train_loss": 0.09027554303025588,
  "train_acc": 0.5010725010725011,
  "val_loss": 0.09118461738131484,
  "val_acc": 0.4957118353344768,
  "timestamp": "2025-05-03T12:36:11.005501",
  "elapsed_time": 1197.4151186943054
}