{
  "epoch": 5,
  "train_loss": 0.813475432457068,
  "train_acc": 0.5010725010725011,
  "val_loss": 0.8169060775211879,
  "val_acc": 0.4957118353344768,
  "timestamp": "2025-05-03T12:25:58.748801",
  "elapsed_time": 598.9066212177277
}