{
  "epoch": 6,
  "train_loss": 0.8134754242041172,
  "train_acc": 0.5010725010725011,
  "val_loss": 0.8169060775211879,
  "val_acc": 0.4957118353344768,
  "timestamp": "2025-05-03T12:27:38.985384",
  "elapsed_time": 699.103563785553
}