{
  "epoch": 14,
  "train_loss": 0.812193379799525,
  "train_acc": 0.5010725010725011,
  "val_loss": 0.8169060775211879,
  "val_acc": 0.4957118353344768,
  "timestamp": "2025-05-03T12:41:39.642331",
  "elapsed_time": 1497.4915850162506
}