{
  "epoch": 7,
  "train_loss": 0.09049323808688384,
  "train_acc": 0.5010725010725011,
  "val_loss": 0.09118461738131484,
  "val_acc": 0.4957118353344768,
  "timestamp": "2025-05-03T12:29:31.183181",
  "elapsed_time": 797.6451678276062
}