{
  "epoch": 2,
  "train_loss": 0.8115523585906396,
  "train_acc": 0.5010725010725011,
  "val_loss": 0.8169060775211879,
  "val_acc": 0.4957118353344768,
  "timestamp": "2025-05-03T12:20:58.805842",
  "elapsed_time": 298.86811447143555
}