{
  "train_loss": [
    0.8118691866214459,
    0.8115523524773427,
    0.8115523585906396,
    0.8121939041675665,
    0.8128344065103775,
    0.813475432457068,
    0.8134754242041172,
    0.09049323808688384,
    0.0904932385453811,
    0.09038439052991377,
    0.0903843910075151,
    0.09027554303025588,
    0.0901666946327075,
    0.8118942584746923,
    0.812193379799525,
    0.0901666942697305,
    0.8124070821664272
  ],
  "train_acc": [
    0.5002145002145002,
    0.5010725010725011,
    0.5010725010725011,
    0.5010725010725011,
    0.5010725010725011,
    0.5010725010725011,
    0.5010725010725011,
    0.5010725010725011,
    0.5010725010725011,
    0.5010725010725011,
    0.5010725010725011,
    0.5010725010725011,
    0.5010725010725011,
    0.5010725010725011,
    0.5010725010725011,
    0.5010725010725011,
    0.5010725010725011
  ],
  "val_loss": [
    0.8169060775211879,
    0.8169060775211879,
    0.8169060775211879,
    0.8169060775211879,
    0.8169060775211879,
    0.8169060775211879,
    0.8169060775211879,
    0.09118461738131484,
    0.09118461738131484,
    0.09118461738131484,
    0.09118461738131484,
    0.09118461738131484,
    0.09118461738131484,
    0.8161772331412958,
    0.8169060775211879,
    0.09118461738131484,
    0.8161772331412958
  ],
  "val_acc": [
    0.4957118353344768,
    0.4957118353344768,
    0.4957118353344768,
    0.4957118353344768,
    0.4957118353344768,
    0.4957118353344768,
    0.4957118353344768,
    0.4957118353344768,
    0.4957118353344768,
    0.4957118353344768,
    0.4957118353344768,
    0.4957118353344768,
    0.4957118353344768,
    0.4957118353344768,
    0.4957118353344768,
    0.4957118353344768,
    0.4957118353344768
  ],
  "best_acc": 0.4957118353344768
}