{
  "epoch": 14,
  "train_loss": 0.3251398509893662,
  "train_acc": 0.987987987987988,
  "val_loss": 0.33099216952615856,
  "val_acc": 0.983704974271012,
  "timestamp": "2025-05-01T05:57:50.457572",
  "elapsed_time": 809.0931806564331
}