{
  "epoch": 2,
  "train_loss": 0.3663300612033942,
  "train_acc": 0.9465894465894465,
  "val_loss": 0.361379260919532,
  "val_acc": 0.9519725557461407,
  "timestamp": "2025-05-01T05:46:52.431834",
  "elapsed_time": 151.07091188430786
}