{
  "epoch": 4,
  "train_loss": 0.35648187872691034,
  "train_acc": 0.9566709566709567,
  "val_loss": 0.35778527539603566,
  "val_acc": 0.9579759862778731,
  "timestamp": "2025-05-01T05:48:38.434122",
  "elapsed_time": 257.06724548339844
}