{
  "epoch": 13,
  "train_loss": 0.32678685050744277,
  "train_acc": 0.9867009867009867,
  "val_loss": 0.3339278345205346,
  "val_acc": 0.9802744425385935,
  "timestamp": "2025-05-01T05:56:57.478908",
  "elapsed_time": 756.1149334907532
}