{
  "epoch": 7,
  "train_loss": 0.3452896515528361,
  "train_acc": 0.9671814671814671,
  "val_loss": 0.3598939484479476,
  "val_acc": 0.951114922813036,
  "timestamp": "2025-05-01T05:51:27.715009",
  "elapsed_time": 426.35489416122437
}