{
  "epoch": 10,
  "train_loss": 0.33688316421631054,
  "train_acc": 0.9768339768339769,
  "val_loss": 0.33610160861696514,
  "val_acc": 0.9768439108061749,
  "timestamp": "2025-05-01T05:54:05.949347",
  "elapsed_time": 584.5576536655426
}