{
  "epoch": 0,
  "train_loss": 0.4323166066255325,
  "train_acc": 0.879021879021879,
  "val_loss": 0.39047591479457155,
  "val_acc": 0.9210977701543739,
  "timestamp": "2025-05-01T05:45:10.988053",
  "elapsed_time": 49.6220326423645
}