{
  "epoch": 5,
  "train_loss": 0.3543177986756349,
  "train_acc": 0.959030459030459,
  "val_loss": 0.3699786882011258,
  "val_acc": 0.9416809605488851,
  "timestamp": "2025-05-01T05:49:34.542411",
  "elapsed_time": 313.1780970096588
}