{
  "epoch": 3,
  "train_loss": 0.36614611393366103,
  "train_acc": 0.9472329472329473,
  "val_loss": 0.37069125625551963,
  "val_acc": 0.9382504288164666,
  "timestamp": "2025-05-01T05:47:45.331621",
  "elapsed_time": 203.97824692726135
}