{
  "epoch": 15,
  "train_loss": 0.3240800107136751,
  "train_acc": 0.9894894894894894,
  "val_loss": 0.3312467543446288,
  "val_acc": 0.9828473413379074,
  "timestamp": "2025-05-01T05:58:42.981074",
  "elapsed_time": 861.6191694736481
}