{
  "epoch": 9,
  "train_loss": 0.34458442223377717,
  "train_acc": 0.9676104676104677,
  "val_loss": 0.35346029911722454,
  "val_acc": 0.9588336192109777,
  "timestamp": "2025-05-01T05:53:13.220970",
  "elapsed_time": 531.8529486656189
}