{
  "epoch": 17,
  "train_loss": 0.3222046517408811,
  "train_acc": 0.9916344916344917,
  "val_loss": 0.3354183179991586,
  "val_acc": 0.9768439108061749,
  "timestamp": "2025-05-01T06:00:37.129777",
  "elapsed_time": 975.7568275928497
}