{
  "epoch": 19,
  "train_loss": 0.3199999676300929,
  "train_acc": 0.9935649935649936,
  "val_loss": 0.3287215658596584,
  "val_acc": 0.9845626072041166,
  "timestamp": "2025-05-01T06:02:26.796991",
  "elapsed_time": 1085.4327428340912
}