{
  "epoch": 6,
  "train_loss": 0.3475075521530249,
  "train_acc": 0.9652509652509652,
  "val_loss": 0.3531206280601268,
  "val_acc": 0.9622641509433962,
  "timestamp": "2025-05-01T05:50:32.078754",
  "elapsed_time": 370.7052412033081
}