{
  "epoch": 11,
  "train_loss": 0.32867930424519076,
  "train_acc": 0.9858429858429858,
  "val_loss": 0.34109746497504567,
  "val_acc": 0.9716981132075472,
  "timestamp": "2025-05-01T05:55:03.440648",
  "elapsed_time": 642.0726094245911
}