{
  "epoch": 1,
  "train_loss": 0.37936691336142714,
  "train_acc": 0.932003432003432,
  "val_loss": 0.39662036299705505,
  "val_acc": 0.9116638078902229,
  "timestamp": "2025-05-01T05:46:01.711833",
  "elapsed_time": 100.35303616523743
}