{
  "epoch": 18,
  "train_loss": 0.3218388447394738,
  "train_acc": 0.9916344916344917,
  "val_loss": 0.32997966603356965,
  "val_acc": 0.9828473413379074,
  "timestamp": "2025-05-01T06:01:31.138040",
  "elapsed_time": 1029.7647457122803
}