{
  "epoch": 16,
  "train_loss": 0.32250030239423116,
  "train_acc": 0.9907764907764908,
  "val_loss": 0.3316183789652221,
  "val_acc": 0.9819897084048027,
  "timestamp": "2025-05-01T05:59:38.448992",
  "elapsed_time": 917.0583746433258
}