{
  "epoch": 8,
  "train_loss": 0.35502335383341865,
  "train_acc": 0.9579579579579579,
  "val_loss": 0.34662473262572774,
  "val_acc": 0.9682675814751286,
  "timestamp": "2025-05-01T05:52:20.412217",
  "elapsed_time": 479.05146074295044
}