{
  "epoch": 12,
  "train_loss": 0.3285056548240857,
  "train_acc": 0.9854139854139854,
  "val_loss": 0.33914010074673867,
  "val_acc": 0.9742710120068611,
  "timestamp": "2025-05-01T05:56:03.046758",
  "elapsed_time": 701.6743552684784
}