{
  "train_loss": [
    0.4323166066255325,
    0.37936691336142714,
    0.3663300612033942,
    0.36614611393366103,
    0.35648187872691034,
    0.3543177986756349,
    0.3475075521530249,
    0.3452896515528361,
    0.35502335383341865,
    0.34458442223377717,
    0.33688316421631054,
    0.32867930424519076,
    0.3285056548240857,
    0.32678685050744277,
    0.3251398509893662,
    0.3240800107136751,
    0.32250030239423116,
    0.3222046517408811,
    0.3218388447394738,
    0.3199999676300929
  ],
  "train_acc": [
    0.879021879021879,
    0.932003432003432,
    0.9465894465894465,
    0.9472329472329473,
    0.9566709566709567,
    0.959030459030459,
    0.9652509652509652,
    0.9671814671814671,
    0.9579579579579579,
    0.9676104676104677,
    0.9768339768339769,
    0.9858429858429858,
    0.9854139854139854,
    0.9867009867009867,
    0.987987987987988,
    0.9894894894894894,
    0.9907764907764908,
    0.9916344916344917,
    0.9916344916344917,
    0.9935649935649936
  ],
  "val_loss": [
    0.39047591479457155,
    0.39662036299705505,
    0.361379260919532,
    0.37069125625551963,
    0.35778527539603566,
    0.3699786882011258,
    0.3531206280601268,
    0.3598939484479476,
    0.34662473262572774,
    0.35346029911722454,
    0.33610160861696514,
    0.34109746497504567,
    0.33914010074673867,
    0.3339278345205346,
    0.33099216952615856,
    0.3312467543446288,
    0.3316183789652221,
    0.3354183179991586,
    0.32997966603356965,
    0.3287215658596584
  ],
  "val_acc": [
    0.9210977701543739,
    0.9116638078902229,
    0.9519725557461407,
    0.9382504288164666,
    0.9579759862778731,
    0.9416809605488851,
    0.9622641509433962,
    0.951114922813036,
    0.9682675814751286,
    0.9588336192109777,
    0.9768439108061749,
    0.9716981132075472,
    0.9742710120068611,
    0.9802744425385935,
    0.983704974271012,
    0.9828473413379074,
    0.9819897084048027,
    0.9768439108061749,
    0.9828473413379074,
    0.9845626072041166
  ],
  "best_acc": 0.9845626072041166
}