{
  "epoch": 13,
  "train_loss": 0.08990368025425152,
  "train_acc": 0.5034320034320034,
  "val_loss": 0.08994698957825194,
  "val_acc": 0.5042881646655232,
  "timestamp": "2025-05-03T11:06:11.285657",
  "elapsed_time": 1389.9848747253418
}