{
  "epoch": 7,
  "train_loss": 0.08963680297900468,
  "train_acc": 0.5053625053625054,
  "val_loss": 0.09118461738131484,
  "val_acc": 0.4957118353344768,
  "timestamp": "2025-05-03T10:56:17.274896",
  "elapsed_time": 795.9710469245911
}