{
  "epoch": 16,
  "train_loss": 0.09223058900007834,
  "train_acc": 0.48884598884598884,
  "val_loss": 0.08994698957825194,
  "val_acc": 0.5042881646655232,
  "timestamp": "2025-05-03T11:11:47.435982",
  "elapsed_time": 1684.6125588417053
}