{
  "epoch": 5,
  "train_loss": 0.8022356519332299,
  "train_acc": 0.5105105105105106,
  "val_loss": 0.8169060775211879,
  "val_acc": 0.4957118353344768,
  "timestamp": "2025-05-03T10:52:44.405288",
  "elapsed_time": 596.858423948288
}