{
  "epoch": 15,
  "train_loss": 0.8087636372981928,
  "train_acc": 0.5042900042900043,
  "val_loss": 0.8096174366620122,
  "val_acc": 0.5042881646655232,
  "timestamp": "2025-05-03T11:09:55.420404",
  "elapsed_time": 1586.4210212230682
}