{
  "epoch": 1,
  "train_loss": 0.8204045375188191,
  "train_acc": 0.4924924924924925,
  "val_loss": 0.8096174366620122,
  "val_acc": 0.5042881646655232,
  "timestamp": "2025-05-03T10:46:05.874432",
  "elapsed_time": 198.33953857421875
}