{
  "epoch": 12,
  "train_loss": 0.09092746589046258,
  "train_acc": 0.4984984984984985,
  "val_loss": 0.08994698957825194,
  "val_acc": 0.5042881646655232,
  "timestamp": "2025-05-03T11:04:31.476369",
  "elapsed_time": 1290.198593378067
}