{
  "epoch": 2,
  "train_loss": 0.821647324011876,
  "train_acc": 0.49034749034749037,
  "val_loss": 0.8169060775211879,
  "val_acc": 0.4957118353344768,
  "timestamp": "2025-05-03T10:47:45.803422",
  "elapsed_time": 298.2944152355194
}