{
  "epoch": 9,
  "train_loss": 0.09085149069627126,
  "train_acc": 0.49892749892749894,
  "val_loss": 0.08994698957825194,
  "val_acc": 0.5042881646655232,
  "timestamp": "2025-05-03T10:59:34.385950",
  "elapsed_time": 993.1130611896515
}