{
  "epoch": 6,
  "train_loss": 0.8047642921790098,
  "train_acc": 0.5092235092235092,
  "val_loss": 0.8169060775211879,
  "val_acc": 0.4957118353344768,
  "timestamp": "2025-05-03T10:54:24.829807",
  "elapsed_time": 697.2468535900116
}