{
  "epoch": 0,
  "train_loss": 0.8100456008544334,
  "train_acc": 0.5,
  "val_loss": 0.8096174366620122,
  "val_acc": 0.5042881646655232,
  "timestamp": "2025-05-03T10:44:26.410615",
  "elapsed_time": 98.85462713241577
}