{
  "epoch": 3,
  "train_loss": 0.8121932784716288,
  "train_acc": 0.5010725010725011,
  "val_loss": 0.8169060775211879,
  "val_acc": 0.4957118353344768,
  "timestamp": "2025-05-03T10:49:25.296348",
  "elapsed_time": 397.7671458721161
}