{
  "epoch": 8,
  "train_loss": 0.08982428831931873,
  "train_acc": 0.5045045045045045,
  "val_loss": 0.08994698957825194,
  "val_acc": 0.5042881646655232,
  "timestamp": "2025-05-03T10:57:56.183003",
  "elapsed_time": 894.8990347385406
}