{
  "epoch": 10,
  "train_loss": 0.09055316927723396,
  "train_acc": 0.49871299871299873,
  "val_loss": 0.08994698957825194,
  "val_acc": 0.5042881646655232,
  "timestamp": "2025-05-03T11:01:12.798809",
  "elapsed_time": 1091.5072464942932
}