{
  "epoch": 4,
  "train_loss": 0.8163873113118685,
  "train_acc": 0.49635349635349635,
  "val_loss": 0.8096174366620122,
  "val_acc": 0.5042881646655232,
  "timestamp": "2025-05-03T10:51:04.180116",
  "elapsed_time": 496.67553091049194
}