{
  "epoch": 11,
  "train_loss": 0.09049327117510331,
  "train_acc": 0.4997854997854998,
  "val_loss": 0.08994698957825194,
  "val_acc": 0.5042881646655232,
  "timestamp": "2025-05-03T11:02:51.241160",
  "elapsed_time": 1189.947014093399
}