{
  "epoch": 14,
  "train_loss": 0.8106871834168068,
  "train_acc": 0.5032175032175032,
  "val_loss": 0.8103463309151786,
  "val_acc": 0.5042881646655232,
  "timestamp": "2025-05-03T11:08:03.468286",
  "elapsed_time": 1488.3531422615051
}