{
  "train_loss": [
    0.8100456008544334,
    0.8204045375188191,
    0.821647324011876,
    0.8121932784716288,
    0.8163873113118685,
    0.8022356519332299,
    0.8047642921790098,
    0.08963680297900468,
    0.08982428831931873,
    0.09085149069627126,
    0.09055316927723396,
    0.09049327117510331,
    0.09092746589046258,
    0.08990368025425152,
    0.8106871834168068,
    0.8087636372981928,
    0.09223058900007834
  ],
  "train_acc": [
    0.5,
    0.4924924924924925,
    0.49034749034749037,
    0.5010725010725011,
    0.49635349635349635,
    0.5105105105105106,
    0.5092235092235092,
    0.5053625053625054,
    0.5045045045045045,
    0.49892749892749894,
    0.49871299871299873,
    0.4997854997854998,
    0.4984984984984985,
    0.5034320034320034,
    0.5032175032175032,
    0.5042900042900043,
    0.48884598884598884
  ],
  "val_loss": [
    0.8096174366620122,
    0.8096174366620122,
    0.8169060775211879,
    0.8169060775211879,
    0.8096174366620122,
    0.8169060775211879,
    0.8169060775211879,
    0.09118461738131484,
    0.08994698957825194,
    0.08994698957825194,
    0.08994698957825194,
    0.08994698957825194,
    0.08994698957825194,
    0.08994698957825194,
    0.8103463309151786,
    0.8096174366620122,
    0.08994698957825194
  ],
  "val_acc": [
    0.5042881646655232,
    0.5042881646655232,
    0.4957118353344768,
    0.4957118353344768,
    0.5042881646655232,
    0.4957118353344768,
    0.4957118353344768,
    0.4957118353344768,
    0.5042881646655232,
    0.5042881646655232,
    0.5042881646655232,
    0.5042881646655232,
    0.5042881646655232,
    0.5042881646655232,
    0.5042881646655232,
    0.5042881646655232,
    0.5042881646655232
  ],
  "best_acc": 0.5042881646655232
}