{
  "epoch": 7,
  "train_loss": 0.32913587781099174,
  "train_acc": 0.9830544830544831,
  "val_loss": 0.34012775518456284,
  "val_acc": 0.9708404802744426,
  "timestamp": "2025-05-03T08:44:52.442665",
  "elapsed_time": 389.6998646259308
}