{
  "epoch": 4,
  "train_loss": 0.3327375178153698,
  "train_acc": 0.9809094809094809,
  "val_loss": 0.3349122830799648,
  "val_acc": 0.9785591766723842,
  "timestamp": "2025-05-03T08:42:25.380464",
  "elapsed_time": 242.63912630081177
}