{
  "epoch": 15,
  "train_loss": 0.3178907707715646,
  "train_acc": 0.9957099957099957,
  "val_loss": 0.32791522996766226,
  "val_acc": 0.9854202401372213,
  "timestamp": "2025-05-03T08:51:24.500742",
  "elapsed_time": 781.7549049854279
}