{
  "epoch": 9,
  "train_loss": 0.3210765063762665,
  "train_acc": 0.9922779922779923,
  "val_loss": 0.33116432233732573,
  "val_acc": 0.9811320754716981,
  "timestamp": "2025-05-03T08:46:29.069483",
  "elapsed_time": 486.32994198799133
}