{
  "epoch": 13,
  "train_loss": 0.31858137983542223,
  "train_acc": 0.9946374946374946,
  "val_loss": 0.3285765355947066,
  "val_acc": 0.9845626072041166,
  "timestamp": "2025-05-03T08:49:46.882767",
  "elapsed_time": 684.1334502696991
}