{
  "epoch": 12,
  "train_loss": 0.3189684047148778,
  "train_acc": 0.9944229944229944,
  "val_loss": 0.3292305165407609,
  "val_acc": 0.983704974271012,
  "timestamp": "2025-05-03T08:48:56.996390",
  "elapsed_time": 634.2540986537933
}