{
  "epoch": 14,
  "train_loss": 0.3186051715642978,
  "train_acc": 0.9948519948519948,
  "val_loss": 0.32790866433357707,
  "val_acc": 0.9854202401372213,
  "timestamp": "2025-05-03T08:50:35.012466",
  "elapsed_time": 732.2675130367279
}