{
  "epoch": 19,
  "train_loss": 0.3166151352417775,
  "train_acc": 0.9967824967824968,
  "val_loss": 0.32777295793805805,
  "val_acc": 0.9854202401372213,
  "timestamp": "2025-05-03T08:54:42.406086",
  "elapsed_time": 979.6612334251404
}