{
  "epoch": 2,
  "train_loss": 0.3385119566550622,
  "train_acc": 0.9734019734019734,
  "val_loss": 0.34734579251737013,
  "val_acc": 0.9648370497427101,
  "timestamp": "2025-05-03T08:40:48.382756",
  "elapsed_time": 145.62929344177246
}