{
  "epoch": 11,
  "train_loss": 0.319217247229356,
  "train_acc": 0.9942084942084942,
  "val_loss": 0.32848891007656955,
  "val_acc": 0.9828473413379074,
  "timestamp": "2025-05-03T08:48:07.765549",
  "elapsed_time": 585.0232937335968
}