{
  "epoch": 10,
  "train_loss": 0.3233466169773004,
  "train_acc": 0.9912054912054912,
  "val_loss": 0.33001348011347714,
  "val_acc": 0.9819897084048027,
  "timestamp": "2025-05-03T08:47:17.899371",
  "elapsed_time": 535.1562094688416
}