{
  "epoch": 0,
  "train_loss": 0.4459510061985407,
  "train_acc": 0.8768768768768769,
  "val_loss": 0.3714477304293185,
  "val_acc": 0.9468267581475128,
  "timestamp": "2025-05-03T08:39:12.386881",
  "elapsed_time": 49.64306998252869
}