{
  "epoch": 6,
  "train_loss": 0.3269379620368664,
  "train_acc": 0.9864864864864865,
  "val_loss": 0.3413416214135228,
  "val_acc": 0.9716981132075472,
  "timestamp": "2025-05-03T08:44:03.070107",
  "elapsed_time": 340.32263445854187
}