{
  "epoch": 16,
  "train_loss": 0.31790116062531104,
  "train_acc": 0.9957099957099957,
  "val_loss": 0.3273705481266489,
  "val_acc": 0.9854202401372213,
  "timestamp": "2025-05-03T08:52:14.560703",
  "elapsed_time": 831.8196265697479
}