{
  "epoch": 8,
  "train_loss": 0.32425493811949707,
  "train_acc": 0.9892749892749892,
  "val_loss": 0.32565715848183147,
  "val_acc": 0.9862778730703259,
  "timestamp": "2025-05-03T08:45:40.956577",
  "elapsed_time": 438.21434688568115
}