{
  "epoch": 18,
  "train_loss": 0.31638534619258,
  "train_acc": 0.9972114972114973,
  "val_loss": 0.32834327281737813,
  "val_acc": 0.9845626072041166,
  "timestamp": "2025-05-03T08:53:54.238430",
  "elapsed_time": 931.4841823577881
}