{
  "epoch": 5,
  "train_loss": 0.3310181179107764,
  "train_acc": 0.9821964821964821,
  "val_loss": 0.34142999381435163,
  "val_acc": 0.9699828473413379,
  "timestamp": "2025-05-03T08:43:14.724182",
  "elapsed_time": 291.9729871749878
}