{
  "epoch": 17,
  "train_loss": 0.31708725889523826,
  "train_acc": 0.9961389961389961,
  "val_loss": 0.3277675570273886,
  "val_acc": 0.9845626072041166,
  "timestamp": "2025-05-03T08:53:04.054271",
  "elapsed_time": 881.3084652423859
}