{
  "epoch": 1,
  "train_loss": 0.3530696254510146,
  "train_acc": 0.9605319605319605,
  "val_loss": 0.34530898928642273,
  "val_acc": 0.9656946826758147,
  "timestamp": "2025-05-03T08:40:00.963208",
  "elapsed_time": 98.21254992485046
}