{
  "epoch": 3,
  "train_loss": 0.3318785046919798,
  "train_acc": 0.9830544830544831,
  "val_loss": 0.33531131245652024,
  "val_acc": 0.9794168096054888,
  "timestamp": "2025-05-03T08:41:36.919875",
  "elapsed_time": 194.17667436599731
}