{
  "train_loss": [
    0.4459510061985407,
    0.3530696254510146,
    0.3385119566550622,
    0.3318785046919798,
    0.3327375178153698,
    0.3310181179107764,
    0.3269379620368664,
    0.32913587781099174,
    0.32425493811949707,
    0.3210765063762665,
    0.3233466169773004,
    0.319217247229356,
    0.3189684047148778,
    0.31858137983542223,
    0.3186051715642978,
    0.3178907707715646,
    0.31790116062531104,
    0.31708725889523826,
    0.31638534619258,
    0.3166151352417775
  ],
  "train_acc": [
    0.8768768768768769,
    0.9605319605319605,
    0.9734019734019734,
    0.9830544830544831,
    0.9809094809094809,
    0.9821964821964821,
    0.9864864864864865,
    0.9830544830544831,
    0.9892749892749892,
    0.9922779922779923,
    0.9912054912054912,
    0.9942084942084942,
    0.9944229944229944,
    0.9946374946374946,
    0.9948519948519948,
    0.9957099957099957,
    0.9957099957099957,
    0.9961389961389961,
    0.9972114972114973,
    0.9967824967824968
  ],
  "val_loss": [
    0.3714477304293185,
    0.34530898928642273,
    0.34734579251737013,
    0.33531131245652024,
    0.3349122830799648,
    0.34142999381435163,
    0.3413416214135228,
    0.34012775518456284,
    0.32565715848183147,
    0.33116432233732573,
    0.33001348011347714,
    0.32848891007656955,
    0.3292305165407609,
    0.3285765355947066,
    0.32790866433357707,
    0.32791522996766226,
    0.3273705481266489,
    0.3277675570273886,
    0.32834327281737813,
    0.32777295793805805
  ],
  "val_acc": [
    0.9468267581475128,
    0.9656946826758147,
    0.9648370497427101,
    0.9794168096054888,
    0.9785591766723842,
    0.9699828473413379,
    0.9716981132075472,
    0.9708404802744426,
    0.9862778730703259,
    0.9811320754716981,
    0.9819897084048027,
    0.9828473413379074,
    0.983704974271012,
    0.9845626072041166,
    0.9854202401372213,
    0.9854202401372213,
    0.9854202401372213,
    0.9845626072041166,
    0.9845626072041166,
    0.9854202401372213
  ],
  "best_acc": 0.9862778730703259
}