{
  "epoch": 2,
  "train_loss": 0.3469685047100752,
  "train_acc": 0.974903474903475,
  "val_loss": 0.3383672486762611,
  "val_acc": 0.9785591766723842,
  "timestamp": "2025-05-01T02:49:31.738883",
  "elapsed_time": 147.3406240940094
}