{
  "epoch": 10,
  "train_loss": 0.3194219146019373,
  "train_acc": 0.9948519948519948,
  "val_loss": 0.32618191716622336,
  "val_acc": 0.9862778730703259,
  "timestamp": "2025-05-01T02:56:05.824549",
  "elapsed_time": 541.4302797317505
}