{
  "epoch": 15,
  "train_loss": 0.31499174344233977,
  "train_acc": 0.9991419991419992,
  "val_loss": 0.325566365402572,
  "val_acc": 0.9888507718696398,
  "timestamp": "2025-05-01T03:00:10.781728",
  "elapsed_time": 786.3851149082184
}