{
  "epoch": 3,
  "train_loss": 0.33139659288601997,
  "train_acc": 0.9873444873444873,
  "val_loss": 0.336314821121644,
  "val_acc": 0.9794168096054888,
  "timestamp": "2025-05-01T02:50:21.567886",
  "elapsed_time": 197.17450594902039
}