{
  "epoch": 19,
  "train_loss": 0.315911407654102,
  "train_acc": 0.9982839982839983,
  "val_loss": 0.32445303396302827,
  "val_acc": 0.9879931389365352,
  "timestamp": "2025-05-01T03:03:28.159526",
  "elapsed_time": 983.7700157165527
}