{
  "epoch": 16,
  "train_loss": 0.3168833877795782,
  "train_acc": 0.9980694980694981,
  "val_loss": 0.32512269457992243,
  "val_acc": 0.9888507718696398,
  "timestamp": "2025-05-01T03:01:00.304829",
  "elapsed_time": 835.904778957367
}