{
  "epoch": 17,
  "train_loss": 0.31549652264668393,
  "train_acc": 0.9991419991419992,
  "val_loss": 0.3240354839636355,
  "val_acc": 0.9905660377358491,
  "timestamp": "2025-05-01T03:01:49.428318",
  "elapsed_time": 885.0420579910278
}