{
  "epoch": 1,
  "train_loss": 0.3830552712464944,
  "train_acc": 0.9416559416559417,
  "val_loss": 0.3518640709166624,
  "val_acc": 0.9716981132075472,
  "timestamp": "2025-05-01T02:48:42.232032",
  "elapsed_time": 97.82728552818298
}