{
  "epoch": 6,
  "train_loss": 0.3225909833724682,
  "train_acc": 0.9944229944229944,
  "val_loss": 0.327348137388424,
  "val_acc": 0.9871355060034306,
  "timestamp": "2025-05-01T02:52:49.123169",
  "elapsed_time": 344.73733496665955
}