{
  "epoch": 4,
  "train_loss": 0.3255810123223525,
  "train_acc": 0.9903474903474904,
  "val_loss": 0.33268478026195447,
  "val_acc": 0.9777015437392796,
  "timestamp": "2025-05-01T02:51:11.099379",
  "elapsed_time": 246.7043707370758
}