{
  "epoch": 7,
  "train_loss": 0.3205136771385486,
  "train_acc": 0.9944229944229944,
  "val_loss": 0.32821594999761,
  "val_acc": 0.9854202401372213,
  "timestamp": "2025-05-01T02:53:38.554729",
  "elapsed_time": 394.1557447910309
}