{
  "epoch": 14,
  "train_loss": 0.3171383145527962,
  "train_acc": 0.9972114972114973,
  "val_loss": 0.3263648207090339,
  "val_acc": 0.9871355060034306,
  "timestamp": "2025-05-01T02:59:21.781168",
  "elapsed_time": 737.3762204647064
}