{
  "epoch": 11,
  "train_loss": 0.3171661838507041,
  "train_acc": 0.9976404976404977,
  "val_loss": 0.3270832184626132,
  "val_acc": 0.9862778730703259,
  "timestamp": "2025-05-01T02:56:54.349123",
  "elapsed_time": 589.95143866539
}