{
  "epoch": 8,
  "train_loss": 0.31898957536770745,
  "train_acc": 0.9954954954954955,
  "val_loss": 0.32798082609565893,
  "val_acc": 0.9854202401372213,
  "timestamp": "2025-05-01T02:54:27.652890",
  "elapsed_time": 443.264413356781
}