{
  "epoch": 9,
  "train_loss": 0.31835096539595187,
  "train_acc": 0.9967824967824968,
  "val_loss": 0.3287544104517723,
  "val_acc": 0.9811320754716981,
  "timestamp": "2025-05-01T02:55:16.571571",
  "elapsed_time": 492.16395473480225
}