{
  "epoch": 5,
  "train_loss": 0.32374634330089275,
  "train_acc": 0.9916344916344917,
  "val_loss": 0.33161070942878723,
  "val_acc": 0.9819897084048027,
  "timestamp": "2025-05-01T02:52:00.167557",
  "elapsed_time": 295.770587682724
}