{
  "epoch": 18,
  "train_loss": 0.31588478990090196,
  "train_acc": 0.9987129987129987,
  "val_loss": 0.32704829257361745,
  "val_acc": 0.9862778730703259,
  "timestamp": "2025-05-01T03:02:38.611470",
  "elapsed_time": 934.1726927757263
}