{
  "epoch": 0,
  "train_loss": 0.5224195761558337,
  "train_acc": 0.7949377949377949,
  "val_loss": 0.40710233790533884,
  "val_acc": 0.9125214408233276,
  "timestamp": "2025-05-01T02:47:53.106927",
  "elapsed_time": 48.69174575805664
}