{
  "epoch": 13,
  "train_loss": 0.3164960240706419,
  "train_acc": 0.9978549978549979,
  "val_loss": 0.327689065616958,
  "val_acc": 0.9845626072041166,
  "timestamp": "2025-05-01T02:58:32.547240",
  "elapsed_time": 688.1115097999573
}