{
  "epoch": 12,
  "train_loss": 0.31632951360482436,
  "train_acc": 0.9982839982839983,
  "val_loss": 0.3277517459830459,
  "val_acc": 0.9845626072041166,
  "timestamp": "2025-05-01T02:57:43.648760",
  "elapsed_time": 639.2407259941101
}