{
  "train_loss": [
    0.5224195761558337,
    0.3830552712464944,
    0.3469685047100752,
    0.33139659288601997,
    0.3255810123223525,
    0.32374634330089275,
    0.3225909833724682,
    0.3205136771385486,
    0.31898957536770745,
    0.31835096539595187,
    0.3194219146019373,
    0.3171661838507041,
    0.31632951360482436,
    0.3164960240706419,
    0.3171383145527962,
    0.31499174344233977,
    0.3168833877795782,
    0.31549652264668393,
    0.31588478990090196,
    0.315911407654102
  ],
  "train_acc": [
    0.7949377949377949,
    0.9416559416559417,
    0.974903474903475,
    0.9873444873444873,
    0.9903474903474904,
    0.9916344916344917,
    0.9944229944229944,
    0.9944229944229944,
    0.9954954954954955,
    0.9967824967824968,
    0.9948519948519948,
    0.9976404976404977,
    0.9982839982839983,
    0.9978549978549979,
    0.9972114972114973,
    0.9991419991419992,
    0.9980694980694981,
    0.9991419991419992,
    0.9987129987129987,
    0.9982839982839983
  ],
  "val_loss": [
    0.40710233790533884,
    0.3518640709166624,
    0.3383672486762611,
    0.336314821121644,
    0.33268478026195447,
    0.33161070942878723,
    0.327348137388424,
    0.32821594999761,
    0.32798082609565893,
    0.3287544104517723,
    0.32618191716622336,
    0.3270832184626132,
    0.3277517459830459,
    0.327689065616958,
    0.3263648207090339,
    0.325566365402572,
    0.32512269457992243,
    0.3240354839636355,
    0.32704829257361745,
    0.32445303396302827
  ],
  "val_acc": [
    0.9125214408233276,
    0.9716981132075472,
    0.9785591766723842,
    0.9794168096054888,
    0.9777015437392796,
    0.9819897084048027,
    0.9871355060034306,
    0.9854202401372213,
    0.9854202401372213,
    0.9811320754716981,
    0.9862778730703259,
    0.9862778730703259,
    0.9845626072041166,
    0.9845626072041166,
    0.9871355060034306,
    0.9888507718696398,
    0.9888507718696398,
    0.9905660377358491,
    0.9862778730703259,
    0.9879931389365352
  ],
  "best_acc": 0.9905660377358491
}