{
  "epoch": 11,
  "train_loss": 0.31648080883881985,
  "train_acc": 0.996996996996997,
  "val_loss": 0.325295591232728,
  "val_acc": 0.9888507718696398,
  "timestamp": "2025-05-01T11:16:04.514543",
  "elapsed_time": 1000.9474198818207
}