{
  "epoch": 5,
  "train_loss": 0.33714197278022767,
  "train_acc": 0.9764049764049764,
  "val_loss": 0.359376749213861,
  "val_acc": 0.9519725557461407,
  "timestamp": "2025-05-01T11:07:44.816386",
  "elapsed_time": 501.24247336387634
}