{
  "epoch": 18,
  "train_loss": 0.3150147121686202,
  "train_acc": 0.9984984984984985,
  "val_loss": 0.3263545784415031,
  "val_acc": 0.9888507718696398,
  "timestamp": "2025-05-01T11:25:49.814934",
  "elapsed_time": 1586.2454965114594
}