{
  "epoch": 14,
  "train_loss": 0.3154087606148842,
  "train_acc": 0.9980694980694981,
  "val_loss": 0.32582791605774236,
  "val_acc": 0.9879931389365352,
  "timestamp": "2025-05-01T11:20:15.814577",
  "elapsed_time": 1252.2174353599548
}