{
  "epoch": 4,
  "train_loss": 0.34270599774825267,
  "train_acc": 0.971042471042471,
  "val_loss": 0.34124722286146514,
  "val_acc": 0.9708404802744426,
  "timestamp": "2025-05-01T11:06:21.965086",
  "elapsed_time": 418.38821744918823
}