{
  "epoch": 15,
  "train_loss": 0.3151162910155761,
  "train_acc": 0.9984984984984985,
  "val_loss": 0.3258144739939242,
  "val_acc": 0.9879931389365352,
  "timestamp": "2025-05-01T11:21:41.602773",
  "elapsed_time": 1338.0000030994415
}