{
  "epoch": 8,
  "train_loss": 0.3272844766959166,
  "train_acc": 0.9862719862719863,
  "val_loss": 0.3366009057784567,
  "val_acc": 0.9734133790737565,
  "timestamp": "2025-05-01T11:11:54.207578",
  "elapsed_time": 750.6354846954346
}