{
  "epoch": 7,
  "train_loss": 0.32239716649055483,
  "train_acc": 0.9914199914199914,
  "val_loss": 0.356061759043713,
  "val_acc": 0.9528301886792453,
  "timestamp": "2025-05-01T11:10:30.423172",
  "elapsed_time": 666.8555307388306
}