{
  "epoch": 9,
  "train_loss": 0.3192593897000337,
  "train_acc": 0.9946374946374946,
  "val_loss": 0.32855934208753157,
  "val_acc": 0.983704974271012,
  "timestamp": "2025-05-01T11:13:17.817000",
  "elapsed_time": 834.2347047328949
}