{
  "epoch": 17,
  "train_loss": 0.31508432703140454,
  "train_acc": 0.9984984984984985,
  "val_loss": 0.32557540341299407,
  "val_acc": 0.9888507718696398,
  "timestamp": "2025-05-01T11:24:25.683789",
  "elapsed_time": 1502.0854332447052
}