{
  "epoch": 0,
  "train_loss": 0.475896983116101,
  "train_acc": 0.8425568425568426,
  "val_loss": 0.395723927385953,
  "val_acc": 0.9228130360205832,
  "timestamp": "2025-05-01T11:00:46.741608",
  "elapsed_time": 83.1688449382782
}