{
  "epoch": 1,
  "train_loss": 0.3861738593150408,
  "train_acc": 0.9347919347919348,
  "val_loss": 0.45425436448077766,
  "val_acc": 0.8516295025728988,
  "timestamp": "2025-05-01T11:02:09.765818",
  "elapsed_time": 166.2032413482666
}