{
  "epoch": 16,
  "train_loss": 0.315179478816497,
  "train_acc": 0.9984984984984985,
  "val_loss": 0.3267975479972606,
  "val_acc": 0.9871355060034306,
  "timestamp": "2025-05-01T11:23:02.352306",
  "elapsed_time": 1418.7725093364716
}