{
  "epoch": 12,
  "train_loss": 0.3163633523843227,
  "train_acc": 0.996996996996997,
  "val_loss": 0.32864484495046187,
  "val_acc": 0.983704974271012,
  "timestamp": "2025-05-01T11:17:28.310984",
  "elapsed_time": 1084.7465589046478
}