{
  "epoch": 3,
  "train_loss": 0.343304519317089,
  "train_acc": 0.9723294723294723,
  "val_loss": 0.3595407459200645,
  "val_acc": 0.9485420240137221,
  "timestamp": "2025-05-01T11:04:57.918564",
  "elapsed_time": 334.3534405231476
}