{
  "epoch": 10,
  "train_loss": 0.31776611514580555,
  "train_acc": 0.9963534963534963,
  "val_loss": 0.32781087622350574,
  "val_acc": 0.9854202401372213,
  "timestamp": "2025-05-01T11:14:41.881060",
  "elapsed_time": 918.2948744297028
}