{
  "epoch": 6,
  "train_loss": 0.3289401395198626,
  "train_acc": 0.9860574860574861,
  "val_loss": 0.3376435813855152,
  "val_acc": 0.9768439108061749,
  "timestamp": "2025-05-01T11:09:08.184252",
  "elapsed_time": 584.5953652858734
}