{
  "epoch": 2,
  "train_loss": 0.3630576353806716,
  "train_acc": 0.954096954096954,
  "val_loss": 0.3557414424662687,
  "val_acc": 0.9554030874785592,
  "timestamp": "2025-05-01T11:03:34.496389",
  "elapsed_time": 250.91662001609802
}