{
  "epoch": 13,
  "train_loss": 0.3160804131092169,
  "train_acc": 0.9974259974259975,
  "val_loss": 0.32454896763879426,
  "val_acc": 0.9888507718696398,
  "timestamp": "2025-05-01T11:18:51.685016",
  "elapsed_time": 1168.118010044098
}