{
  "train_loss": [
    0.475896983116101,
    0.3861738593150408,
    0.3630576353806716,
    0.343304519317089,
    0.34270599774825267,
    0.33714197278022767,
    0.3289401395198626,
    0.32239716649055483,
    0.3272844766959166,
    0.3192593897000337,
    0.31776611514580555,
    0.31648080883881985,
    0.3163633523843227,
    0.3160804131092169,
    0.3154087606148842,
    0.3151162910155761,
    0.315179478816497,
    0.31508432703140454,
    0.3150147121686202
  ],
  "train_acc": [
    0.8425568425568426,
    0.9347919347919348,
    0.954096954096954,
    0.9723294723294723,
    0.971042471042471,
    0.9764049764049764,
    0.9860574860574861,
    0.9914199914199914,
    0.9862719862719863,
    0.9946374946374946,
    0.9963534963534963,
    0.996996996996997,
    0.996996996996997,
    0.9974259974259975,
    0.9980694980694981,
    0.9984984984984985,
    0.9984984984984985,
    0.9984984984984985,
    0.9984984984984985
  ],
  "val_loss": [
    0.395723927385953,
    0.45425436448077766,
    0.3557414424662687,
    0.3595407459200645,
    0.34124722286146514,
    0.359376749213861,
    0.3376435813855152,
    0.356061759043713,
    0.3366009057784567,
    0.32855934208753157,
    0.32781087622350574,
    0.325295591232728,
    0.32864484495046187,
    0.32454896763879426,
    0.32582791605774236,
    0.3258144739939242,
    0.3267975479972606,
    0.32557540341299407,
    0.3263545784415031
  ],
  "val_acc": [
    0.9228130360205832,
    0.8516295025728988,
    0.9554030874785592,
    0.9485420240137221,
    0.9708404802744426,
    0.9519725557461407,
    0.9768439108061749,
    0.9528301886792453,
    0.9734133790737565,
    0.983704974271012,
    0.9854202401372213,
    0.9888507718696398,
    0.983704974271012,
    0.9888507718696398,
    0.9879931389365352,
    0.9879931389365352,
    0.9871355060034306,
    0.9888507718696398,
    0.9888507718696398
  ],
  "best_acc": 0.9888507718696398
}