{
  "epoch": 8,
  "train_loss": 0.43869890234409237,
  "train_acc": 0.868940368940369,
  "val_loss": 0.4659507645636189,
  "val_acc": 0.8387650085763293,
  "timestamp": "2025-05-01T10:41:15.771478",
  "elapsed_time": 772.233734369278
}