{
  "epoch": 15,
  "train_loss": 0.3562532432568379,
  "train_acc": 0.9577434577434577,
  "val_loss": 0.3895311142717089,
  "val_acc": 0.9202401372212693,
  "timestamp": "2025-05-01T10:51:09.313273",
  "elapsed_time": 1365.779592037201
}