{
  "epoch": 13,
  "train_loss": 0.36189099825345555,
  "train_acc": 0.9515229515229515,
  "val_loss": 0.39498098954862476,
  "val_acc": 0.9159519725557461,
  "timestamp": "2025-05-01T10:48:21.773293",
  "elapsed_time": 1198.225219964981
}