{
  "epoch": 14,
  "train_loss": 0.3581227079415933,
  "train_acc": 0.9562419562419563,
  "val_loss": 0.39271957837805455,
  "val_acc": 0.9219554030874786,
  "timestamp": "2025-05-01T10:49:45.679482",
  "elapsed_time": 1282.1360998153687
}