{
  "epoch": 0,
  "train_loss": 0.5999042445268387,
  "train_acc": 0.696053196053196,
  "val_loss": 0.5718274712562561,
  "val_acc": 0.70926243567753,
  "timestamp": "2025-05-01T10:29:47.285427",
  "elapsed_time": 83.76430368423462
}