{
  "epoch": 6,
  "train_loss": 0.44067844672080797,
  "train_acc": 0.8672243672243672,
  "val_loss": 0.4559839161074891,
  "val_acc": 0.855917667238422,
  "timestamp": "2025-05-01T10:38:19.590280",
  "elapsed_time": 596.0570232868195
}