{
  "epoch": 2,
  "train_loss": 0.5048522892670754,
  "train_acc": 0.7966537966537967,
  "val_loss": 0.4868554174900055,
  "val_acc": 0.8138936535162951,
  "timestamp": "2025-05-01T10:32:31.897068",
  "elapsed_time": 248.37596821784973
}