{
  "epoch": 19,
  "train_loss": 0.3519344296210851,
  "train_acc": 0.9618189618189619,
  "val_loss": 0.38449428397781993,
  "val_acc": 0.9279588336192109,
  "timestamp": "2025-05-01T10:56:43.808207",
  "elapsed_time": 1700.2303850650787
}