{
  "epoch": 1,
  "train_loss": 0.5519354404547275,
  "train_acc": 0.7466752466752467,
  "val_loss": 0.509900416646685,
  "val_acc": 0.7890222984562607,
  "timestamp": "2025-05-01T10:31:10.150906",
  "elapsed_time": 166.62860560417175
}