{
  "epoch": 5,
  "train_loss": 0.4696198336589031,
  "train_acc": 0.8363363363363363,
  "val_loss": 0.46208728697835183,
  "val_acc": 0.8447684391080618,
  "timestamp": "2025-05-01T10:36:51.672975",
  "elapsed_time": 508.1427183151245
}