{
  "epoch": 12,
  "train_loss": 0.3652800880945646,
  "train_acc": 0.9472329472329473,
  "val_loss": 0.40086956595887946,
  "val_acc": 0.9090909090909091,
  "timestamp": "2025-05-01T10:46:56.878203",
  "elapsed_time": 1113.352441072464
}