{
  "epoch": 16,
  "train_loss": 0.3538542371529799,
  "train_acc": 0.9596739596739596,
  "val_loss": 0.38694177537548297,
  "val_acc": 0.9245283018867925,
  "timestamp": "2025-05-01T10:52:33.039375",
  "elapsed_time": 1449.500461101532
}