{
  "epoch": 18,
  "train_loss": 0.3527759406811152,
  "train_acc": 0.960960960960961,
  "val_loss": 0.38674356256212505,
  "val_acc": 0.9271012006861064,
  "timestamp": "2025-05-01T10:55:19.802635",
  "elapsed_time": 1616.2704346179962
}