{
  "epoch": 11,
  "train_loss": 0.37766812107501885,
  "train_acc": 0.9347919347919348,
  "val_loss": 0.40387730513300213,
  "val_acc": 0.9125214408233276,
  "timestamp": "2025-05-01T10:45:32.619161",
  "elapsed_time": 1029.084166765213
}