{
  "epoch": 7,
  "train_loss": 0.4376775177625509,
  "train_acc": 0.87001287001287,
  "val_loss": 0.4481724312110823,
  "val_acc": 0.8619210977701544,
  "timestamp": "2025-05-01T10:39:44.627609",
  "elapsed_time": 681.0628335475922
}