{
  "epoch": 17,
  "train_loss": 0.35534039567678405,
  "train_acc": 0.9586014586014586,
  "val_loss": 0.3806597049138984,
  "val_acc": 0.9313893653516295,
  "timestamp": "2025-05-01T10:53:56.820003",
  "elapsed_time": 1533.2677204608917
}