{
  "epoch": 10,
  "train_loss": 0.39670900748326227,
  "train_acc": 0.9135564135564136,
  "val_loss": 0.40970783148493084,
  "val_acc": 0.8996569468267581,
  "timestamp": "2025-05-01T10:44:07.797337",
  "elapsed_time": 944.2673895359039
}