{
  "epoch": 9,
  "train_loss": 0.424254399843705,
  "train_acc": 0.8867438867438867,
  "val_loss": 0.4301651199253238,
  "val_acc": 0.8756432246998285,
  "timestamp": "2025-05-01T10:42:41.391765",
  "elapsed_time": 857.8739671707153
}