{
  "epoch": 3,
  "train_loss": 0.4808623648606814,
  "train_acc": 0.8245388245388245,
  "val_loss": 0.52824972600353,
  "val_acc": 0.7701543739279588,
  "timestamp": "2025-05-01T10:33:58.658664",
  "elapsed_time": 335.1211907863617
}