{
  "epoch": 4,
  "train_loss": 0.47498402091173025,
  "train_acc": 0.8283998283998284,
  "val_loss": 0.4950841482804746,
  "val_acc": 0.8087478559176673,
  "timestamp": "2025-05-01T10:35:25.285304",
  "elapsed_time": 421.73597598075867
}