{
  "train_loss": [
    0.5999042445268387,
    0.5519354404547275,
    0.5048522892670754,
    0.4808623648606814,
    0.47498402091173025,
    0.4696198336589031,
    0.44067844672080797,
    0.4376775177625509,
    0.43869890234409237,
    0.424254399843705,
    0.39670900748326227,
    0.37766812107501885,
    0.3652800880945646,
    0.36189099825345555,
    0.3581227079415933,
    0.3562532432568379,
    0.3538542371529799,
    0.35534039567678405,
    0.3527759406811152,
    0.3519344296210851
  ],
  "train_acc": [
    0.696053196053196,
    0.7466752466752467,
    0.7966537966537967,
    0.8245388245388245,
    0.8283998283998284,
    0.8363363363363363,
    0.8672243672243672,
    0.87001287001287,
    0.868940368940369,
    0.8867438867438867,
    0.9135564135564136,
    0.9347919347919348,
    0.9472329472329473,
    0.9515229515229515,
    0.9562419562419563,
    0.9577434577434577,
    0.9596739596739596,
    0.9586014586014586,
    0.960960960960961,
    0.9618189618189619
  ],
  "val_loss": [
    0.5718274712562561,
    0.509900416646685,
    0.4868554174900055,
    0.52824972600353,
    0.4950841482804746,
    0.46208728697835183,
    0.4559839161074891,
    0.4481724312110823,
    0.4659507645636189,
    0.4301651199253238,
    0.40970783148493084,
    0.40387730513300213,
    0.40086956595887946,
    0.39498098954862476,
    0.39271957837805455,
    0.3895311142717089,
    0.38694177537548297,
    0.3806597049138984,
    0.38674356256212505,
    0.38449428397781993
  ],
  "val_acc": [
    0.70926243567753,
    0.7890222984562607,
    0.8138936535162951,
    0.7701543739279588,
    0.8087478559176673,
    0.8447684391080618,
    0.855917667238422,
    0.8619210977701544,
    0.8387650085763293,
    0.8756432246998285,
    0.8996569468267581,
    0.9125214408233276,
    0.9090909090909091,
    0.9159519725557461,
    0.9219554030874786,
    0.9202401372212693,
    0.9245283018867925,
    0.9313893653516295,
    0.9271012006861064,
    0.9279588336192109
  ],
  "best_acc": 0.9313893653516295
}