{
  "epoch": 13,
  "train_loss": 0.6535512098899254,
  "train_acc": 0.6001716001716002,
  "val_loss": 0.6457532206360175,
  "val_acc": 0.6166380789022299,
  "timestamp": "2025-05-01T01:46:59.158134",
  "elapsed_time": 672.7349557876587
}