{
  "epoch": 19,
  "train_loss": 0.6449461695475456,
  "train_acc": 0.6171171171171171,
  "val_loss": 0.6385771875478783,
  "val_acc": 0.6286449399656947,
  "timestamp": "2025-05-01T01:51:46.935141",
  "elapsed_time": 960.5261497497559
}