{
  "epoch": 9,
  "train_loss": 0.6652979297515673,
  "train_acc": 0.5851565851565852,
  "val_loss": 0.6582105780134395,
  "val_acc": 0.6046312178387651,
  "timestamp": "2025-05-01T01:43:46.551803",
  "elapsed_time": 480.14873600006104
}