{
  "epoch": 12,
  "train_loss": 0.6581401727138422,
  "train_acc": 0.5888030888030888,
  "val_loss": 0.6509621058191571,
  "val_acc": 0.6106346483704974,
  "timestamp": "2025-05-01T01:46:11.217622",
  "elapsed_time": 624.8153960704803
}