{
  "epoch": 15,
  "train_loss": 0.6510428126041706,
  "train_acc": 0.6085371085371085,
  "val_loss": 0.6417649169357456,
  "val_acc": 0.6234991423670669,
  "timestamp": "2025-05-01T01:48:35.422923",
  "elapsed_time": 769.0179424285889
}