{
  "epoch": 6,
  "train_loss": 0.6743692343051617,
  "train_acc": 0.5694980694980695,
  "val_loss": 0.7167760437848617,
  "val_acc": 0.5360205831903945,
  "timestamp": "2025-05-01T01:41:22.219672",
  "elapsed_time": 335.81390404701233
}