{
  "epoch": 4,
  "train_loss": 0.6779684088169,
  "train_acc": 0.5622050622050622,
  "val_loss": 0.6618449663629338,
  "val_acc": 0.6003430531732419,
  "timestamp": "2025-05-01T01:39:46.399063",
  "elapsed_time": 239.99465227127075
}