{
  "epoch": 3,
  "train_loss": 0.6806623978492541,
  "train_acc": 0.5495495495495496,
  "val_loss": 0.6830443861533184,
  "val_acc": 0.5377358490566038,
  "timestamp": "2025-05-01T01:38:58.343320",
  "elapsed_time": 191.9352993965149
}