{
  "epoch": 0,
  "train_loss": 0.7029676547417274,
  "train_acc": 0.5248820248820248,
  "val_loss": 0.7562827334112051,
  "val_acc": 0.5068610634648371,
  "timestamp": "2025-05-01T01:36:34.181308",
  "elapsed_time": 47.7677276134491
}