{
  "epoch": 10,
  "train_loss": 0.6578219624666067,
  "train_acc": 0.5958815958815958,
  "val_loss": 0.6530631002114744,
  "val_acc": 0.6046312178387651,
  "timestamp": "2025-05-01T01:44:34.570184",
  "elapsed_time": 528.1672170162201
}