{
  "epoch": 1,
  "train_loss": 0.6884913065494636,
  "train_acc": 0.5506220506220506,
  "val_loss": 0.6842607819304174,
  "val_acc": 0.5385934819897084,
  "timestamp": "2025-05-01T01:37:22.245075",
  "elapsed_time": 95.82988381385803
}