{
  "epoch": 7,
  "train_loss": 0.6789713257398361,
  "train_acc": 0.5478335478335479,
  "val_loss": 0.6796922890507445,
  "val_acc": 0.5377358490566038,
  "timestamp": "2025-05-01T01:42:10.598041",
  "elapsed_time": 384.1939010620117
}