{
  "epoch": 18,
  "train_loss": 0.6475941923948435,
  "train_acc": 0.6134706134706135,
  "val_loss": 0.6408931138564129,
  "val_acc": 0.6260720411663808,
  "timestamp": "2025-05-01T01:50:59.098617",
  "elapsed_time": 912.6967668533325
}