{
  "epoch": 14,
  "train_loss": 0.6496137970533127,
  "train_acc": 0.6108966108966108,
  "val_loss": 0.6434033257620675,
  "val_acc": 0.6243567753001715,
  "timestamp": "2025-05-01T01:47:47.207225",
  "elapsed_time": 720.7929639816284
}