{
  "epoch": 8,
  "train_loss": 0.6780922214190165,
  "train_acc": 0.5482625482625483,
  "val_loss": 0.6820796253729839,
  "val_acc": 0.6029159519725558,
  "timestamp": "2025-05-01T01:42:58.517873",
  "elapsed_time": 432.08360481262207
}