{
  "epoch": 2,
  "train_loss": 0.6820297895333706,
  "train_acc": 0.5506220506220506,
  "val_loss": 0.6856525491695015,
  "val_acc": 0.5420240137221269,
  "timestamp": "2025-05-01T01:38:10.468273",
  "elapsed_time": 144.06222772598267
}