{
  "epoch": 5,
  "train_loss": 0.6690592463199909,
  "train_acc": 0.5832260832260833,
  "val_loss": 0.662097016159369,
  "val_acc": 0.6089193825042881,
  "timestamp": "2025-05-01T01:40:34.405566",
  "elapsed_time": 288.0023183822632
}