{
  "epoch": 17,
  "train_loss": 0.6473319502977225,
  "train_acc": 0.611969111969112,
  "val_loss": 0.6530693197736934,
  "val_acc": 0.6123499142367067,
  "timestamp": "2025-05-01T01:50:11.030078",
  "elapsed_time": 864.5986618995667
}