{
  "epoch": 16,
  "train_loss": 0.6493082492779463,
  "train_acc": 0.6091806091806092,
  "val_loss": 0.6448670941956189,
  "val_acc": 0.6183533447684391,
  "timestamp": "2025-05-01T01:49:23.045775",
  "elapsed_time": 816.6174619197845
}