{
  "epoch": 11,
  "train_loss": 0.6555020420979231,
  "train_acc": 0.5954525954525954,
  "val_loss": 0.6506176505770002,
  "val_acc": 0.6072041166380789,
  "timestamp": "2025-05-01T01:45:22.669698",
  "elapsed_time": 576.2563192844391
}