{
  "train_loss": [
    0.7029676547417274,
    0.6884913065494636,
    0.6820297895333706,
    0.6806623978492541,
    0.6779684088169,
    0.6690592463199909,
    0.6743692343051617,
    0.6789713257398361,
    0.6780922214190165,
    0.6652979297515673,
    0.6578219624666067,
    0.6555020420979231,
    0.6581401727138422,
    0.6535512098899254,
    0.6496137970533127,
    0.6510428126041706,
    0.6493082492779463,
    0.6473319502977225,
    0.6475941923948435,
    0.6449461695475456
  ],
  "train_acc": [
    0.5248820248820248,
    0.5506220506220506,
    0.5506220506220506,
    0.5495495495495496,
    0.5622050622050622,
    0.5832260832260833,
    0.5694980694980695,
    0.5478335478335479,
    0.5482625482625483,
    0.5851565851565852,
    0.5958815958815958,
    0.5954525954525954,
    0.5888030888030888,
    0.6001716001716002,
    0.6108966108966108,
    0.6085371085371085,
    0.6091806091806092,
    0.611969111969112,
    0.6134706134706135,
    0.6171171171171171
  ],
  "val_loss": [
    0.7562827334112051,
    0.6842607819304174,
    0.6856525491695015,
    0.6830443861533184,
    0.6618449663629338,
    0.662097016159369,
    0.7167760437848617,
    0.6796922890507445,
    0.6820796253729839,
    0.6582105780134395,
    0.6530631002114744,
    0.6506176505770002,
    0.6509621058191571,
    0.6457532206360175,
    0.6434033257620675,
    0.6417649169357456,
    0.6448670941956189,
    0.6530693197736934,
    0.6408931138564129,
    0.6385771875478783
  ],
  "val_acc": [
    0.5068610634648371,
    0.5385934819897084,
    0.5420240137221269,
    0.5377358490566038,
    0.6003430531732419,
    0.6089193825042881,
    0.5360205831903945,
    0.5377358490566038,
    0.6029159519725558,
    0.6046312178387651,
    0.6046312178387651,
    0.6072041166380789,
    0.6106346483704974,
    0.6166380789022299,
    0.6243567753001715,
    0.6234991423670669,
    0.6183533447684391,
    0.6123499142367067,
    0.6260720411663808,
    0.6286449399656947
  ],
  "best_acc": 0.6286449399656947
}