{
  "epoch": 1,
  "train_loss": 0.8121933793410276,
  "train_acc": 0.5010725010725011,
  "val_loss": 0.8169060775211879,
  "val_acc": 0.4957118353344768,
  "timestamp": "2025-05-03T08:03:23.920236",
  "elapsed_time": 98.52554678916931
}