{
  "epoch": 15,
  "train_loss": 0.09027554251444646,
  "train_acc": 0.5010725010725011,
  "val_loss": 0.09118461738131484,
  "val_acc": 0.4957118353344768,
  "timestamp": "2025-05-03T08:15:29.407207",
  "elapsed_time": 785.2680089473724
}