{
  "epoch": 2,
  "train_loss": 0.8128344068160424,
  "train_acc": 0.5010725010725011,
  "val_loss": 0.8169060775211879,
  "val_acc": 0.4957118353344768,
  "timestamp": "2025-05-03T08:04:15.482154",
  "elapsed_time": 150.0738809108734
}