{
  "epoch": 8,
  "train_loss": 0.0902755427819032,
  "train_acc": 0.5010725010725011,
  "val_loss": 0.09118461738131484,
  "val_acc": 0.4957118353344768,
  "timestamp": "2025-05-03T08:09:17.780727",
  "elapsed_time": 443.0067298412323
}