{
  "epoch": 13,
  "train_loss": 0.8134327145723196,
  "train_acc": 0.5010725010725011,
  "val_loss": 0.8161772331412958,
  "val_acc": 0.4957118353344768,
  "timestamp": "2025-05-03T08:13:31.856126",
  "elapsed_time": 687.0708615779877
}