{
  "epoch": 10,
  "train_loss": 0.0906020862933917,
  "train_acc": 0.5010725010725011,
  "val_loss": 0.09118461738131484,
  "val_acc": 0.4957118353344768,
  "timestamp": "2025-05-03T08:10:55.977415",
  "elapsed_time": 541.2013528347015
}