{
  "epoch": 14,
  "train_loss": 0.8121933768957089,
  "train_acc": 0.5010725010725011,
  "val_loss": 0.8169060775211879,
  "val_acc": 0.4957118353344768,
  "timestamp": "2025-05-03T08:14:30.485038",
  "elapsed_time": 735.985377073288
}