{
  "epoch": 18,
  "train_loss": 0.09049323804867573,
  "train_acc": 0.5010725010725011,
  "val_loss": 0.09118461738131484,
  "val_acc": 0.4957118353344768,
  "timestamp": "2025-05-03T08:18:25.626759",
  "elapsed_time": 931.9076001644135
}