{
  "epoch": 16,
  "train_loss": 0.812407080638103,
  "train_acc": 0.5010725010725011,
  "val_loss": 0.8161772331412958,
  "val_acc": 0.4957118353344768,
  "timestamp": "2025-05-03T08:16:29.728498",
  "elapsed_time": 835.5860209465027
}