{
  "epoch": 4,
  "train_loss": 0.8121933805636871,
  "train_acc": 0.5010725010725011,
  "val_loss": 0.8169060775211879,
  "val_acc": 0.4957118353344768,
  "timestamp": "2025-05-03T08:05:52.598575",
  "elapsed_time": 247.20168948173523
}