{
  "epoch": 0,
  "train_loss": 0.8119935130461668,
  "train_acc": 0.5006435006435006,
  "val_loss": 0.8169060775211879,
  "val_acc": 0.4957118353344768,
  "timestamp": "2025-05-03T08:02:34.088752",
  "elapsed_time": 48.68664836883545
}