{
  "epoch": 17,
  "train_loss": 0.8121933863713191,
  "train_acc": 0.5010725010725011,
  "val_loss": 0.8169060775211879,
  "val_acc": 0.4957118353344768,
  "timestamp": "2025-05-03T08:17:27.203445",
  "elapsed_time": 883.5359241962433
}