{
  "epoch": 7,
  "train_loss": 0.09049323818240411,
  "train_acc": 0.5010725010725011,
  "val_loss": 0.09118461738131484,
  "val_acc": 0.4957118353344768,
  "timestamp": "2025-05-03T08:08:28.745228",
  "elapsed_time": 393.9721009731293
}