{
  "epoch": 11,
  "train_loss": 0.09049323829702842,
  "train_acc": 0.5010725010725011,
  "val_loss": 0.09118461738131484,
  "val_acc": 0.4957118353344768,
  "timestamp": "2025-05-03T08:11:45.521729",
  "elapsed_time": 590.723363161087
}