{
  "epoch": 5,
  "train_loss": 0.8121933741447253,
  "train_acc": 0.5010725010725011,
  "val_loss": 0.8169060775211879,
  "val_acc": 0.4957118353344768,
  "timestamp": "2025-05-03T08:06:40.646654",
  "elapsed_time": 295.24903750419617
}