{
  "epoch": 12,
  "train_loss": 0.0902755427819032,
  "train_acc": 0.5010725010725011,
  "val_loss": 0.09118461738131484,
  "val_acc": 0.4957118353344768,
  "timestamp": "2025-05-03T08:12:32.835857",
  "elapsed_time": 638.0624725818634
}