{
  "epoch": 6,
  "train_loss": 0.8109113294344682,
  "train_acc": 0.5010725010725011,
  "val_loss": 0.8169060775211879,
  "val_acc": 0.4957118353344768,
  "timestamp": "2025-05-03T08:07:31.127078",
  "elapsed_time": 345.72850942611694
}