{
  "train_loss": [
    0.8119935130461668,
    0.8121933793410276,
    0.8128344068160424,
    0.81219338453733,
    0.8121933805636871,
    0.8121933741447253,
    0.8109113294344682,
    0.09049323818240411,
    0.0902755427819032,
    0.09049323780032305,
    0.0906020862933917,
    0.09049323829702842,
    0.0902755427819032,
    0.8134327145723196,
    0.8121933768957089,
    0.09027554251444646,
    0.812407080638103,
    0.8121933863713191,
    0.09049323804867573,
    0.81240707666446
  ],
  "train_acc": [
    0.5006435006435006,
    0.5010725010725011,
    0.5010725010725011,
    0.5010725010725011,
    0.5010725010725011,
    0.5010725010725011,
    0.5010725010725011,
    0.5010725010725011,
    0.5010725010725011,
    0.5010725010725011,
    0.5010725010725011,
    0.5010725010725011,
    0.5010725010725011,
    0.5010725010725011,
    0.5010725010725011,
    0.5010725010725011,
    0.5010725010725011,
    0.5010725010725011,
    0.5010725010725011,
    0.5010725010725011
  ],
  "val_loss": [
    0.8169060775211879,
    0.8169060775211879,
    0.8169060775211879,
    0.8169060775211879,
    0.8169060775211879,
    0.8169060775211879,
    0.8169060775211879,
    0.09118461738131484,
    0.09118461738131484,
    0.09118461738131484,
    0.09118461738131484,
    0.09118461738131484,
    0.09118461738131484,
    0.8161772331412958,
    0.8169060775211879,
    0.09118461738131484,
    0.8161772331412958,
    0.8169060775211879,
    0.09118461738131484,
    0.8161772331412958
  ],
  "val_acc": [
    0.4957118353344768,
    0.4957118353344768,
    0.4957118353344768,
    0.4957118353344768,
    0.4957118353344768,
    0.4957118353344768,
    0.4957118353344768,
    0.4957118353344768,
    0.4957118353344768,
    0.4957118353344768,
    0.4957118353344768,
    0.4957118353344768,
    0.4957118353344768,
    0.4957118353344768,
    0.4957118353344768,
    0.4957118353344768,
    0.4957118353344768,
    0.4957118353344768,
    0.4957118353344768,
    0.4957118353344768
  ],
  "best_acc": 0.4957118353344768
}