{
  "epoch": 9,
  "train_loss": 0.35434291393328937,
  "train_acc": 0.9613899613899614,
  "val_loss": 0.34049819379436724,
  "val_acc": 0.9751286449399656,
  "timestamp": "2025-05-03T09:48:48.467378",
  "elapsed_time": 980.6948630809784
}