{
  "epoch": 19,
  "train_loss": 0.3303308523618258,
  "train_acc": 0.9847704847704848,
  "val_loss": 0.3313094407928233,
  "val_acc": 0.9819897084048027,
  "timestamp": "2025-05-03T10:05:07.742941",
  "elapsed_time": 1959.9634988307953
}