{
  "epoch": 0,
  "train_loss": 0.5604591024227631,
  "train_acc": 0.7610467610467611,
  "val_loss": 0.4589212530729722,
  "val_acc": 0.8662092624356775,
  "timestamp": "2025-05-03T09:34:08.283415",
  "elapsed_time": 100.44836354255676
}