{
  "epoch": 14,
  "train_loss": 0.3316203591151115,
  "train_acc": 0.9843414843414844,
  "val_loss": 0.3321135378613764,
  "val_acc": 0.9811320754716981,
  "timestamp": "2025-05-03T09:56:59.118781",
  "elapsed_time": 1471.333161354065
}