{
  "epoch": 16,
  "train_loss": 0.3290260793306889,
  "train_acc": 0.9875589875589875,
  "val_loss": 0.33659058930922525,
  "val_acc": 0.9768439108061749,
  "timestamp": "2025-05-03T10:00:15.888590",
  "elapsed_time": 1668.0589118003845
}