{
  "epoch": 17,
  "train_loss": 0.3298930265964606,
  "train_acc": 0.9862719862719863,
  "val_loss": 0.3314422782586545,
  "val_acc": 0.9819897084048027,
  "timestamp": "2025-05-03T10:01:52.445987",
  "elapsed_time": 1764.6541018486023
}