{
  "epoch": 10,
  "train_loss": 0.3396244385303595,
  "train_acc": 0.9766194766194766,
  "val_loss": 0.33713243384750524,
  "val_acc": 0.9768439108061749,
  "timestamp": "2025-05-03T09:50:26.302751",
  "elapsed_time": 1078.5320057868958
}