{
  "epoch": 6,
  "train_loss": 0.3708730289569268,
  "train_acc": 0.9438009438009438,
  "val_loss": 0.3561012075871837,
  "val_acc": 0.9588336192109777,
  "timestamp": "2025-05-03T09:43:57.640008",
  "elapsed_time": 689.8616647720337
}