{
  "epoch": 4,
  "train_loss": 0.3860714200215462,
  "train_acc": 0.9343629343629344,
  "val_loss": 0.38839206281973393,
  "val_acc": 0.9236706689536878,
  "timestamp": "2025-05-03T09:40:42.083537",
  "elapsed_time": 494.31999015808105
}