{
  "epoch": 8,
  "train_loss": 0.3588407861880767,
  "train_acc": 0.9555984555984556,
  "val_loss": 0.3472289485590799,
  "val_acc": 0.9699828473413379,
  "timestamp": "2025-05-03T09:47:10.791417",
  "elapsed_time": 883.002197265625
}