{
  "epoch": 11,
  "train_loss": 0.3358119186682579,
  "train_acc": 0.9798369798369798,
  "val_loss": 0.33612324449480796,
  "val_acc": 0.9777015437392796,
  "timestamp": "2025-05-03T09:52:03.712293",
  "elapsed_time": 1175.9224441051483
}