{
  "epoch": 12,
  "train_loss": 0.33398140730001985,
  "train_acc": 0.9813384813384813,
  "val_loss": 0.3355572320977036,
  "val_acc": 0.9794168096054888,
  "timestamp": "2025-05-03T09:53:40.008433",
  "elapsed_time": 1272.2187683582306
}