{
  "epoch": 2,
  "train_loss": 0.42093007961908974,
  "train_acc": 0.8976833976833977,
  "val_loss": 0.40041099519145734,
  "val_acc": 0.9202401372212693,
  "timestamp": "2025-05-03T09:37:27.044742",
  "elapsed_time": 299.2596800327301
}