{
  "epoch": 1,
  "train_loss": 0.45473838784755805,
  "train_acc": 0.8663663663663663,
  "val_loss": 0.41776905436905065,
  "val_acc": 0.8953687821612349,
  "timestamp": "2025-05-03T09:35:47.485713",
  "elapsed_time": 199.70359253883362
}