{
  "epoch": 5,
  "train_loss": 0.3787442274582692,
  "train_acc": 0.9369369369369369,
  "val_loss": 0.35637709680868657,
  "val_acc": 0.9596912521440824,
  "timestamp": "2025-05-03T09:42:20.179248",
  "elapsed_time": 592.3943655490875
}