{
  "epoch": 15,
  "train_loss": 0.3315117881848262,
  "train_acc": 0.9851994851994852,
  "val_loss": 0.3335056262356894,
  "val_acc": 0.9777015437392796,
  "timestamp": "2025-05-03T09:58:37.121450",
  "elapsed_time": 1569.3285329341888
}