{
  "epoch": 3,
  "train_loss": 0.4046443772621644,
  "train_acc": 0.9122694122694123,
  "val_loss": 0.3845872903356747,
  "val_acc": 0.9262435677530018,
  "timestamp": "2025-05-03T09:39:05.109861",
  "elapsed_time": 397.3426196575165
}