{
  "epoch": 13,
  "train_loss": 0.33217081076059585,
  "train_acc": 0.9834834834834835,
  "val_loss": 0.3365952658409975,
  "val_acc": 0.9759862778730704,
  "timestamp": "2025-05-03T09:55:20.199325",
  "elapsed_time": 1372.4115362167358
}