{
  "epoch": 7,
  "train_loss": 0.3612386624018351,
  "train_acc": 0.9534534534534534,
  "val_loss": 0.35314819277549275,
  "val_acc": 0.9622641509433962,
  "timestamp": "2025-05-03T09:45:32.799514",
  "elapsed_time": 785.0330381393433
}