{
  "epoch": 18,
  "train_loss": 0.3279043512466626,
  "train_acc": 0.9892749892749892,
  "val_loss": 0.3345538602799785,
  "val_acc": 0.9785591766723842,
  "timestamp": "2025-05-03T10:03:29.871369",
  "elapsed_time": 1862.0612726211548
}