{
  "train_loss": [
    0.5604591024227631,
    0.45473838784755805,
    0.42093007961908974,
    0.4046443772621644,
    0.3860714200215462,
    0.3787442274582692,
    0.3708730289569268,
    0.3612386624018351,
    0.3588407861880767,
    0.35434291393328937,
    0.3396244385303595,
    0.3358119186682579,
    0.33398140730001985,
    0.33217081076059585,
    0.3316203591151115,
    0.3315117881848262,
    0.3290260793306889,
    0.3298930265964606,
    0.3279043512466626,
    0.3303308523618258
  ],
  "train_acc": [
    0.7610467610467611,
    0.8663663663663663,
    0.8976833976833977,
    0.9122694122694123,
    0.9343629343629344,
    0.9369369369369369,
    0.9438009438009438,
    0.9534534534534534,
    0.9555984555984556,
    0.9613899613899614,
    0.9766194766194766,
    0.9798369798369798,
    0.9813384813384813,
    0.9834834834834835,
    0.9843414843414844,
    0.9851994851994852,
    0.9875589875589875,
    0.9862719862719863,
    0.9892749892749892,
    0.9847704847704848
  ],
  "val_loss": [
    0.4589212530729722,
    0.41776905436905065,
    0.40041099519145734,
    0.3845872903356747,
    0.38839206281973393,
    0.35637709680868657,
    0.3561012075871837,
    0.35314819277549275,
    0.3472289485590799,
    0.34049819379436724,
    0.33713243384750524,
    0.33612324449480796,
    0.3355572320977036,
    0.3365952658409975,
    0.3321135378613764,
    0.3335056262356894,
    0.33659058930922525,
    0.3314422782586545,
    0.3345538602799785,
    0.3313094407928233
  ],
  "val_acc": [
    0.8662092624356775,
    0.8953687821612349,
    0.9202401372212693,
    0.9262435677530018,
    0.9236706689536878,
    0.9596912521440824,
    0.9588336192109777,
    0.9622641509433962,
    0.9699828473413379,
    0.9751286449399656,
    0.9768439108061749,
    0.9777015437392796,
    0.9794168096054888,
    0.9759862778730704,
    0.9811320754716981,
    0.9777015437392796,
    0.9768439108061749,
    0.9819897084048027,
    0.9785591766723842,
    0.9819897084048027
  ],
  "best_acc": 0.9819897084048027
}