{
  "epoch": 18,
  "train_loss": 0.3238558205274435,
  "train_acc": 0.9935649935649936,
  "val_loss": 0.3338970754827772,
  "val_acc": 0.983704974271012,
  "timestamp": "2025-05-01T00:18:55.494321",
  "elapsed_time": 976.1192140579224
}