{
  "epoch": 6,
  "train_loss": 0.3459475492819762,
  "train_acc": 0.9796224796224796,
  "val_loss": 0.3478465262724429,
  "val_acc": 0.9725557461406518,
  "timestamp": "2025-05-01T00:08:38.401668",
  "elapsed_time": 359.0307548046112
}