{
  "epoch": 13,
  "train_loss": 0.3242080740439586,
  "train_acc": 0.9946374946374946,
  "val_loss": 0.3346572980588796,
  "val_acc": 0.9777015437392796,
  "timestamp": "2025-05-01T00:14:37.732901",
  "elapsed_time": 718.3716571331024
}