{
  "epoch": 17,
  "train_loss": 0.32336879831094006,
  "train_acc": 0.9948519948519948,
  "val_loss": 0.3335630571355625,
  "val_acc": 0.9819897084048027,
  "timestamp": "2025-05-01T00:18:03.904125",
  "elapsed_time": 924.530965089798
}