{
  "epoch": 9,
  "train_loss": 0.3269868418192252,
  "train_acc": 0.9933504933504933,
  "val_loss": 0.3349608365370303,
  "val_acc": 0.983704974271012,
  "timestamp": "2025-05-01T00:11:12.179733",
  "elapsed_time": 512.8071181774139
}