{
  "epoch": 8,
  "train_loss": 0.33135780417002164,
  "train_acc": 0.9892749892749892,
  "val_loss": 0.33996680013987485,
  "val_acc": 0.9768439108061749,
  "timestamp": "2025-05-01T00:10:20.917469",
  "elapsed_time": 461.5385990142822
}