{
  "epoch": 3,
  "train_loss": 0.4013959838793828,
  "train_acc": 0.9311454311454311,
  "val_loss": 0.38853921999736707,
  "val_acc": 0.9399656946826758,
  "timestamp": "2025-05-01T00:06:03.791362",
  "elapsed_time": 204.42264413833618
}