{
  "epoch": 19,
  "train_loss": 0.324215098680594,
  "train_acc": 0.9948519948519948,
  "val_loss": 0.33511003851890564,
  "val_acc": 0.9811320754716981,
  "timestamp": "2025-05-01T00:19:46.901056",
  "elapsed_time": 1027.5342679023743
}