{
  "epoch": 10,
  "train_loss": 0.3253535894247202,
  "train_acc": 0.9931359931359931,
  "val_loss": 0.33494324221902966,
  "val_acc": 0.9819897084048027,
  "timestamp": "2025-05-01T00:12:03.797141",
  "elapsed_time": 564.4159157276154
}