{
  "epoch": 14,
  "train_loss": 0.32616302569707234,
  "train_acc": 0.9935649935649936,
  "val_loss": 0.3335902386782121,
  "val_acc": 0.9828473413379074,
  "timestamp": "2025-05-01T00:15:29.164780",
  "elapsed_time": 769.7942931652069
}