{
  "epoch": 5,
  "train_loss": 0.35665927880849596,
  "train_acc": 0.9686829686829687,
  "val_loss": 0.35737674151148113,
  "val_acc": 0.9665523156089194,
  "timestamp": "2025-05-01T00:07:46.961550",
  "elapsed_time": 307.5919187068939
}