{
  "epoch": 4,
  "train_loss": 0.3762088547914456,
  "train_acc": 0.9534534534534534,
  "val_loss": 0.3747541995681062,
  "val_acc": 0.9433962264150944,
  "timestamp": "2025-05-01T00:06:55.471886",
  "elapsed_time": 256.1033384799957
}