{
  "epoch": 12,
  "train_loss": 0.324787053389427,
  "train_acc": 0.9948519948519948,
  "val_loss": 0.33575183457257796,
  "val_acc": 0.9785591766723842,
  "timestamp": "2025-05-01T00:13:46.670106",
  "elapsed_time": 667.2944083213806
}