{
  "epoch": 16,
  "train_loss": 0.32534239674225834,
  "train_acc": 0.9929214929214929,
  "val_loss": 0.3328883118775426,
  "val_acc": 0.9811320754716981,
  "timestamp": "2025-05-01T00:17:12.439904",
  "elapsed_time": 873.0671994686127
}