{
  "epoch": 15,
  "train_loss": 0.3247206183580252,
  "train_acc": 0.9942084942084942,
  "val_loss": 0.3355794025927174,
  "val_acc": 0.9802744425385935,
  "timestamp": "2025-05-01T00:16:20.864419",
  "elapsed_time": 821.4815971851349
}