{
  "epoch": 2,
  "train_loss": 0.4370635773891058,
  "train_acc": 0.9013299013299013,
  "val_loss": 0.4193850688788356,
  "val_acc": 0.9090909090909091,
  "timestamp": "2025-05-01T00:05:12.788169",
  "elapsed_time": 153.41033005714417
}