{
  "epoch": 11,
  "train_loss": 0.3251053510568081,
  "train_acc": 0.9937794937794938,
  "val_loss": 0.3364100249446168,
  "val_acc": 0.9794168096054888,
  "timestamp": "2025-05-01T00:12:55.353057",
  "elapsed_time": 615.9568264484406
}