{
  "epoch": 1,
  "train_loss": 0.5020569196114173,
  "train_acc": 0.8410553410553411,
  "val_loss": 0.4621445244672347,
  "val_acc": 0.87221269296741,
  "timestamp": "2025-05-01T00:04:21.715691",
  "elapsed_time": 102.34399795532227
}