{
  "epoch": 7,
  "train_loss": 0.33585148912209734,
  "train_acc": 0.9871299871299871,
  "val_loss": 0.34028598605370036,
  "val_acc": 0.9802744425385935,
  "timestamp": "2025-05-01T00:09:29.778707",
  "elapsed_time": 410.4015076160431
}