{
  "epoch": 0,
  "train_loss": 0.6197457116383772,
  "train_acc": 0.7415272415272415,
  "val_loss": 0.5385409216491543,
  "val_acc": 0.807032590051458,
  "timestamp": "2025-05-01T00:03:30.387339",
  "elapsed_time": 51.001110553741455
}