{
  "train_loss": [
    0.6197457116383772,
    0.5020569196114173,
    0.4370635773891058,
    0.4013959838793828,
    0.3762088547914456,
    0.35665927880849596,
    0.3459475492819762,
    0.33585148912209734,
    0.33135780417002164,
    0.3269868418192252,
    0.3253535894247202,
    0.3251053510568081,
    0.324787053389427,
    0.3242080740439586,
    0.32616302569707234,
    0.3247206183580252,
    0.32534239674225834,
    0.32336879831094006,
    0.3238558205274435,
    0.324215098680594
  ],
  "train_acc": [
    0.7415272415272415,
    0.8410553410553411,
    0.9013299013299013,
    0.9311454311454311,
    0.9534534534534534,
    0.9686829686829687,
    0.9796224796224796,
    0.9871299871299871,
    0.9892749892749892,
    0.9933504933504933,
    0.9931359931359931,
    0.9937794937794938,
    0.9948519948519948,
    0.9946374946374946,
    0.9935649935649936,
    0.9942084942084942,
    0.9929214929214929,
    0.9948519948519948,
    0.9935649935649936,
    0.9948519948519948
  ],
  "val_loss": [
    0.5385409216491543,
    0.4621445244672347,
    0.4193850688788356,
    0.38853921999736707,
    0.3747541995681062,
    0.35737674151148113,
    0.3478465262724429,
    0.34028598605370036,
    0.33996680013987485,
    0.3349608365370303,
    0.33494324221902966,
    0.3364100249446168,
    0.33575183457257796,
    0.3346572980588796,
    0.3335902386782121,
    0.3355794025927174,
    0.3328883118775426,
    0.3335630571355625,
    0.3338970754827772,
    0.33511003851890564
  ],
  "val_acc": [
    0.807032590051458,
    0.87221269296741,
    0.9090909090909091,
    0.9399656946826758,
    0.9433962264150944,
    0.9665523156089194,
    0.9725557461406518,
    0.9802744425385935,
    0.9768439108061749,
    0.983704974271012,
    0.9819897084048027,
    0.9794168096054888,
    0.9785591766723842,
    0.9777015437392796,
    0.9828473413379074,
    0.9802744425385935,
    0.9811320754716981,
    0.9819897084048027,
    0.983704974271012,
    0.9811320754716981
  ],
  "best_acc": 0.983704974271012
}