{
  "epoch": 9,
  "train_loss": 0.32695235716990934,
  "train_acc": 0.9862719862719863,
  "val_loss": 0.33979189821652006,
  "val_acc": 0.9725557461406518,
  "timestamp": "2025-05-01T02:18:57.605920",
  "elapsed_time": 480.23835277557373
}