{
  "epoch": 13,
  "train_loss": 0.31714967107161496,
  "train_acc": 0.9965679965679966,
  "val_loss": 0.33205690615031186,
  "val_acc": 0.9802744425385935,
  "timestamp": "2025-05-01T02:22:10.552515",
  "elapsed_time": 673.1698644161224
}