{
  "epoch": 10,
  "train_loss": 0.32342555278386825,
  "train_acc": 0.98991848991849,
  "val_loss": 0.33203200843869424,
  "val_acc": 0.9802744425385935,
  "timestamp": "2025-05-01T02:19:45.850391",
  "elapsed_time": 528.4743127822876
}