{
  "epoch": 1,
  "train_loss": 0.34987402711159143,
  "train_acc": 0.9654654654654654,
  "val_loss": 0.3377178968215475,
  "val_acc": 0.9751286449399656,
  "timestamp": "2025-05-01T02:12:33.395639",
  "elapsed_time": 96.03028845787048
}