{
  "epoch": 7,
  "train_loss": 0.3316645194322635,
  "train_acc": 0.9811239811239811,
  "val_loss": 0.33913435984630974,
  "val_acc": 0.9734133790737565,
  "timestamp": "2025-05-01T02:17:21.609245",
  "elapsed_time": 384.2115521430969
}