{
  "epoch": 14,
  "train_loss": 0.31859976313053034,
  "train_acc": 0.9946374946374946,
  "val_loss": 0.3298263823499485,
  "val_acc": 0.9828473413379074,
  "timestamp": "2025-05-01T02:22:59.115014",
  "elapsed_time": 721.750020980835
}