{
  "epoch": 3,
  "train_loss": 0.33621824995065347,
  "train_acc": 0.9770484770484771,
  "val_loss": 0.3468892519571343,
  "val_acc": 0.967409948542024,
  "timestamp": "2025-05-01T02:14:09.306520",
  "elapsed_time": 191.9086127281189
}