{
  "epoch": 6,
  "train_loss": 0.33117650823715405,
  "train_acc": 0.9824109824109825,
  "val_loss": 0.3367617586437537,
  "val_acc": 0.9742710120068611,
  "timestamp": "2025-05-01T02:16:33.586463",
  "elapsed_time": 336.21311616897583
}