{
  "epoch": 15,
  "train_loss": 0.316766353448232,
  "train_acc": 0.996996996996997,
  "val_loss": 0.3287754697459085,
  "val_acc": 0.983704974271012,
  "timestamp": "2025-05-01T02:23:47.356002",
  "elapsed_time": 769.9899959564209
}