{
  "epoch": 17,
  "train_loss": 0.3179379573235145,
  "train_acc": 0.995924495924496,
  "val_loss": 0.3278193534636984,
  "val_acc": 0.983704974271012,
  "timestamp": "2025-05-01T02:25:23.358024",
  "elapsed_time": 865.9854733943939
}