{
  "epoch": 18,
  "train_loss": 0.3162272144586612,
  "train_acc": 0.9974259974259975,
  "val_loss": 0.33133926440258415,
  "val_acc": 0.9819897084048027,
  "timestamp": "2025-05-01T02:26:11.230827",
  "elapsed_time": 913.8329079151154
}