{
  "epoch": 8,
  "train_loss": 0.32524421918086516,
  "train_acc": 0.9875589875589875,
  "val_loss": 0.3392539401443637,
  "val_acc": 0.9742710120068611,
  "timestamp": "2025-05-01T02:18:09.694579",
  "elapsed_time": 432.3114581108093
}