{
  "epoch": 4,
  "train_loss": 0.33423827825448454,
  "train_acc": 0.9798369798369798,
  "val_loss": 0.33483969557042026,
  "val_acc": 0.9759862778730704,
  "timestamp": "2025-05-01T02:14:57.253345",
  "elapsed_time": 239.89275813102722
}