{
  "epoch": 2,
  "train_loss": 0.3394550438110645,
  "train_acc": 0.9744744744744744,
  "val_loss": 0.34590523157800945,
  "val_acc": 0.9639794168096055,
  "timestamp": "2025-05-01T02:13:21.503171",
  "elapsed_time": 144.13544845581055
}