{
  "epoch": 16,
  "train_loss": 0.3173755223934467,
  "train_acc": 0.995924495924496,
  "val_loss": 0.33053420027908015,
  "val_acc": 0.9811320754716981,
  "timestamp": "2025-05-01T02:24:35.350961",
  "elapsed_time": 817.9724042415619
}