{
  "epoch": 0,
  "train_loss": 0.4308157891799242,
  "train_acc": 0.8903903903903904,
  "val_loss": 0.3620354192597525,
  "val_acc": 0.9519725557461407,
  "timestamp": "2025-05-01T02:11:45.256191",
  "elapsed_time": 47.850642681121826
}