{
  "epoch": 19,
  "train_loss": 0.3162418577915583,
  "train_acc": 0.9972114972114973,
  "val_loss": 0.3306919020049426,
  "val_acc": 0.9828473413379074,
  "timestamp": "2025-05-01T02:26:59.440400",
  "elapsed_time": 962.0462508201599
}