{
  "epoch": 11,
  "train_loss": 0.3192243253573393,
  "train_acc": 0.9944229944229944,
  "val_loss": 0.3343944835419558,
  "val_acc": 0.9785591766723842,
  "timestamp": "2025-05-01T02:20:33.823344",
  "elapsed_time": 576.4552237987518
}