{
  "epoch": 5,
  "train_loss": 0.33134654072614816,
  "train_acc": 0.9824109824109825,
  "val_loss": 0.34091598160412845,
  "val_acc": 0.9699828473413379,
  "timestamp": "2025-05-01T02:15:45.292635",
  "elapsed_time": 287.9248549938202
}