{
  "epoch": 12,
  "train_loss": 0.3179370566820487,
  "train_acc": 0.9952809952809952,
  "val_loss": 0.3308378816867361,
  "val_acc": 0.9819897084048027,
  "timestamp": "2025-05-01T02:21:22.280014",
  "elapsed_time": 624.91441655159
}