{
  "train_loss": [
    0.4308157891799242,
    0.34987402711159143,
    0.3394550438110645,
    0.33621824995065347,
    0.33423827825448454,
    0.33134654072614816,
    0.33117650823715405,
    0.3316645194322635,
    0.32524421918086516,
    0.32695235716990934,
    0.32342555278386825,
    0.3192243253573393,
    0.3179370566820487,
    0.31714967107161496,
    0.31859976313053034,
    0.316766353448232,
    0.3173755223934467,
    0.3179379573235145,
    0.3162272144586612,
    0.3162418577915583
  ],
  "train_acc": [
    0.8903903903903904,
    0.9654654654654654,
    0.9744744744744744,
    0.9770484770484771,
    0.9798369798369798,
    0.9824109824109825,
    0.9824109824109825,
    0.9811239811239811,
    0.9875589875589875,
    0.9862719862719863,
    0.98991848991849,
    0.9944229944229944,
    0.9952809952809952,
    0.9965679965679966,
    0.9946374946374946,
    0.996996996996997,
    0.995924495924496,
    0.995924495924496,
    0.9974259974259975,
    0.9972114972114973
  ],
  "val_loss": [
    0.3620354192597525,
    0.3377178968215475,
    0.34590523157800945,
    0.3468892519571343,
    0.33483969557042026,
    0.34091598160412845,
    0.3367617586437537,
    0.33913435984630974,
    0.3392539401443637,
    0.33979189821652006,
    0.33203200843869424,
    0.3343944835419558,
    0.3308378816867361,
    0.33205690615031186,
    0.3298263823499485,
    0.3287754697459085,
    0.33053420027908015,
    0.3278193534636984,
    0.33133926440258415,
    0.3306919020049426
  ],
  "val_acc": [
    0.9519725557461407,
    0.9751286449399656,
    0.9639794168096055,
    0.967409948542024,
    0.9759862778730704,
    0.9699828473413379,
    0.9742710120068611,
    0.9734133790737565,
    0.9742710120068611,
    0.9725557461406518,
    0.9802744425385935,
    0.9785591766723842,
    0.9819897084048027,
    0.9802744425385935,
    0.9828473413379074,
    0.983704974271012,
    0.9811320754716981,
    0.983704974271012,
    0.9819897084048027,
    0.9828473413379074
  ],
  "best_acc": 0.983704974271012
}