{
  "epoch": 18,
  "train_loss": 0.384119699551509,
  "train_acc": 0.9287859287859288,
  "val_loss": 0.3791268315850472,
  "val_acc": 0.934819897084048,
  "timestamp": "2025-05-01T06:45:58.310784",
  "elapsed_time": 1297.8593771457672
}