{
  "epoch": 2,
  "train_loss": 0.6121104379494985,
  "train_acc": 0.6743886743886743,
  "val_loss": 0.5825992019809022,
  "val_acc": 0.7058319039451115,
  "timestamp": "2025-05-01T06:27:44.495495",
  "elapsed_time": 204.03947949409485
}