{
  "epoch": 19,
  "train_loss": 0.376364368505967,
  "train_acc": 0.9354354354354354,
  "val_loss": 0.37789651021665455,
  "val_acc": 0.9331046312178388,
  "timestamp": "2025-05-01T06:47:07.383868",
  "elapsed_time": 1366.835438966751
}