{
  "epoch": 14,
  "train_loss": 0.4005697938112112,
  "train_acc": 0.9137709137709138,
  "val_loss": 0.3983949617463715,
  "val_acc": 0.9168096054888508,
  "timestamp": "2025-05-01T06:41:23.157264",
  "elapsed_time": 1022.6923494338989
}