{
  "epoch": 10,
  "train_loss": 0.44228983506178243,
  "train_acc": 0.8661518661518661,
  "val_loss": 0.4290909596851894,
  "val_acc": 0.8782161234991424,
  "timestamp": "2025-05-01T06:36:48.677717",
  "elapsed_time": 748.2160573005676
}