{
  "epoch": 9,
  "train_loss": 0.4878840024654682,
  "train_acc": 0.8131703131703132,
  "val_loss": 0.4564747548833185,
  "val_acc": 0.8481989708404802,
  "timestamp": "2025-05-01T06:35:40.378419",
  "elapsed_time": 679.9295747280121
}