{
  "epoch": 0,
  "train_loss": 0.6835161426128485,
  "train_acc": 0.5682110682110683,
  "val_loss": 0.6245465199558102,
  "val_acc": 0.6655231560891939,
  "timestamp": "2025-05-01T06:25:29.452215",
  "elapsed_time": 68.96557760238647
}