{
  "epoch": 8,
  "train_loss": 0.49752776653338704,
  "train_acc": 0.806949806949807,
  "val_loss": 0.4931087049902702,
  "val_acc": 0.8044596912521441,
  "timestamp": "2025-05-01T06:34:32.337329",
  "elapsed_time": 611.8849351406097
}