{
  "epoch": 6,
  "train_loss": 0.5388309345795558,
  "train_acc": 0.7608322608322609,
  "val_loss": 0.572438255256536,
  "val_acc": 0.7409948542024014,
  "timestamp": "2025-05-01T06:32:15.714429",
  "elapsed_time": 475.2393913269043
}