{
  "epoch": 12,
  "train_loss": 0.41483281759115365,
  "train_acc": 0.8987558987558988,
  "val_loss": 0.41393839035715374,
  "val_acc": 0.8979416809605489,
  "timestamp": "2025-05-01T06:39:05.939442",
  "elapsed_time": 885.4765088558197
}