{
  "epoch": 1,
  "train_loss": 0.658277899485368,
  "train_acc": 0.6130416130416131,
  "val_loss": 0.7169318077515583,
  "val_acc": 0.5463121783876501,
  "timestamp": "2025-05-01T06:26:36.773173",
  "elapsed_time": 136.31782913208008
}