{
  "epoch": 7,
  "train_loss": 0.5193294619902586,
  "train_acc": 0.7846417846417847,
  "val_loss": 0.5155587987023957,
  "val_acc": 0.7821612349914236,
  "timestamp": "2025-05-01T06:33:24.568341",
  "elapsed_time": 544.0887894630432
}