{
  "epoch": 13,
  "train_loss": 0.4097655679935064,
  "train_acc": 0.9013299013299013,
  "val_loss": 0.4045154063069091,
  "val_acc": 0.9090909090909091,
  "timestamp": "2025-05-01T06:40:14.756389",
  "elapsed_time": 954.2986993789673
}