{
  "epoch": 11,
  "train_loss": 0.4233293522626926,
  "train_acc": 0.8856713856713857,
  "val_loss": 0.42260440575833225,
  "val_acc": 0.885934819897084,
  "timestamp": "2025-05-01T06:37:57.359637",
  "elapsed_time": 816.90429520607
}