{
  "epoch": 16,
  "train_loss": 0.39114332581177735,
  "train_acc": 0.9217074217074217,
  "val_loss": 0.3951044763837542,
  "val_acc": 0.9168096054888508,
  "timestamp": "2025-05-01T06:43:41.396426",
  "elapsed_time": 1160.9350056648254
}