{
  "epoch": 4,
  "train_loss": 0.5526636849611234,
  "train_acc": 0.7438867438867439,
  "val_loss": 0.5227571373083153,
  "val_acc": 0.7864493996569468,
  "timestamp": "2025-05-01T06:30:01.064876",
  "elapsed_time": 340.6095941066742
}