{
  "epoch": 5,
  "train_loss": 0.5314589995604295,
  "train_acc": 0.7706992706992707,
  "val_loss": 0.5357909658733679,
  "val_acc": 0.7615780445969125,
  "timestamp": "2025-05-01T06:31:08.638794",
  "elapsed_time": 408.17449712753296
}