{
  "epoch": 17,
  "train_loss": 0.3875494435811654,
  "train_acc": 0.9247104247104247,
  "val_loss": 0.385264340103889,
  "val_acc": 0.9202401372212693,
  "timestamp": "2025-05-01T06:44:49.687977",
  "elapsed_time": 1229.2225987911224
}