{
  "epoch": 15,
  "train_loss": 0.39576776516743195,
  "train_acc": 0.915057915057915,
  "val_loss": 0.3908577889812236,
  "val_acc": 0.9219554030874786,
  "timestamp": "2025-05-01T06:42:32.419336",
  "elapsed_time": 1091.9528179168701
}