{
  "epoch": 3,
  "train_loss": 0.5744949944508382,
  "train_acc": 0.7194337194337195,
  "val_loss": 0.5593264632079066,
  "val_acc": 0.7375643224699828,
  "timestamp": "2025-05-01T06:28:52.954862",
  "elapsed_time": 272.4991910457611
}