{
  "train_loss": [
    0.6835161426128485,
    0.658277899485368,
    0.6121104379494985,
    0.5744949944508382,
    0.5526636849611234,
    0.5314589995604295,
    0.5388309345795558,
    0.5193294619902586,
    0.49752776653338704,
    0.4878840024654682,
    0.44228983506178243,
    0.4233293522626926,
    0.41483281759115365,
    0.4097655679935064,
    0.4005697938112112,
    0.39576776516743195,
    0.39114332581177735,
    0.3875494435811654,
    0.384119699551509,
    0.376364368505967
  ],
  "train_acc": [
    0.5682110682110683,
    0.6130416130416131,
    0.6743886743886743,
    0.7194337194337195,
    0.7438867438867439,
    0.7706992706992707,
    0.7608322608322609,
    0.7846417846417847,
    0.806949806949807,
    0.8131703131703132,
    0.8661518661518661,
    0.8856713856713857,
    0.8987558987558988,
    0.9013299013299013,
    0.9137709137709138,
    0.915057915057915,
    0.9217074217074217,
    0.9247104247104247,
    0.9287859287859288,
    0.9354354354354354
  ],
  "val_loss": [
    0.6245465199558102,
    0.7169318077515583,
    0.5825992019809022,
    0.5593264632079066,
    0.5227571373083153,
    0.5357909658733679,
    0.572438255256536,
    0.5155587987023957,
    0.4931087049902702,
    0.4564747548833185,
    0.4290909596851894,
    0.42260440575833225,
    0.41393839035715374,
    0.4045154063069091,
    0.3983949617463715,
    0.3908577889812236,
    0.3951044763837542,
    0.385264340103889,
    0.3791268315850472,
    0.37789651021665455
  ],
  "val_acc": [
    0.6655231560891939,
    0.5463121783876501,
    0.7058319039451115,
    0.7375643224699828,
    0.7864493996569468,
    0.7615780445969125,
    0.7409948542024014,
    0.7821612349914236,
    0.8044596912521441,
    0.8481989708404802,
    0.8782161234991424,
    0.885934819897084,
    0.8979416809605489,
    0.9090909090909091,
    0.9168096054888508,
    0.9219554030874786,
    0.9168096054888508,
    0.9202401372212693,
    0.934819897084048,
    0.9331046312178388
  ],
  "best_acc": 0.934819897084048
}