{
  "epoch": 7,
  "train_loss": 0.599119083239482,
  "train_acc": 0.6844701844701845,
  "val_loss": 0.5918238430607076,
  "val_acc": 0.7084048027444254,
  "timestamp": "2025-05-01T03:30:33.195552",
  "elapsed_time": 401.54425525665283
}