{
  "epoch": 6,
  "train_loss": 0.614559559791516,
  "train_acc": 0.6705276705276705,
  "val_loss": 0.6129300861942525,
  "val_acc": 0.6989708404802745,
  "timestamp": "2025-05-01T03:29:42.622413",
  "elapsed_time": 350.9886145591736
}