{
  "epoch": 1,
  "train_loss": 0.6762112959837302,
  "train_acc": 0.5742170742170742,
  "val_loss": 0.7040292924764205,
  "val_acc": 0.4957118353344768,
  "timestamp": "2025-05-01T03:25:31.278018",
  "elapsed_time": 99.61396789550781
}