{
  "epoch": 16,
  "train_loss": 0.49643819622504404,
  "train_acc": 0.8041613041613042,
  "val_loss": 0.49478249708000493,
  "val_acc": 0.807032590051458,
  "timestamp": "2025-05-01T03:38:04.636173",
  "elapsed_time": 852.9816637039185
}