{
  "epoch": 18,
  "train_loss": 0.4859157796089466,
  "train_acc": 0.8174603174603174,
  "val_loss": 0.48635912975486445,
  "val_acc": 0.8104631217838765,
  "timestamp": "2025-05-01T03:39:45.354933",
  "elapsed_time": 953.7116124629974
}