{
  "epoch": 11,
  "train_loss": 0.544458961333984,
  "train_acc": 0.7466752466752467,
  "val_loss": 0.5303222816817614,
  "val_acc": 0.7675814751286449,
  "timestamp": "2025-05-01T03:33:53.834498",
  "elapsed_time": 602.1735033988953
}