{
  "epoch": 8,
  "train_loss": 0.5977721092028495,
  "train_acc": 0.6876876876876877,
  "val_loss": 0.599406788543779,
  "val_acc": 0.6801029159519726,
  "timestamp": "2025-05-01T03:31:23.237101",
  "elapsed_time": 451.59706950187683
}