{
  "epoch": 4,
  "train_loss": 0.669854651658963,
  "train_acc": 0.5922350922350922,
  "val_loss": 0.8105692036297857,
  "val_acc": 0.5025728987993139,
  "timestamp": "2025-05-01T03:28:02.007567",
  "elapsed_time": 250.32337880134583
}