{
  "epoch": 9,
  "train_loss": 0.57487662816659,
  "train_acc": 0.7222222222222222,
  "val_loss": 0.5633980029699753,
  "val_acc": 0.7289879931389366,
  "timestamp": "2025-05-01T03:32:13.529953",
  "elapsed_time": 501.89535570144653
}