{
  "epoch": 17,
  "train_loss": 0.4887889658793425,
  "train_acc": 0.814028314028314,
  "val_loss": 0.492971624646868,
  "val_acc": 0.8181818181818182,
  "timestamp": "2025-05-01T03:38:54.897457",
  "elapsed_time": 903.2213904857635
}