{
  "epoch": 15,
  "train_loss": 0.49934957699897964,
  "train_acc": 0.8007293007293007,
  "val_loss": 0.5031664803320047,
  "val_acc": 0.79073756432247,
  "timestamp": "2025-05-01T03:37:14.448435",
  "elapsed_time": 802.8082640171051
}