{
  "epoch": 5,
  "train_loss": 0.6426880322969877,
  "train_acc": 0.6295581295581295,
  "val_loss": 0.6061682238870737,
  "val_acc": 0.6826758147512865,
  "timestamp": "2025-05-01T03:28:52.105467",
  "elapsed_time": 300.4436659812927
}