{
  "epoch": 14,
  "train_loss": 0.514596469891377,
  "train_acc": 0.7805662805662805,
  "val_loss": 0.5066156867815523,
  "val_acc": 0.7873070325900514,
  "timestamp": "2025-05-01T03:36:23.872540",
  "elapsed_time": 752.2156021595001
}