{
  "epoch": 2,
  "train_loss": 0.6924763410519331,
  "train_acc": 0.5493350493350493,
  "val_loss": 0.6908114807946342,
  "val_acc": 0.5265866209262435,
  "timestamp": "2025-05-01T03:26:21.419278",
  "elapsed_time": 149.75510358810425
}