{
  "epoch": 0,
  "train_loss": 0.7439386011698307,
  "train_acc": 0.5132990132990133,
  "val_loss": 0.6992287307369466,
  "val_acc": 0.4957118353344768,
  "timestamp": "2025-05-01T03:24:41.246966",
  "elapsed_time": 49.56966686248779
}