{
  "epoch": 10,
  "train_loss": 0.5561150361330082,
  "train_acc": 0.7378807378807379,
  "val_loss": 0.5408800779556742,
  "val_acc": 0.7495711835334476,
  "timestamp": "2025-05-01T03:33:03.694477",
  "elapsed_time": 552.0295789241791
}