{
  "epoch": 19,
  "train_loss": 0.4769617626300225,
  "train_acc": 0.8232518232518232,
  "val_loss": 0.47655297237999583,
  "val_acc": 0.8241852487135506,
  "timestamp": "2025-05-01T03:40:35.290053",
  "elapsed_time": 1003.6293861865997
}