{
  "epoch": 12,
  "train_loss": 0.5323305224760985,
  "train_acc": 0.7664092664092664,
  "val_loss": 0.5241594740322658,
  "val_acc": 0.7735849056603774,
  "timestamp": "2025-05-01T03:34:43.832111",
  "elapsed_time": 652.158509016037
}