{
  "epoch": 3,
  "train_loss": 0.6859808588639283,
  "train_acc": 0.5572715572715573,
  "val_loss": 0.8031384202898765,
  "val_acc": 0.5042881646655232,
  "timestamp": "2025-05-01T03:27:11.786209",
  "elapsed_time": 200.11797285079956
}