{
  "epoch": 13,
  "train_loss": 0.5235340772530972,
  "train_acc": 0.7728442728442728,
  "val_loss": 0.5124660219464984,
  "val_acc": 0.7881646655231561,
  "timestamp": "2025-05-01T03:35:33.840849",
  "elapsed_time": 702.1865227222443
}