{
  "train_loss": [
    0.7439386011698307,
    0.6762112959837302,
    0.6924763410519331,
    0.6859808588639283,
    0.669854651658963,
    0.6426880322969877,
    0.614559559791516,
    0.599119083239482,
    0.5977721092028495,
    0.57487662816659,
    0.5561150361330082,
    0.544458961333984,
    0.5323305224760985,
    0.5235340772530972,
    0.514596469891377,
    0.49934957699897964,
    0.49643819622504404,
    0.4887889658793425,
    0.4859157796089466,
    0.4769617626300225
  ],
  "train_acc": [
    0.5132990132990133,
    0.5742170742170742,
    0.5493350493350493,
    0.5572715572715573,
    0.5922350922350922,
    0.6295581295581295,
    0.6705276705276705,
    0.6844701844701845,
    0.6876876876876877,
    0.7222222222222222,
    0.7378807378807379,
    0.7466752466752467,
    0.7664092664092664,
    0.7728442728442728,
    0.7805662805662805,
    0.8007293007293007,
    0.8041613041613042,
    0.814028314028314,
    0.8174603174603174,
    0.8232518232518232
  ],
  "val_loss": [
    0.6992287307369466,
    0.7040292924764205,
    0.6908114807946342,
    0.8031384202898765,
    0.8105692036297857,
    0.6061682238870737,
    0.6129300861942525,
    0.5918238430607076,
    0.599406788543779,
    0.5633980029699753,
    0.5408800779556742,
    0.5303222816817614,
    0.5241594740322658,
    0.5124660219464984,
    0.5066156867815523,
    0.5031664803320047,
    0.49478249708000493,
    0.492971624646868,
    0.48635912975486445,
    0.47655297237999583
  ],
  "val_acc": [
    0.4957118353344768,
    0.4957118353344768,
    0.5265866209262435,
    0.5042881646655232,
    0.5025728987993139,
    0.6826758147512865,
    0.6989708404802745,
    0.7084048027444254,
    0.6801029159519726,
    0.7289879931389366,
    0.7495711835334476,
    0.7675814751286449,
    0.7735849056603774,
    0.7881646655231561,
    0.7873070325900514,
    0.79073756432247,
    0.807032590051458,
    0.8181818181818182,
    0.8104631217838765,
    0.8241852487135506
  ],
  "best_acc": 0.8241852487135506
}