{
  "epoch": 16,
  "train_loss": 0.318776046924102,
  "train_acc": 0.9946374946374946,
  "val_loss": 0.3282915438924517,
  "val_acc": 0.9854202401372213,
  "timestamp": "2025-05-03T13:51:32.995925",
  "elapsed_time": 1704.3103544712067
}