{
  "epoch": 14,
  "train_loss": 0.32220111550428926,
  "train_acc": 0.990990990990991,
  "val_loss": 0.3312709757259914,
  "val_acc": 0.9802744425385935,
  "timestamp": "2025-05-03T13:48:12.080452",
  "elapsed_time": 1503.397943019867
}