{
  "epoch": 11,
  "train_loss": 0.32248743848922923,
  "train_acc": 0.9905619905619906,
  "val_loss": 0.33407600436891827,
  "val_acc": 0.9794168096054888,
  "timestamp": "2025-05-03T13:43:14.775673",
  "elapsed_time": 1206.1239395141602
}