{
  "epoch": 3,
  "train_loss": 0.34176340790895315,
  "train_acc": 0.9714714714714715,
  "val_loss": 0.34340494262928867,
  "val_acc": 0.9682675814751286,
  "timestamp": "2025-05-03T13:29:50.449563",
  "elapsed_time": 401.74913334846497
}