{
  "epoch": 5,
  "train_loss": 0.3385961326269003,
  "train_acc": 0.9734019734019734,
  "val_loss": 0.3419557949718164,
  "val_acc": 0.9699828473413379,
  "timestamp": "2025-05-03T13:33:10.209787",
  "elapsed_time": 601.5462129116058
}