{
  "epoch": 0,
  "train_loss": 0.42121028640331365,
  "train_acc": 0.8876018876018876,
  "val_loss": 0.35899736139239097,
  "val_acc": 0.9562607204116638,
  "timestamp": "2025-05-03T13:24:49.484358",
  "elapsed_time": 100.79804158210754
}