{
  "epoch": 2,
  "train_loss": 0.3522584701195741,
  "train_acc": 0.9603174603174603,
  "val_loss": 0.34633512095529206,
  "val_acc": 0.9639794168096055,
  "timestamp": "2025-05-03T13:28:10.214324",
  "elapsed_time": 301.5167496204376
}