{
  "epoch": 12,
  "train_loss": 0.3204146133019374,
  "train_acc": 0.9931359931359931,
  "val_loss": 0.33232027292251587,
  "val_acc": 0.9802744425385935,
  "timestamp": "2025-05-03T13:44:54.144029",
  "elapsed_time": 1305.486398935318
}