{
  "epoch": 8,
  "train_loss": 0.33412629411770745,
  "train_acc": 0.9787644787644788,
  "val_loss": 0.32967435583776356,
  "val_acc": 0.983704974271012,
  "timestamp": "2025-05-03T13:38:10.552545",
  "elapsed_time": 901.9091746807098
}