{
  "epoch": 17,
  "train_loss": 0.3180317544020139,
  "train_acc": 0.9952809952809952,
  "val_loss": 0.32744797942589743,
  "val_acc": 0.9845626072041166,
  "timestamp": "2025-05-03T13:53:13.282172",
  "elapsed_time": 1804.6262519359589
}