{
  "epoch": 7,
  "train_loss": 0.3336164726660802,
  "train_acc": 0.9791934791934792,
  "val_loss": 0.34191205915139644,
  "val_acc": 0.9708404802744426,
  "timestamp": "2025-05-03T13:36:30.614204",
  "elapsed_time": 801.9546663761139
}