{
  "epoch": 18,
  "train_loss": 0.3188225111900232,
  "train_acc": 0.9942084942084942,
  "val_loss": 0.3296628077419437,
  "val_acc": 0.983704974271012,
  "timestamp": "2025-05-03T13:54:53.691947",
  "elapsed_time": 1904.9805343151093
}