{
  "epoch": 10,
  "train_loss": 0.32794444010807916,
  "train_acc": 0.9851994851994852,
  "val_loss": 0.3343467639417064,
  "val_acc": 0.9794168096054888,
  "timestamp": "2025-05-03T13:41:35.023534",
  "elapsed_time": 1106.3444802761078
}