{
  "epoch": 9,
  "train_loss": 0.3284862148456084,
  "train_acc": 0.9841269841269841,
  "val_loss": 0.34462019557855567,
  "val_acc": 0.9682675814751286,
  "timestamp": "2025-05-03T13:39:52.821770",
  "elapsed_time": 1004.1198580265045
}