{
  "epoch": 19,
  "train_loss": 0.31862056988936205,
  "train_acc": 0.9944229944229944,
  "val_loss": 0.3299242610834083,
  "val_acc": 0.9828473413379074,
  "timestamp": "2025-05-03T13:56:34.789734",
  "elapsed_time": 2006.0967218875885
}