{
  "epoch": 4,
  "train_loss": 0.33991106962546325,
  "train_acc": 0.9734019734019734,
  "val_loss": 0.34595490292626985,
  "val_acc": 0.9665523156089194,
  "timestamp": "2025-05-03T13:31:30.313374",
  "elapsed_time": 501.6030819416046
}