{
  "epoch": 15,
  "train_loss": 0.32076930846923435,
  "train_acc": 0.9920634920634921,
  "val_loss": 0.33091966230042125,
  "val_acc": 0.9819897084048027,
  "timestamp": "2025-05-03T13:49:52.871594",
  "elapsed_time": 1604.2178161144257
}