{
  "epoch": 6,
  "train_loss": 0.3355545155512981,
  "train_acc": 0.9766194766194766,
  "val_loss": 0.3454606149877821,
  "val_acc": 0.9656946826758147,
  "timestamp": "2025-05-03T13:34:51.608436",
  "elapsed_time": 702.9492535591125
}