{
  "epoch": 13,
  "train_loss": 0.3208970996049734,
  "train_acc": 0.9922779922779923,
  "val_loss": 0.33314610561546015,
  "val_acc": 0.9802744425385935,
  "timestamp": "2025-05-03T13:46:33.479676",
  "elapsed_time": 1404.8060956001282
}