{
  "epoch": 1,
  "train_loss": 0.35633762157880344,
  "train_acc": 0.9562419562419563,
  "val_loss": 0.35340885848415143,
  "val_acc": 0.9579759862778731,
  "timestamp": "2025-05-03T13:26:30.424257",
  "elapsed_time": 201.72884106636047
}