{
  "train_loss": [
    0.42121028640331365,
    0.35633762157880344,
    0.3522584701195741,
    0.34176340790895315,
    0.33991106962546325,
    0.3385961326269003,
    0.3355545155512981,
    0.3336164726660802,
    0.33412629411770745,
    0.3284862148456084,
    0.32794444010807916,
    0.32248743848922923,
    0.3204146133019374,
    0.3208970996049734,
    0.32220111550428926,
    0.32076930846923435,
    0.318776046924102,
    0.3180317544020139,
    0.3188225111900232,
    0.31862056988936205
  ],
  "train_acc": [
    0.8876018876018876,
    0.9562419562419563,
    0.9603174603174603,
    0.9714714714714715,
    0.9734019734019734,
    0.9734019734019734,
    0.9766194766194766,
    0.9791934791934792,
    0.9787644787644788,
    0.9841269841269841,
    0.9851994851994852,
    0.9905619905619906,
    0.9931359931359931,
    0.9922779922779923,
    0.990990990990991,
    0.9920634920634921,
    0.9946374946374946,
    0.9952809952809952,
    0.9942084942084942,
    0.9944229944229944
  ],
  "val_loss": [
    0.35899736139239097,
    0.35340885848415143,
    0.34633512095529206,
    0.34340494262928867,
    0.34595490292626985,
    0.3419557949718164,
    0.3454606149877821,
    0.34191205915139644,
    0.32967435583776356,
    0.34462019557855567,
    0.3343467639417064,
    0.33407600436891827,
    0.33232027292251587,
    0.33314610561546015,
    0.3312709757259914,
    0.33091966230042125,
    0.3282915438924517,
    0.32744797942589743,
    0.3296628077419437,
    0.3299242610834083
  ],
  "val_acc": [
    0.9562607204116638,
    0.9579759862778731,
    0.9639794168096055,
    0.9682675814751286,
    0.9665523156089194,
    0.9699828473413379,
    0.9656946826758147,
    0.9708404802744426,
    0.983704974271012,
    0.9682675814751286,
    0.9794168096054888,
    0.9794168096054888,
    0.9802744425385935,
    0.9802744425385935,
    0.9802744425385935,
    0.9819897084048027,
    0.9854202401372213,
    0.9845626072041166,
    0.983704974271012,
    0.9828473413379074
  ],
  "best_acc": 0.9854202401372213
}