{
  "epoch": 18,
  "train_loss": 0.3193684882078415,
  "train_acc": 0.993993993993994,
  "val_loss": 0.3324410915374756,
  "val_acc": 0.9811320754716981,
  "timestamp": "2025-05-01T02:44:15.809118",
  "elapsed_time": 936.3582837581635
}