{
  "epoch": 13,
  "train_loss": 0.32408663095572054,
  "train_acc": 0.990990990990991,
  "val_loss": 0.33651853763327305,
  "val_acc": 0.9734133790737565,
  "timestamp": "2025-05-01T02:40:09.599318",
  "elapsed_time": 690.1832048892975
}