{
  "epoch": 4,
  "train_loss": 0.36324976224165695,
  "train_acc": 0.9493779493779494,
  "val_loss": 0.36335408201023023,
  "val_acc": 0.9433962264150944,
  "timestamp": "2025-05-01T02:32:45.569645",
  "elapsed_time": 246.1381652355194
}