{
  "epoch": 14,
  "train_loss": 0.3219992872996208,
  "train_acc": 0.9914199914199914,
  "val_loss": 0.33590424243284733,
  "val_acc": 0.9759862778730704,
  "timestamp": "2025-05-01T02:40:58.797457",
  "elapsed_time": 739.3823194503784
}