{
  "epoch": 5,
  "train_loss": 0.35336708640440917,
  "train_acc": 0.9586014586014586,
  "val_loss": 0.3446089978120765,
  "val_acc": 0.9682675814751286,
  "timestamp": "2025-05-01T02:33:35.371674",
  "elapsed_time": 295.958811044693
}