{
  "epoch": 0,
  "train_loss": 0.4554113845030467,
  "train_acc": 0.8532818532818532,
  "val_loss": 0.4317536664252378,
  "val_acc": 0.8756432246998285,
  "timestamp": "2025-05-01T02:29:28.634452",
  "elapsed_time": 49.22660756111145
}