{
  "epoch": 1,
  "train_loss": 0.4087775866190592,
  "train_acc": 0.903045903045903,
  "val_loss": 0.3874999905119137,
  "val_acc": 0.9236706689536878,
  "timestamp": "2025-05-01T02:30:17.474507",
  "elapsed_time": 98.06761860847473
}