{
  "epoch": 19,
  "train_loss": 0.31844342595491654,
  "train_acc": 0.995066495066495,
  "val_loss": 0.33113795762159387,
  "val_acc": 0.9785591766723842,
  "timestamp": "2025-05-01T02:45:04.836063",
  "elapsed_time": 985.4186735153198
}