{
  "epoch": 3,
  "train_loss": 0.37169244243548466,
  "train_acc": 0.9397254397254398,
  "val_loss": 0.3683577636066748,
  "val_acc": 0.9408233276157805,
  "timestamp": "2025-05-01T02:31:56.130763",
  "elapsed_time": 196.71540546417236
}