{
  "epoch": 15,
  "train_loss": 0.3205461268241589,
  "train_acc": 0.9929214929214929,
  "val_loss": 0.3332599559608771,
  "val_acc": 0.9777015437392796,
  "timestamp": "2025-05-01T02:41:48.006281",
  "elapsed_time": 788.598729133606
}