{
  "epoch": 10,
  "train_loss": 0.329587437862005,
  "train_acc": 0.9836979836979837,
  "val_loss": 0.34224231693209434,
  "val_acc": 0.967409948542024,
  "timestamp": "2025-05-01T02:37:41.748568",
  "elapsed_time": 542.3304312229156
}