{
  "epoch": 16,
  "train_loss": 0.3204157754396781,
  "train_acc": 0.9933504933504933,
  "val_loss": 0.33215461762583987,
  "val_acc": 0.9802744425385935,
  "timestamp": "2025-05-01T02:42:36.927044",
  "elapsed_time": 837.5122323036194
}