{
  "epoch": 12,
  "train_loss": 0.3234093283995604,
  "train_acc": 0.9897039897039897,
  "val_loss": 0.33194044293189534,
  "val_acc": 0.9802744425385935,
  "timestamp": "2025-05-01T02:39:20.218665",
  "elapsed_time": 640.805900812149
}