{
  "epoch": 8,
  "train_loss": 0.3441510145480816,
  "train_acc": 0.9684684684684685,
  "val_loss": 0.3453954056817658,
  "val_acc": 0.9665523156089194,
  "timestamp": "2025-05-01T02:36:03.077830",
  "elapsed_time": 443.668336391449
}