{
  "epoch": 17,
  "train_loss": 0.31987798916987886,
  "train_acc": 0.9937794937794938,
  "val_loss": 0.33042807907474286,
  "val_acc": 0.9819897084048027,
  "timestamp": "2025-05-01T02:43:26.242336",
  "elapsed_time": 886.8293652534485
}