{
  "epoch": 2,
  "train_loss": 0.37803810850167885,
  "train_acc": 0.9341484341484342,
  "val_loss": 0.3815746021514036,
  "val_acc": 0.9296740994854202,
  "timestamp": "2025-05-01T02:31:06.891137",
  "elapsed_time": 147.47644066810608
}