{
  "epoch": 11,
  "train_loss": 0.32525822000625804,
  "train_acc": 0.9882024882024882,
  "val_loss": 0.33601016353587715,
  "val_acc": 0.9759862778730704,
  "timestamp": "2025-05-01T02:38:31.093858",
  "elapsed_time": 591.6798074245453
}