{
  "epoch": 9,
  "train_loss": 0.33572421899208654,
  "train_acc": 0.9766194766194766,
  "val_loss": 0.3486819242944523,
  "val_acc": 0.9614065180102916,
  "timestamp": "2025-05-01T02:36:52.486921",
  "elapsed_time": 493.05298113822937
}