{
  "epoch": 6,
  "train_loss": 0.34698153474392035,
  "train_acc": 0.9648219648219648,
  "val_loss": 0.3527096643739817,
  "val_acc": 0.9588336192109777,
  "timestamp": "2025-05-01T02:34:24.824237",
  "elapsed_time": 345.4043333530426
}