{
  "epoch": 7,
  "train_loss": 0.3479921866685916,
  "train_acc": 0.9641784641784642,
  "val_loss": 0.3468541125861966,
  "val_acc": 0.9665523156089194,
  "timestamp": "2025-05-01T02:35:13.848084",
  "elapsed_time": 394.4356596469879
}