{
  "train_loss": [
    0.4554113845030467,
    0.4087775866190592,
    0.37803810850167885,
    0.37169244243548466,
    0.36324976224165695,
    0.35336708640440917,
    0.34698153474392035,
    0.3479921866685916,
    0.3441510145480816,
    0.33572421899208654,
    0.329587437862005,
    0.32525822000625804,
    0.3234093283995604,
    0.32408663095572054,
    0.3219992872996208,
    0.3205461268241589,
    0.3204157754396781,
    0.31987798916987886,
    0.3193684882078415,
    0.31844342595491654
  ],
  "train_acc": [
    0.8532818532818532,
    0.903045903045903,
    0.9341484341484342,
    0.9397254397254398,
    0.9493779493779494,
    0.9586014586014586,
    0.9648219648219648,
    0.9641784641784642,
    0.9684684684684685,
    0.9766194766194766,
    0.9836979836979837,
    0.9882024882024882,
    0.9897039897039897,
    0.990990990990991,
    0.9914199914199914,
    0.9929214929214929,
    0.9933504933504933,
    0.9937794937794938,
    0.993993993993994,
    0.995066495066495
  ],
  "val_loss": [
    0.4317536664252378,
    0.3874999905119137,
    0.3815746021514036,
    0.3683577636066748,
    0.36335408201023023,
    0.3446089978120765,
    0.3527096643739817,
    0.3468541125861966,
    0.3453954056817658,
    0.3486819242944523,
    0.34224231693209434,
    0.33601016353587715,
    0.33194044293189534,
    0.33651853763327305,
    0.33590424243284733,
    0.3332599559608771,
    0.33215461762583987,
    0.33042807907474286,
    0.3324410915374756,
    0.33113795762159387
  ],
  "val_acc": [
    0.8756432246998285,
    0.9236706689536878,
    0.9296740994854202,
    0.9408233276157805,
    0.9433962264150944,
    0.9682675814751286,
    0.9588336192109777,
    0.9665523156089194,
    0.9665523156089194,
    0.9614065180102916,
    0.967409948542024,
    0.9759862778730704,
    0.9802744425385935,
    0.9734133790737565,
    0.9759862778730704,
    0.9777015437392796,
    0.9802744425385935,
    0.9819897084048027,
    0.9811320754716981,
    0.9785591766723842
  ],
  "best_acc": 0.9819897084048027
}