{
  "epoch": 19,
  "train_loss": 0.35140923567307303,
  "train_acc": 0.9628914628914629,
  "val_loss": 0.3554711560813748,
  "val_acc": 0.9596912521440824,
  "timestamp": "2025-05-03T05:48:22.377588",
  "elapsed_time": 1126.3343789577484
}