{
  "epoch": 2,
  "train_loss": 0.4830441558972383,
  "train_acc": 0.8236808236808236,
  "val_loss": 0.5610603221825191,
  "val_acc": 0.7349914236706689,
  "timestamp": "2025-05-03T05:32:25.038211",
  "elapsed_time": 168.99803829193115
}