{
  "epoch": 12,
  "train_loss": 0.3717856644055782,
  "train_acc": 0.9388674388674388,
  "val_loss": 0.3761672760759081,
  "val_acc": 0.9322469982847341,
  "timestamp": "2025-05-03T05:41:44.906708",
  "elapsed_time": 728.8625257015228
}