{
  "epoch": 3,
  "train_loss": 0.4759681108670357,
  "train_acc": 0.8294723294723295,
  "val_loss": 0.4708897009187815,
  "val_acc": 0.839622641509434,
  "timestamp": "2025-05-03T05:33:19.876910",
  "elapsed_time": 223.83119535446167
}