{
  "epoch": 4,
  "train_loss": 0.4502635297102806,
  "train_acc": 0.8573573573573574,
  "val_loss": 0.44118695478050074,
  "val_acc": 0.8679245283018868,
  "timestamp": "2025-05-03T05:34:16.970315",
  "elapsed_time": 280.9250979423523
}