{
  "epoch": 11,
  "train_loss": 0.37804657511222056,
  "train_acc": 0.9345774345774346,
  "val_loss": 0.3846607208251953,
  "val_acc": 0.9279588336192109,
  "timestamp": "2025-05-03T05:40:48.895384",
  "elapsed_time": 672.8497269153595
}