{
  "epoch": 8,
  "train_loss": 0.4420954112823193,
  "train_acc": 0.8663663663663663,
  "val_loss": 0.4946430240358625,
  "val_acc": 0.8036020583190394,
  "timestamp": "2025-05-03T05:38:01.411372",
  "elapsed_time": 505.3647572994232
}