{
  "epoch": 15,
  "train_loss": 0.35929463245929816,
  "train_acc": 0.9536679536679536,
  "val_loss": 0.3637806171057176,
  "val_acc": 0.9485420240137221,
  "timestamp": "2025-05-03T05:44:34.114216",
  "elapsed_time": 898.0605463981628
}