{
  "epoch": 5,
  "train_loss": 0.4691711736031068,
  "train_acc": 0.838052338052338,
  "val_loss": 0.4600731341206298,
  "val_acc": 0.8456260720411664,
  "timestamp": "2025-05-03T05:35:13.241864",
  "elapsed_time": 337.2020847797394
}