{
  "epoch": 14,
  "train_loss": 0.3624478954535264,
  "train_acc": 0.9510939510939511,
  "val_loss": 0.3679257984064063,
  "val_acc": 0.9442538593481989,
  "timestamp": "2025-05-03T05:43:37.287241",
  "elapsed_time": 841.246649980545
}