{
  "epoch": 9,
  "train_loss": 0.4236074708975278,
  "train_acc": 0.8843843843843844,
  "val_loss": 0.413460228516131,
  "val_acc": 0.8945111492281304,
  "timestamp": "2025-05-03T05:38:57.147261",
  "elapsed_time": 561.1004846096039
}