{
  "epoch": 17,
  "train_loss": 0.35253942776948977,
  "train_acc": 0.9605319605319605,
  "val_loss": 0.3606633817662998,
  "val_acc": 0.951114922813036,
  "timestamp": "2025-05-03T05:46:27.969951",
  "elapsed_time": 1011.9266340732574
}