{
  "epoch": 10,
  "train_loss": 0.3955057966403472,
  "train_acc": 0.9163449163449163,
  "val_loss": 0.3920453823342615,
  "val_acc": 0.9142367066895368,
  "timestamp": "2025-05-03T05:39:53.067658",
  "elapsed_time": 617.0196521282196
}