{
  "epoch": 18,
  "train_loss": 0.35138297570057403,
  "train_acc": 0.9622479622479623,
  "val_loss": 0.36189873060401606,
  "val_acc": 0.9528301886792453,
  "timestamp": "2025-05-03T05:47:25.698972",
  "elapsed_time": 1069.6539545059204
}