{
  "epoch": 6,
  "train_loss": 0.4550954185999357,
  "train_acc": 0.853925353925354,
  "val_loss": 0.4250309686271512,
  "val_acc": 0.8842195540308748,
  "timestamp": "2025-05-03T05:36:09.432380",
  "elapsed_time": 393.3780930042267
}