{
  "epoch": 16,
  "train_loss": 0.3554085228687678,
  "train_acc": 0.9592449592449592,
  "val_loss": 0.3625519336486349,
  "val_acc": 0.9502572898799314,
  "timestamp": "2025-05-03T05:45:31.198540",
  "elapsed_time": 955.152704000473
}