{
  "epoch": 0,
  "train_loss": 0.5482867262302301,
  "train_acc": 0.7492492492492493,
  "val_loss": 0.593926128684258,
  "val_acc": 0.7058319039451115,
  "timestamp": "2025-05-03T05:30:32.627229",
  "elapsed_time": 56.573973178863525
}