{
  "epoch": 13,
  "train_loss": 0.36798887237524375,
  "train_acc": 0.9422994422994423,
  "val_loss": 0.36864452641837453,
  "val_acc": 0.9433962264150944,
  "timestamp": "2025-05-03T05:42:41.610100",
  "elapsed_time": 785.5582973957062
}