{
  "epoch": 1,
  "train_loss": 0.501201522961641,
  "train_acc": 0.805019305019305,
  "val_loss": 0.6975297070279414,
  "val_acc": 0.6012006861063465,
  "timestamp": "2025-05-03T05:31:29.168023",
  "elapsed_time": 113.11869931221008
}