{
  "epoch": 7,
  "train_loss": 0.4498120182599777,
  "train_acc": 0.8592878592878593,
  "val_loss": 0.44468782021074876,
  "val_acc": 0.8593481989708405,
  "timestamp": "2025-05-03T05:37:04.563927",
  "elapsed_time": 448.51743960380554
}