{
  "train_loss": [
    0.5482867262302301,
    0.501201522961641,
    0.4830441558972383,
    0.4759681108670357,
    0.4502635297102806,
    0.4691711736031068,
    0.4550954185999357,
    0.4498120182599777,
    0.4420954112823193,
    0.4236074708975278,
    0.3955057966403472,
    0.37804657511222056,
    0.3717856644055782,
    0.36798887237524375,
    0.3624478954535264,
    0.35929463245929816,
    0.3554085228687678,
    0.35253942776948977,
    0.35138297570057403,
    0.35140923567307303
  ],
  "train_acc": [
    0.7492492492492493,
    0.805019305019305,
    0.8236808236808236,
    0.8294723294723295,
    0.8573573573573574,
    0.838052338052338,
    0.853925353925354,
    0.8592878592878593,
    0.8663663663663663,
    0.8843843843843844,
    0.9163449163449163,
    0.9345774345774346,
    0.9388674388674388,
    0.9422994422994423,
    0.9510939510939511,
    0.9536679536679536,
    0.9592449592449592,
    0.9605319605319605,
    0.9622479622479623,
    0.9628914628914629
  ],
  "val_loss": [
    0.593926128684258,
    0.6975297070279414,
    0.5610603221825191,
    0.4708897009187815,
    0.44118695478050074,
    0.4600731341206298,
    0.4250309686271512,
    0.44468782021074876,
    0.4946430240358625,
    0.413460228516131,
    0.3920453823342615,
    0.3846607208251953,
    0.3761672760759081,
    0.36864452641837453,
    0.3679257984064063,
    0.3637806171057176,
    0.3625519336486349,
    0.3606633817662998,
    0.36189873060401606,
    0.3554711560813748
  ],
  "val_acc": [
    0.7058319039451115,
    0.6012006861063465,
    0.7349914236706689,
    0.839622641509434,
    0.8679245283018868,
    0.8456260720411664,
    0.8842195540308748,
    0.8593481989708405,
    0.8036020583190394,
    0.8945111492281304,
    0.9142367066895368,
    0.9279588336192109,
    0.9322469982847341,
    0.9433962264150944,
    0.9442538593481989,
    0.9485420240137221,
    0.9502572898799314,
    0.951114922813036,
    0.9528301886792453,
    0.9596912521440824
  ],
  "best_acc": 0.9596912521440824
}