{
  "epoch": 15,
  "train_loss": 0.3813000278595166,
  "train_acc": 0.9313599313599313,
  "val_loss": 0.38315800014807255,
  "val_acc": 0.9296740994854202,
  "timestamp": "2025-05-03T08:33:12.283442",
  "elapsed_time": 789.3653845787048
}