{
  "epoch": 13,
  "train_loss": 0.40094951284237396,
  "train_acc": 0.9107679107679107,
  "val_loss": 0.3953159609619452,
  "val_acc": 0.9176672384219554,
  "timestamp": "2025-05-03T08:31:34.566473",
  "elapsed_time": 691.6422600746155
}