{
  "epoch": 19,
  "train_loss": 0.36913262682083325,
  "train_acc": 0.9427284427284427,
  "val_loss": 0.37088436800606395,
  "val_acc": 0.9382504288164666,
  "timestamp": "2025-05-03T08:36:27.921268",
  "elapsed_time": 984.9933035373688
}