{
  "epoch": 2,
  "train_loss": 0.4599913083589994,
  "train_acc": 0.8522093522093522,
  "val_loss": 0.41460970652346707,
  "val_acc": 0.8945111492281304,
  "timestamp": "2025-05-03T08:22:31.051076",
  "elapsed_time": 148.12957954406738
}