{
  "epoch": 11,
  "train_loss": 0.42818171366667135,
  "train_acc": 0.8837408837408838,
  "val_loss": 0.42623146942683626,
  "val_acc": 0.885934819897084,
  "timestamp": "2025-05-03T08:29:56.341610",
  "elapsed_time": 593.4214496612549
}