{
  "epoch": 4,
  "train_loss": 0.47658562920032405,
  "train_acc": 0.8356928356928357,
  "val_loss": 0.49762824785952664,
  "val_acc": 0.8121783876500858,
  "timestamp": "2025-05-03T08:24:11.322079",
  "elapsed_time": 248.40323996543884
}