{
  "epoch": 12,
  "train_loss": 0.41531599790622026,
  "train_acc": 0.8983268983268984,
  "val_loss": 0.4012805527570296,
  "val_acc": 0.9099485420240138,
  "timestamp": "2025-05-03T08:30:44.931158",
  "elapsed_time": 642.0135519504547
}