{
  "epoch": 17,
  "train_loss": 0.3776809325584998,
  "train_acc": 0.9354354354354354,
  "val_loss": 0.3798864246631155,
  "val_acc": 0.9313893653516295,
  "timestamp": "2025-05-03T08:34:49.950068",
  "elapsed_time": 887.0297031402588
}