{
  "epoch": 1,
  "train_loss": 0.4815871957020882,
  "train_acc": 0.8292578292578292,
  "val_loss": 0.5393147681440625,
  "val_acc": 0.7727272727272727,
  "timestamp": "2025-05-03T08:21:41.939932",
  "elapsed_time": 99.01134634017944
}