{
  "epoch": 0,
  "train_loss": 0.5026432824440491,
  "train_acc": 0.8058773058773059,
  "val_loss": 0.4988100844986585,
  "val_acc": 0.8121783876500858,
  "timestamp": "2025-05-03T08:20:52.801310",
  "elapsed_time": 49.87200045585632
}