{
  "epoch": 16,
  "train_loss": 0.37774716844925516,
  "train_acc": 0.9356499356499357,
  "val_loss": 0.3773869786943708,
  "val_acc": 0.934819897084048,
  "timestamp": "2025-05-03T08:34:01.502281",
  "elapsed_time": 838.5823738574982
}