{
  "epoch": 14,
  "train_loss": 0.3841679907762087,
  "train_acc": 0.9294294294294294,
  "val_loss": 0.38353393759046284,
  "val_acc": 0.9288164665523156,
  "timestamp": "2025-05-03T08:32:24.254254",
  "elapsed_time": 741.3381922245026
}