{
  "epoch": 18,
  "train_loss": 0.36783815576479983,
  "train_acc": 0.9448734448734448,
  "val_loss": 0.37747274856178126,
  "val_acc": 0.934819897084048,
  "timestamp": "2025-05-03T08:35:39.227915",
  "elapsed_time": 936.3101143836975
}