{
  "epoch": 7,
  "train_loss": 0.4022521949731387,
  "train_acc": 0.9094809094809094,
  "val_loss": 0.4645653987417416,
  "val_acc": 0.8430531732418525,
  "timestamp": "2025-05-03T08:26:38.998228",
  "elapsed_time": 396.07554507255554
}