{
  "epoch": 10,
  "train_loss": 0.46045969327290853,
  "train_acc": 0.8504933504933505,
  "val_loss": 0.43831824161568467,
  "val_acc": 0.8756432246998285,
  "timestamp": "2025-05-03T08:29:07.384712",
  "elapsed_time": 544.4652910232544
}