{
  "epoch": 5,
  "train_loss": 0.42795081734657286,
  "train_acc": 0.8822393822393823,
  "val_loss": 0.4647856531094532,
  "val_acc": 0.8464837049742711,
  "timestamp": "2025-05-03T08:25:01.270981",
  "elapsed_time": 298.3482758998871
}