{
  "epoch": 3,
  "train_loss": 0.4537101135804103,
  "train_acc": 0.8571428571428571,
  "val_loss": 0.451990440791967,
  "val_acc": 0.8584905660377359,
  "timestamp": "2025-05-03T08:23:20.347463",
  "elapsed_time": 197.4280207157135
}