{
  "epoch": 6,
  "train_loss": 0.40912778683197804,
  "train_acc": 0.9032604032604032,
  "val_loss": 0.44736782081273135,
  "val_acc": 0.8636363636363636,
  "timestamp": "2025-05-03T08:25:50.931691",
  "elapsed_time": 348.012318611145
}