{
  "epoch": 8,
  "train_loss": 0.4240684007986998,
  "train_acc": 0.8876018876018876,
  "val_loss": 0.4348424119608743,
  "val_acc": 0.8765008576329331,
  "timestamp": "2025-05-03T08:27:28.807073",
  "elapsed_time": 445.8822798728943
}