{
  "epoch": 9,
  "train_loss": 0.46598062958472813,
  "train_acc": 0.8455598455598455,
  "val_loss": 0.5861214660868352,
  "val_acc": 0.7272727272727273,
  "timestamp": "2025-05-03T08:28:17.237019",
  "elapsed_time": 494.3188011646271
}