{
  "train_loss": [
    0.5026432824440491,
    0.4815871957020882,
    0.4599913083589994,
    0.4537101135804103,
    0.47658562920032405,
    0.42795081734657286,
    0.40912778683197804,
    0.4022521949731387,
    0.4240684007986998,
    0.46598062958472813,
    0.46045969327290853,
    0.42818171366667135,
    0.41531599790622026,
    0.40094951284237396,
    0.3841679907762087,
    0.3813000278595166,
    0.37774716844925516,
    0.3776809325584998,
    0.36783815576479983,
    0.36913262682083325
  ],
  "train_acc": [
    0.8058773058773059,
    0.8292578292578292,
    0.8522093522093522,
    0.8571428571428571,
    0.8356928356928357,
    0.8822393822393823,
    0.9032604032604032,
    0.9094809094809094,
    0.8876018876018876,
    0.8455598455598455,
    0.8504933504933505,
    0.8837408837408838,
    0.8983268983268984,
    0.9107679107679107,
    0.9294294294294294,
    0.9313599313599313,
    0.9356499356499357,
    0.9354354354354354,
    0.9448734448734448,
    0.9427284427284427
  ],
  "val_loss": [
    0.4988100844986585,
    0.5393147681440625,
    0.41460970652346707,
    0.451990440791967,
    0.49762824785952664,
    0.4647856531094532,
    0.44736782081273135,
    0.4645653987417416,
    0.4348424119608743,
    0.5861214660868352,
    0.43831824161568467,
    0.42623146942683626,
    0.4012805527570296,
    0.3953159609619452,
    0.38353393759046284,
    0.38315800014807255,
    0.3773869786943708,
    0.3798864246631155,
    0.37747274856178126,
    0.37088436800606395
  ],
  "val_acc": [
    0.8121783876500858,
    0.7727272727272727,
    0.8945111492281304,
    0.8584905660377359,
    0.8121783876500858,
    0.8464837049742711,
    0.8636363636363636,
    0.8430531732418525,
    0.8765008576329331,
    0.7272727272727273,
    0.8756432246998285,
    0.885934819897084,
    0.9099485420240138,
    0.9176672384219554,
    0.9288164665523156,
    0.9296740994854202,
    0.934819897084048,
    0.9313893653516295,
    0.934819897084048,
    0.9382504288164666
  ],
  "best_acc": 0.9382504288164666
}