{
  "epoch": 3,
  "train_loss": 0.6294653272017454,
  "train_acc": 0.7666237666237666,
  "val_loss": 0.6152348262923104,
  "val_acc": 0.7684391080617495,
  "timestamp": "2025-05-01T00:25:01.391458",
  "elapsed_time": 206.27548146247864
}