{
  "epoch": 13,
  "train_loss": 0.5262481904946841,
  "train_acc": 0.821964821964822,
  "val_loss": 0.5242811909743718,
  "val_acc": 0.8190394511149228,
  "timestamp": "2025-05-01T00:33:36.656998",
  "elapsed_time": 721.551967382431
}