{
  "epoch": 7,
  "train_loss": 0.562089434495339,
  "train_acc": 0.8009438009438009,
  "val_loss": 0.552047880936642,
  "val_acc": 0.8001715265866209,
  "timestamp": "2025-05-01T00:28:27.444067",
  "elapsed_time": 412.33500385284424
}