{
  "epoch": 0,
  "train_loss": 0.68431072082275,
  "train_acc": 0.5911625911625912,
  "val_loss": 0.6722042402442621,
  "val_acc": 0.6938250428816467,
  "timestamp": "2025-05-01T00:22:26.513434",
  "elapsed_time": 51.37837338447571
}