{
  "epoch": 8,
  "train_loss": 0.5470968660635825,
  "train_acc": 0.806949806949807,
  "val_loss": 0.5389389310564313,
  "val_acc": 0.8061749571183533,
  "timestamp": "2025-05-01T00:29:19.005515",
  "elapsed_time": 463.9045023918152
}