{
  "epoch": 10,
  "train_loss": 0.5293222008607327,
  "train_acc": 0.8206778206778207,
  "val_loss": 0.5264694404845335,
  "val_acc": 0.8173241852487135,
  "timestamp": "2025-05-01T00:31:02.095339",
  "elapsed_time": 566.9706618785858
}