{
  "epoch": 18,
  "train_loss": 0.5210855759107149,
  "train_acc": 0.821964821964822,
  "val_loss": 0.5178287260386408,
  "val_acc": 0.8207547169811321,
  "timestamp": "2025-05-01T00:37:55.032050",
  "elapsed_time": 979.9273197650909
}