{
  "epoch": 9,
  "train_loss": 0.5351634977719723,
  "train_acc": 0.8155298155298155,
  "val_loss": 0.5312956468183168,
  "val_acc": 0.8156089193825042,
  "timestamp": "2025-05-01T00:30:10.500023",
  "elapsed_time": 515.3946616649628
}