{
  "epoch": 2,
  "train_loss": 0.6479460768210582,
  "train_acc": 0.7556842556842557,
  "val_loss": 0.6390659127916608,
  "val_acc": 0.7530017152658662,
  "timestamp": "2025-05-01T00:24:09.734474",
  "elapsed_time": 154.62320160865784
}