{
  "epoch": 1,
  "train_loss": 0.6666057091492873,
  "train_acc": 0.7168597168597168,
  "val_loss": 0.6555169711307604,
  "val_acc": 0.7409948542024014,
  "timestamp": "2025-05-01T00:23:18.036238",
  "elapsed_time": 102.92888951301575
}