{
  "epoch": 6,
  "train_loss": 0.5758137492033152,
  "train_acc": 0.7953667953667953,
  "val_loss": 0.5649960533696778,
  "val_acc": 0.7975986277873071,
  "timestamp": "2025-05-01T00:27:35.482644",
  "elapsed_time": 360.37300157546997
}