{
  "epoch": 16,
  "train_loss": 0.522852212190628,
  "train_acc": 0.8253968253968254,
  "val_loss": 0.5206290410489453,
  "val_acc": 0.8104631217838765,
  "timestamp": "2025-05-01T00:36:11.354961",
  "elapsed_time": 876.2483355998993
}