{
  "epoch": 15,
  "train_loss": 0.5249808716468322,
  "train_acc": 0.8178893178893178,
  "val_loss": 0.5212810891015189,
  "val_acc": 0.8207547169811321,
  "timestamp": "2025-05-01T00:35:19.758269",
  "elapsed_time": 824.6481702327728
}