{
  "epoch": 5,
  "train_loss": 0.5926093232937348,
  "train_acc": 0.7846417846417847,
  "val_loss": 0.5794567137348409,
  "val_acc": 0.7873070325900514,
  "timestamp": "2025-05-01T00:26:44.181230",
  "elapsed_time": 309.06629395484924
}