{
  "epoch": 14,
  "train_loss": 0.5253976702690124,
  "train_acc": 0.8236808236808236,
  "val_loss": 0.5224516635038414,
  "val_acc": 0.8198970840480274,
  "timestamp": "2025-05-01T00:34:28.114156",
  "elapsed_time": 773.0029311180115
}