{
  "epoch": 12,
  "train_loss": 0.5281030829136188,
  "train_acc": 0.8172458172458172,
  "val_loss": 0.5245884979257778,
  "val_acc": 0.8156089193825042,
  "timestamp": "2025-05-01T00:32:44.989203",
  "elapsed_time": 669.8775215148926
}