{
  "epoch": 17,
  "train_loss": 0.521173422000347,
  "train_acc": 0.8268983268983269,
  "val_loss": 0.519720295254065,
  "val_acc": 0.8156089193825042,
  "timestamp": "2025-05-01T00:37:03.138731",
  "elapsed_time": 928.0191400051117
}