{
  "epoch": 4,
  "train_loss": 0.6112284223238628,
  "train_acc": 0.7734877734877735,
  "val_loss": 0.5961894064533467,
  "val_acc": 0.7864493996569468,
  "timestamp": "2025-05-01T00:25:52.747808",
  "elapsed_time": 257.6331355571747
}