{
  "epoch": 19,
  "train_loss": 0.52037167151769,
  "train_acc": 0.8266838266838267,
  "val_loss": 0.5161471664905548,
  "val_acc": 0.8198970840480274,
  "timestamp": "2025-05-01T00:38:46.802334",
  "elapsed_time": 1031.6949663162231
}