{
  "epoch": 11,
  "train_loss": 0.5285196240131672,
  "train_acc": 0.8172458172458172,
  "val_loss": 0.5236541282157509,
  "val_acc": 0.823327615780446,
  "timestamp": "2025-05-01T00:31:53.732008",
  "elapsed_time": 618.6276407241821
}