{
  "train_loss": [
    0.68431072082275,
    0.6666057091492873,
    0.6479460768210582,
    0.6294653272017454,
    0.6112284223238628,
    0.5926093232937348,
    0.5758137492033152,
    0.562089434495339,
    0.5470968660635825,
    0.5351634977719723,
    0.5293222008607327,
    0.5285196240131672,
    0.5281030829136188,
    0.5262481904946841,
    0.5253976702690124,
    0.5249808716468322,
    0.522852212190628,
    0.521173422000347,
    0.5210855759107149,
    0.52037167151769
  ],
  "train_acc": [
    0.5911625911625912,
    0.7168597168597168,
    0.7556842556842557,
    0.7666237666237666,
    0.7734877734877735,
    0.7846417846417847,
    0.7953667953667953,
    0.8009438009438009,
    0.806949806949807,
    0.8155298155298155,
    0.8206778206778207,
    0.8172458172458172,
    0.8172458172458172,
    0.821964821964822,
    0.8236808236808236,
    0.8178893178893178,
    0.8253968253968254,
    0.8268983268983269,
    0.821964821964822,
    0.8266838266838267
  ],
  "val_loss": [
    0.6722042402442621,
    0.6555169711307604,
    0.6390659127916608,
    0.6152348262923104,
    0.5961894064533467,
    0.5794567137348409,
    0.5649960533696778,
    0.552047880936642,
    0.5389389310564313,
    0.5312956468183168,
    0.5264694404845335,
    0.5236541282157509,
    0.5245884979257778,
    0.5242811909743718,
    0.5224516635038414,
    0.5212810891015189,
    0.5206290410489453,
    0.519720295254065,
    0.5178287260386408,
    0.5161471664905548
  ],
  "val_acc": [
    0.6938250428816467,
    0.7409948542024014,
    0.7530017152658662,
    0.7684391080617495,
    0.7864493996569468,
    0.7873070325900514,
    0.7975986277873071,
    0.8001715265866209,
    0.8061749571183533,
    0.8156089193825042,
    0.8173241852487135,
    0.823327615780446,
    0.8156089193825042,
    0.8190394511149228,
    0.8198970840480274,
    0.8207547169811321,
    0.8104631217838765,
    0.8156089193825042,
    0.8207547169811321,
    0.8198970840480274
  ],
  "best_acc": 0.823327615780446
}