{
  "epoch": 16,
  "train_loss": 0.3743111353654128,
  "train_acc": 0.9416559416559417,
  "val_loss": 0.3868154573197268,
  "val_acc": 0.9236706689536878,
  "timestamp": "2025-05-01T05:39:05.199787",
  "elapsed_time": 1080.2855997085571
}