{
  "epoch": 9,
  "train_loss": 0.4860546492613279,
  "train_acc": 0.8172458172458172,
  "val_loss": 0.4927835081304823,
  "val_acc": 0.8053173241852487,
  "timestamp": "2025-05-01T05:31:33.845403",
  "elapsed_time": 628.9280490875244
}