{
  "epoch": 3,
  "train_loss": 0.5963346019769327,
  "train_acc": 0.696053196053196,
  "val_loss": 0.5477317158056765,
  "val_acc": 0.7461406518010292,
  "timestamp": "2025-05-01T05:25:18.096706",
  "elapsed_time": 253.18056082725525
}