{
  "epoch": 11,
  "train_loss": 0.41274069272554836,
  "train_acc": 0.8993993993993994,
  "val_loss": 0.42028691938945223,
  "val_acc": 0.8910806174957119,
  "timestamp": "2025-05-01T05:33:41.849342",
  "elapsed_time": 756.9342424869537
}