{
  "epoch": 0,
  "train_loss": 0.6400142908096313,
  "train_acc": 0.6284856284856285,
  "val_loss": 0.5901863958154406,
  "val_acc": 0.6981132075471698,
  "timestamp": "2025-05-01T05:22:08.384686",
  "elapsed_time": 63.47255825996399
}