{
  "epoch": 1,
  "train_loss": 0.5860411393336761,
  "train_acc": 0.7114972114972115,
  "val_loss": 0.7241623584105044,
  "val_acc": 0.58147512864494,
  "timestamp": "2025-05-01T05:23:12.248086",
  "elapsed_time": 127.3328058719635
}