{
  "epoch": 19,
  "train_loss": 0.35915390833830224,
  "train_acc": 0.9555984555984556,
  "val_loss": 0.366199789606795,
  "val_acc": 0.9468267581475128,
  "timestamp": "2025-05-01T05:42:17.768597",
  "elapsed_time": 1272.8435881137848
}