{
  "epoch": 15,
  "train_loss": 0.3750965152031336,
  "train_acc": 0.9416559416559417,
  "val_loss": 0.381537921574651,
  "val_acc": 0.9322469982847341,
  "timestamp": "2025-05-01T05:38:01.318654",
  "elapsed_time": 1016.3915069103241
}