{
  "epoch": 12,
  "train_loss": 0.401226522677984,
  "train_acc": 0.9129129129129129,
  "val_loss": 0.40535139186041697,
  "val_acc": 0.9099485420240138,
  "timestamp": "2025-05-01T05:34:47.590187",
  "elapsed_time": 822.6672210693359
}