{
  "epoch": 5,
  "train_loss": 0.5360608175779,
  "train_acc": 0.7664092664092664,
  "val_loss": 0.7506825571157494,
  "val_acc": 0.5385934819897084,
  "timestamp": "2025-05-01T05:27:24.208993",
  "elapsed_time": 379.2659158706665
}