{
  "epoch": 4,
  "train_loss": 0.5588744975053347,
  "train_acc": 0.7385242385242385,
  "val_loss": 0.5241376794114405,
  "val_acc": 0.7684391080617495,
  "timestamp": "2025-05-01T05:26:21.280096",
  "elapsed_time": 316.366801738739
}