{
  "epoch": 8,
  "train_loss": 0.48264628939139537,
  "train_acc": 0.821964821964822,
  "val_loss": 0.5213123888385539,
  "val_acc": 0.7761578044596913,
  "timestamp": "2025-05-01T05:30:31.139980",
  "elapsed_time": 566.2080600261688
}