{
  "epoch": 14,
  "train_loss": 0.38294398387273154,
  "train_acc": 0.9326469326469327,
  "val_loss": 0.40077270780290875,
  "val_acc": 0.9116638078902229,
  "timestamp": "2025-05-01T05:36:57.218819",
  "elapsed_time": 952.2873041629791
}