{
  "epoch": 13,
  "train_loss": 0.3926408665302472,
  "train_acc": 0.9212784212784213,
  "val_loss": 0.39323470665484056,
  "val_acc": 0.9193825042881647,
  "timestamp": "2025-05-01T05:35:53.192769",
  "elapsed_time": 888.2833423614502
}