{
  "epoch": 17,
  "train_loss": 0.3671145303127093,
  "train_acc": 0.9472329472329473,
  "val_loss": 0.3720330127647945,
  "val_acc": 0.9408233276157805,
  "timestamp": "2025-05-01T05:40:09.320320",
  "elapsed_time": 1144.3982830047607
}