{
  "epoch": 6,
  "train_loss": 0.5118898182343214,
  "train_acc": 0.7876447876447876,
  "val_loss": 0.5000589052025153,
  "val_acc": 0.8044596912521441,
  "timestamp": "2025-05-01T05:28:26.484286",
  "elapsed_time": 441.56648302078247
}