{
  "epoch": 7,
  "train_loss": 0.5005679688392541,
  "train_acc": 0.7996567996567997,
  "val_loss": 0.5027110223867455,
  "val_acc": 0.7967409948542024,
  "timestamp": "2025-05-01T05:29:28.739111",
  "elapsed_time": 503.82731795310974
}