{
  "epoch": 10,
  "train_loss": 0.4417346509603354,
  "train_acc": 0.8665808665808665,
  "val_loss": 0.4313775270569081,
  "val_acc": 0.8816466552315609,
  "timestamp": "2025-05-01T05:32:36.763947",
  "elapsed_time": 691.8410153388977
}