{
  "epoch": 18,
  "train_loss": 0.36822456885606814,
  "train_acc": 0.9444444444444444,
  "val_loss": 0.3776750199648799,
  "val_acc": 0.9382504288164666,
  "timestamp": "2025-05-01T05:41:13.596761",
  "elapsed_time": 1208.6660869121552
}