{
  "epoch": 2,
  "train_loss": 0.6036410299631265,
  "train_acc": 0.6902616902616903,
  "val_loss": 0.6800930372306279,
  "val_acc": 0.6106346483704974,
  "timestamp": "2025-05-01T05:24:14.982446",
  "elapsed_time": 190.06545495986938
}