{
  "train_loss": [
    0.6400142908096313,
    0.5860411393336761,
    0.6036410299631265,
    0.5963346019769327,
    0.5588744975053347,
    0.5360608175779,
    0.5118898182343214,
    0.5005679688392541,
    0.48264628939139537,
    0.4860546492613279,
    0.4417346509603354,
    0.41274069272554836,
    0.401226522677984,
    0.3926408665302472,
    0.38294398387273154,
    0.3750965152031336,
    0.3743111353654128,
    0.3671145303127093,
    0.36822456885606814,
    0.35915390833830224
  ],
  "train_acc": [
    0.6284856284856285,
    0.7114972114972115,
    0.6902616902616903,
    0.696053196053196,
    0.7385242385242385,
    0.7664092664092664,
    0.7876447876447876,
    0.7996567996567997,
    0.821964821964822,
    0.8172458172458172,
    0.8665808665808665,
    0.8993993993993994,
    0.9129129129129129,
    0.9212784212784213,
    0.9326469326469327,
    0.9416559416559417,
    0.9416559416559417,
    0.9472329472329473,
    0.9444444444444444,
    0.9555984555984556
  ],
  "val_loss": [
    0.5901863958154406,
    0.7241623584105044,
    0.6800930372306279,
    0.5477317158056765,
    0.5241376794114405,
    0.7506825571157494,
    0.5000589052025153,
    0.5027110223867455,
    0.5213123888385539,
    0.4927835081304823,
    0.4313775270569081,
    0.42028691938945223,
    0.40535139186041697,
    0.39323470665484056,
    0.40077270780290875,
    0.381537921574651,
    0.3868154573197268,
    0.3720330127647945,
    0.3776750199648799,
    0.366199789606795
  ],
  "val_acc": [
    0.6981132075471698,
    0.58147512864494,
    0.6106346483704974,
    0.7461406518010292,
    0.7684391080617495,
    0.5385934819897084,
    0.8044596912521441,
    0.7967409948542024,
    0.7761578044596913,
    0.8053173241852487,
    0.8816466552315609,
    0.8910806174957119,
    0.9099485420240138,
    0.9193825042881647,
    0.9116638078902229,
    0.9322469982847341,
    0.9236706689536878,
    0.9408233276157805,
    0.9382504288164666,
    0.9468267581475128
  ],
  "best_acc": 0.9468267581475128
}