{
  "epoch": 1,
  "train_loss": 0.4445490536017296,
  "train_acc": 0.8620763620763621,
  "val_loss": 0.40950471527722415,
  "val_acc": 0.9030874785591767,
  "timestamp": "2025-05-03T07:26:49.351132",
  "elapsed_time": 98.75698328018188
}