{
  "epoch": 18,
  "train_loss": 0.3258146246274312,
  "train_acc": 0.9871299871299871,
  "val_loss": 0.33813209801304095,
  "val_acc": 0.9742710120068611,
  "timestamp": "2025-05-03T07:40:42.276967",
  "elapsed_time": 931.6852598190308
}