{
  "epoch": 11,
  "train_loss": 0.3429521184701186,
  "train_acc": 0.9703989703989704,
  "val_loss": 0.3428473648976307,
  "val_acc": 0.9725557461406518,
  "timestamp": "2025-05-03T07:34:57.805305",
  "elapsed_time": 587.2077968120575
}