{
  "epoch": 19,
  "train_loss": 0.3255792440512241,
  "train_acc": 0.987987987987988,
  "val_loss": 0.3386740283090241,
  "val_acc": 0.9734133790737565,
  "timestamp": "2025-05-03T07:41:30.443875",
  "elapsed_time": 979.8490707874298
}