{
  "epoch": 14,
  "train_loss": 0.32959446937609943,
  "train_acc": 0.9839124839124839,
  "val_loss": 0.347713261234517,
  "val_acc": 0.9648370497427101,
  "timestamp": "2025-05-03T07:37:24.546747",
  "elapsed_time": 733.949116230011
}