{
  "epoch": 5,
  "train_loss": 0.39972437879978084,
  "train_acc": 0.9116259116259117,
  "val_loss": 0.3872377902877574,
  "val_acc": 0.9245283018867925,
  "timestamp": "2025-05-03T07:30:04.558948",
  "elapsed_time": 293.9653949737549
}