{
  "epoch": 13,
  "train_loss": 0.33251711680338936,
  "train_acc": 0.9794079794079794,
  "val_loss": 0.34083964265122707,
  "val_acc": 0.9716981132075472,
  "timestamp": "2025-05-03T07:36:35.497387",
  "elapsed_time": 684.9072513580322
}