{
  "epoch": 9,
  "train_loss": 0.3590307050790542,
  "train_acc": 0.953024453024453,
  "val_loss": 0.37739782369866665,
  "val_acc": 0.9356775300171527,
  "timestamp": "2025-05-03T07:33:20.468377",
  "elapsed_time": 489.8754997253418
}