{
  "epoch": 2,
  "train_loss": 0.42140957438028775,
  "train_acc": 0.888030888030888,
  "val_loss": 0.4757872223854065,
  "val_acc": 0.8241852487135506,
  "timestamp": "2025-05-03T07:27:38.130067",
  "elapsed_time": 147.53099083900452
}