{
  "epoch": 10,
  "train_loss": 0.3493299057850471,
  "train_acc": 0.9624624624624625,
  "val_loss": 0.3553093246051243,
  "val_acc": 0.9554030874785592,
  "timestamp": "2025-05-03T07:34:09.215913",
  "elapsed_time": 538.6168241500854
}