{
  "epoch": 0,
  "train_loss": 0.4796285853936122,
  "train_acc": 0.8236808236808236,
  "val_loss": 0.6042096657412392,
  "val_acc": 0.7024013722126929,
  "timestamp": "2025-05-03T07:26:00.609531",
  "elapsed_time": 50.013567209243774
}