{
  "epoch": 6,
  "train_loss": 0.38813947561459666,
  "train_acc": 0.9227799227799228,
  "val_loss": 0.42315182454732,
  "val_acc": 0.8867924528301887,
  "timestamp": "2025-05-03T07:30:53.295417",
  "elapsed_time": 342.7020080089569
}