{
  "epoch": 7,
  "train_loss": 0.3803485104670891,
  "train_acc": 0.9317889317889317,
  "val_loss": 0.3910669714820628,
  "val_acc": 0.9193825042881647,
  "timestamp": "2025-05-03T07:31:43.532333",
  "elapsed_time": 392.9346089363098
}