{
  "epoch": 16,
  "train_loss": 0.3271866052578657,
  "train_acc": 0.9856284856284856,
  "val_loss": 0.33716896662906726,
  "val_acc": 0.9777015437392796,
  "timestamp": "2025-05-03T07:39:03.364655",
  "elapsed_time": 832.7684192657471
}