{
  "epoch": 17,
  "train_loss": 0.3254728872042436,
  "train_acc": 0.9867009867009867,
  "val_loss": 0.3399497294912533,
  "val_acc": 0.9716981132075472,
  "timestamp": "2025-05-03T07:39:54.290679",
  "elapsed_time": 883.6906495094299
}