{
  "epoch": 4,
  "train_loss": 0.39487029008376295,
  "train_acc": 0.9163449163449163,
  "val_loss": 0.5217441667099388,
  "val_acc": 0.7941680960548885,
  "timestamp": "2025-05-03T07:29:15.332457",
  "elapsed_time": 244.72783136367798
}