{
  "epoch": 12,
  "train_loss": 0.33506936125266246,
  "train_acc": 0.9779064779064779,
  "val_loss": 0.34896216465502367,
  "val_acc": 0.9622641509433962,
  "timestamp": "2025-05-03T07:35:46.233852",
  "elapsed_time": 635.6400547027588
}