{
  "epoch": 8,
  "train_loss": 0.37573061677125785,
  "train_acc": 0.9365079365079365,
  "val_loss": 0.41211024109198124,
  "val_acc": 0.8936535162950258,
  "timestamp": "2025-05-03T07:32:31.245109",
  "elapsed_time": 440.64993810653687
}