{
  "epoch": 15,
  "train_loss": 0.3271062419964717,
  "train_acc": 0.9867009867009867,
  "val_loss": 0.3404149936169994,
  "val_acc": 0.9725557461406518,
  "timestamp": "2025-05-03T07:38:14.281082",
  "elapsed_time": 783.6876950263977
}