{
  "epoch": 3,
  "train_loss": 0.39921767681072917,
  "train_acc": 0.9131274131274131,
  "val_loss": 0.5209342867744212,
  "val_acc": 0.7821612349914236,
  "timestamp": "2025-05-03T07:28:26.126838",
  "elapsed_time": 195.53281474113464
}