{
  "train_loss": [
    0.4796285853936122,
    0.4445490536017296,
    0.42140957438028775,
    0.39921767681072917,
    0.39487029008376295,
    0.39972437879978084,
    0.38813947561459666,
    0.3803485104670891,
    0.37573061677125785,
    0.3590307050790542,
    0.3493299057850471,
    0.3429521184701186,
    0.33506936125266246,
    0.33251711680338936,
    0.32959446937609943,
    0.3271062419964717,
    0.3271866052578657,
    0.3254728872042436,
    0.3258146246274312,
    0.3255792440512241
  ],
  "train_acc": [
    0.8236808236808236,
    0.8620763620763621,
    0.888030888030888,
    0.9131274131274131,
    0.9163449163449163,
    0.9116259116259117,
    0.9227799227799228,
    0.9317889317889317,
    0.9365079365079365,
    0.953024453024453,
    0.9624624624624625,
    0.9703989703989704,
    0.9779064779064779,
    0.9794079794079794,
    0.9839124839124839,
    0.9867009867009867,
    0.9856284856284856,
    0.9867009867009867,
    0.9871299871299871,
    0.987987987987988
  ],
  "val_loss": [
    0.6042096657412392,
    0.40950471527722415,
    0.4757872223854065,
    0.5209342867744212,
    0.5217441667099388,
    0.3872377902877574,
    0.42315182454732,
    0.3910669714820628,
    0.41211024109198124,
    0.37739782369866665,
    0.3553093246051243,
    0.3428473648976307,
    0.34896216465502367,
    0.34083964265122707,
    0.347713261234517,
    0.3404149936169994,
    0.33716896662906726,
    0.3399497294912533,
    0.33813209801304095,
    0.3386740283090241
  ],
  "val_acc": [
    0.7024013722126929,
    0.9030874785591767,
    0.8241852487135506,
    0.7821612349914236,
    0.7941680960548885,
    0.9245283018867925,
    0.8867924528301887,
    0.9193825042881647,
    0.8936535162950258,
    0.9356775300171527,
    0.9554030874785592,
    0.9725557461406518,
    0.9622641509433962,
    0.9716981132075472,
    0.9648370497427101,
    0.9725557461406518,
    0.9777015437392796,
    0.9716981132075472,
    0.9742710120068611,
    0.9734133790737565
  ],
  "best_acc": 0.9777015437392796
}