{
  "epoch": 16,
  "train_loss": 0.32020595501630733,
  "train_acc": 0.9931359931359931,
  "val_loss": 0.3324933410907278,
  "val_acc": 0.9802744425385935,
  "timestamp": "2025-05-01T07:08:58.991801",
  "elapsed_time": 1151.3367130756378
}