{
  "epoch": 2,
  "train_loss": 0.3716734108252403,
  "train_acc": 0.9382239382239382,
  "val_loss": 0.36317352007846443,
  "val_acc": 0.9485420240137221,
  "timestamp": "2025-05-01T06:53:09.356200",
  "elapsed_time": 201.69316220283508
}