{
  "epoch": 13,
  "train_loss": 0.3228009650340447,
  "train_acc": 0.9905619905619906,
  "val_loss": 0.3331057265096781,
  "val_acc": 0.9785591766723842,
  "timestamp": "2025-05-01T07:05:34.303907",
  "elapsed_time": 946.6178061962128
}