{
  "epoch": 18,
  "train_loss": 0.3185476099833464,
  "train_acc": 0.9944229944229944,
  "val_loss": 0.3330212825415086,
  "val_acc": 0.9794168096054888,
  "timestamp": "2025-05-01T07:11:14.613211",
  "elapsed_time": 1286.93838596344
}