{
  "epoch": 5,
  "train_loss": 0.35508541755187206,
  "train_acc": 0.9583869583869584,
  "val_loss": 0.37917596588329394,
  "val_acc": 0.9288164665523156,
  "timestamp": "2025-05-01T06:56:31.454199",
  "elapsed_time": 403.77876019477844
}