{
  "epoch": 17,
  "train_loss": 0.3212255516113379,
  "train_acc": 0.9924924924924925,
  "val_loss": 0.3331367087607481,
  "val_acc": 0.9785591766723842,
  "timestamp": "2025-05-01T07:10:06.854729",
  "elapsed_time": 1219.1604399681091
}