{
  "epoch": 9,
  "train_loss": 0.3494192111186492,
  "train_acc": 0.9646074646074646,
  "val_loss": 0.3485580725329263,
  "val_acc": 0.9631217838765008,
  "timestamp": "2025-05-01T07:01:03.314327",
  "elapsed_time": 675.6206431388855
}