{
  "epoch": 4,
  "train_loss": 0.34745639883554896,
  "train_acc": 0.9648219648219648,
  "val_loss": 0.3615537261476322,
  "val_acc": 0.9485420240137221,
  "timestamp": "2025-05-01T06:55:24.354898",
  "elapsed_time": 336.68121361732483
}