{
  "epoch": 7,
  "train_loss": 0.35275885982391164,
  "train_acc": 0.9603174603174603,
  "val_loss": 0.3592611076880474,
  "val_acc": 0.9502572898799314,
  "timestamp": "2025-05-01T06:58:47.172778",
  "elapsed_time": 539.5164580345154
}