{
  "epoch": 1,
  "train_loss": 0.3935864087862846,
  "train_acc": 0.916988416988417,
  "val_loss": 0.40494969669653447,
  "val_acc": 0.9048027444253859,
  "timestamp": "2025-05-01T06:52:01.679271",
  "elapsed_time": 134.01974511146545
}