{
  "epoch": 15,
  "train_loss": 0.32117222807346246,
  "train_acc": 0.9924924924924925,
  "val_loss": 0.33172434811689416,
  "val_acc": 0.9811320754716981,
  "timestamp": "2025-05-01T07:07:50.521177",
  "elapsed_time": 1082.854853630066
}