{
  "epoch": 10,
  "train_loss": 0.33572833568621907,
  "train_acc": 0.9770484770484771,
  "val_loss": 0.3362583724819884,
  "val_acc": 0.9759862778730704,
  "timestamp": "2025-05-01T07:02:11.341328",
  "elapsed_time": 743.6801183223724
}