{
  "epoch": 12,
  "train_loss": 0.32385552647786264,
  "train_acc": 0.9901329901329902,
  "val_loss": 0.33497571580264035,
  "val_acc": 0.9794168096054888,
  "timestamp": "2025-05-01T07:04:26.503656",
  "elapsed_time": 878.8484437465668
}