{
  "epoch": 14,
  "train_loss": 0.3210196472131289,
  "train_acc": 0.9927069927069927,
  "val_loss": 0.33350464580010397,
  "val_acc": 0.9794168096054888,
  "timestamp": "2025-05-01T07:06:42.394175",
  "elapsed_time": 1014.695662021637
}