{
  "epoch": 19,
  "train_loss": 0.3185641401853317,
  "train_acc": 0.9952809952809952,
  "val_loss": 0.3289482106967848,
  "val_acc": 0.983704974271012,
  "timestamp": "2025-05-01T07:12:20.427715",
  "elapsed_time": 1352.7640500068665
}