{
  "epoch": 0,
  "train_loss": 0.43546984501374075,
  "train_acc": 0.8764478764478765,
  "val_loss": 0.47485205896046695,
  "val_acc": 0.8310463121783876,
  "timestamp": "2025-05-01T06:50:54.932787",
  "elapsed_time": 67.23705911636353
}