{
  "epoch": 3,
  "train_loss": 0.3552281216169015,
  "train_acc": 0.9588159588159588,
  "val_loss": 0.34948337929589407,
  "val_acc": 0.9631217838765008,
  "timestamp": "2025-05-01T06:54:16.867197",
  "elapsed_time": 269.20772981643677
}