{
  "epoch": 6,
  "train_loss": 0.35267895735227145,
  "train_acc": 0.9581724581724582,
  "val_loss": 0.3752023237092154,
  "val_acc": 0.9373927958833619,
  "timestamp": "2025-05-01T06:57:38.396738",
  "elapsed_time": 470.7055597305298
}