{
  "epoch": 11,
  "train_loss": 0.32897161871959,
  "train_acc": 0.9832689832689833,
  "val_loss": 0.336948031673626,
  "val_acc": 0.9751286449399656,
  "timestamp": "2025-05-01T07:03:18.076075",
  "elapsed_time": 810.4002735614777
}