{
  "epoch": 8,
  "train_loss": 0.3438479342521765,
  "train_acc": 0.9712569712569713,
  "val_loss": 0.34849061102283246,
  "val_acc": 0.9614065180102916,
  "timestamp": "2025-05-01T06:59:55.777959",
  "elapsed_time": 608.1138427257538
}