{
  "train_loss": [
    0.43546984501374075,
    0.3935864087862846,
    0.3716734108252403,
    0.3552281216169015,
    0.34745639883554896,
    0.35508541755187206,
    0.35267895735227145,
    0.35275885982391164,
    0.3438479342521765,
    0.3494192111186492,
    0.33572833568621907,
    0.32897161871959,
    0.32385552647786264,
    0.3228009650340447,
    0.3210196472131289,
    0.32117222807346246,
    0.32020595501630733,
    0.3212255516113379,
    0.3185476099833464,
    0.3185641401853317
  ],
  "train_acc": [
    0.8764478764478765,
    0.916988416988417,
    0.9382239382239382,
    0.9588159588159588,
    0.9648219648219648,
    0.9583869583869584,
    0.9581724581724582,
    0.9603174603174603,
    0.9712569712569713,
    0.9646074646074646,
    0.9770484770484771,
    0.9832689832689833,
    0.9901329901329902,
    0.9905619905619906,
    0.9927069927069927,
    0.9924924924924925,
    0.9931359931359931,
    0.9924924924924925,
    0.9944229944229944,
    0.9952809952809952
  ],
  "val_loss": [
    0.47485205896046695,
    0.40494969669653447,
    0.36317352007846443,
    0.34948337929589407,
    0.3615537261476322,
    0.37917596588329394,
    0.3752023237092154,
    0.3592611076880474,
    0.34849061102283246,
    0.3485580725329263,
    0.3362583724819884,
    0.336948031673626,
    0.33497571580264035,
    0.3331057265096781,
    0.33350464580010397,
    0.33172434811689416,
    0.3324933410907278,
    0.3331367087607481,
    0.3330212825415086,
    0.3289482106967848
  ],
  "val_acc": [
    0.8310463121783876,
    0.9048027444253859,
    0.9485420240137221,
    0.9631217838765008,
    0.9485420240137221,
    0.9288164665523156,
    0.9373927958833619,
    0.9502572898799314,
    0.9614065180102916,
    0.9631217838765008,
    0.9759862778730704,
    0.9751286449399656,
    0.9794168096054888,
    0.9785591766723842,
    0.9794168096054888,
    0.9811320754716981,
    0.9802744425385935,
    0.9785591766723842,
    0.9794168096054888,
    0.983704974271012
  ],
  "best_acc": 0.983704974271012
}