{
  "epoch": 4,
  "train_loss": 0.33592483233182857,
  "train_acc": 0.9768339768339769,
  "val_loss": 0.32958454562693223,
  "val_acc": 0.983704974271012,
  "timestamp": "2025-05-01T09:06:24.923590",
  "elapsed_time": 284.22102904319763
}