{
  "epoch": 9,
  "train_loss": 0.3319579115280738,
  "train_acc": 0.9824109824109825,
  "val_loss": 0.33311784267425537,
  "val_acc": 0.9802744425385935,
  "timestamp": "2025-05-01T09:11:23.041444",
  "elapsed_time": 582.3466203212738
}