{
  "epoch": 10,
  "train_loss": 0.32486085708324725,
  "train_acc": 0.98991848991849,
  "val_loss": 0.33085282542267624,
  "val_acc": 0.9819897084048027,
  "timestamp": "2025-05-01T09:12:18.789396",
  "elapsed_time": 638.0560615062714
}