{
  "epoch": 2,
  "train_loss": 0.3466727409607325,
  "train_acc": 0.9684684684684685,
  "val_loss": 0.3299326525658977,
  "val_acc": 0.9845626072041166,
  "timestamp": "2025-05-01T09:04:31.383830",
  "elapsed_time": 170.68093085289001
}