{
  "epoch": 1,
  "train_loss": 0.3569579005241394,
  "train_acc": 0.9603174603174603,
  "val_loss": 0.33723163665557393,
  "val_acc": 0.9759862778730704,
  "timestamp": "2025-05-01T09:03:34.861092",
  "elapsed_time": 114.16447830200195
}