{
  "epoch": 19,
  "train_loss": 0.0063789853229163545,
  "train_acc": 0.9944229944229944,
  "val_loss": 0.007998378339166544,
  "val_acc": 0.9845626072041166,
  "timestamp": "2025-05-01T09:21:08.898036",
  "elapsed_time": 1155.554809331894
}