{
  "epoch": 8,
  "train_loss": 0.32285007742735056,
  "train_acc": 0.990990990990991,
  "val_loss": 0.33539022109946426,
  "val_acc": 0.9759862778730704,
  "timestamp": "2025-05-01T09:10:22.061599",
  "elapsed_time": 521.3561308383942
}