{
  "epoch": 17,
  "train_loss": 0.006497502527557887,
  "train_acc": 0.9944229944229944,
  "val_loss": 0.008331989033185706,
  "val_acc": 0.9819897084048027,
  "timestamp": "2025-05-01T09:19:12.194948",
  "elapsed_time": 1038.8584463596344
}