{
  "epoch": 16,
  "train_loss": 0.0067083201992015045,
  "train_acc": 0.9927069927069927,
  "val_loss": 0.007731650955975056,
  "val_acc": 0.9871355060034306,
  "timestamp": "2025-05-01T09:18:15.049841",
  "elapsed_time": 981.7173442840576
}