{
  "epoch": 15,
  "train_loss": 0.006522741295301762,
  "train_acc": 0.993993993993994,
  "val_loss": 0.008083044693862297,
  "val_acc": 0.9854202401372213,
  "timestamp": "2025-05-01T09:17:17.252463",
  "elapsed_time": 923.9199228286743
}