{
  "epoch": 3,
  "train_loss": 0.33675636908946893,
  "train_acc": 0.9787644787644788,
  "val_loss": 0.33058722286808245,
  "val_acc": 0.9802744425385935,
  "timestamp": "2025-05-01T09:05:27.802942",
  "elapsed_time": 227.1105020046234
}