{
  "epoch": 7,
  "train_loss": 0.3242498367260664,
  "train_acc": 0.9901329901329902,
  "val_loss": 0.33182636572390184,
  "val_acc": 0.9785591766723842,
  "timestamp": "2025-05-01T09:09:22.915695",
  "elapsed_time": 462.2201347351074
}