{
  "epoch": 18,
  "train_loss": 0.006492839350054662,
  "train_acc": 0.9946374946374946,
  "val_loss": 0.007982934948665147,
  "val_acc": 0.9854202401372213,
  "timestamp": "2025-05-01T09:20:10.598249",
  "elapsed_time": 1097.2604501247406
}