{
  "epoch": 0,
  "train_loss": 0.4593151803200062,
  "train_acc": 0.8672243672243672,
  "val_loss": 0.3569956555658457,
  "val_acc": 0.9605488850771869,
  "timestamp": "2025-05-01T09:02:38.613759",
  "elapsed_time": 57.91672992706299
}