{
  "epoch": 12,
  "train_loss": 0.006804459425023733,
  "train_acc": 0.9922779922779923,
  "val_loss": 0.007952358241059951,
  "val_acc": 0.983704974271012,
  "timestamp": "2025-05-01T09:14:24.512622",
  "elapsed_time": 751.1820063591003
}