{
  "epoch": 13,
  "train_loss": 0.006668596915327586,
  "train_acc": 0.9935649935649936,
  "val_loss": 0.008235024155250617,
  "val_acc": 0.983704974271012,
  "timestamp": "2025-05-01T09:15:20.920183",
  "elapsed_time": 807.5851731300354
}