{
  "epoch": 6,
  "train_loss": 0.32680029196616933,
  "train_acc": 0.9871299871299871,
  "val_loss": 0.3359171200771721,
  "val_acc": 0.9768439108061749,
  "timestamp": "2025-05-01T09:08:21.656367",
  "elapsed_time": 400.93469071388245
}