{
  "epoch": 5,
  "train_loss": 0.32864180436501134,
  "train_acc": 0.984984984984985,
  "val_loss": 0.32917389152001364,
  "val_acc": 0.9845626072041166,
  "timestamp": "2025-05-01T09:07:22.373694",
  "elapsed_time": 341.67952132225037
}