{
  "epoch": 11,
  "train_loss": 0.007024742624698541,
  "train_acc": 0.9901329901329902,
  "val_loss": 0.008280730578212105,
  "val_acc": 0.9819897084048027,
  "timestamp": "2025-05-01T09:13:26.810523",
  "elapsed_time": 693.4799160957336
}