{
  "epoch": 14,
  "train_loss": 0.006694115872662037,
  "train_acc": 0.9935649935649936,
  "val_loss": 0.007722736279271087,
  "val_acc": 0.9854202401372213,
  "timestamp": "2025-05-01T09:16:19.577970",
  "elapsed_time": 866.2462921142578
}