{
  "train_loss": [
    0.4593151803200062,
    0.3569579005241394,
    0.3466727409607325,
    0.33675636908946893,
    0.33592483233182857,
    0.32864180436501134,
    0.32680029196616933,
    0.3242498367260664,
    0.32285007742735056,
    0.3319579115280738,
    0.32486085708324725,
    0.007024742624698541,
    0.006804459425023733,
    0.006668596915327586,
    0.006694115872662037,
    0.006522741295301762,
    0.0067083201992015045,
    0.006497502527557887,
    0.006492839350054662,
    0.0063789853229163545
  ],
  "train_acc": [
    0.8672243672243672,
    0.9603174603174603,
    0.9684684684684685,
    0.9787644787644788,
    0.9768339768339769,
    0.984984984984985,
    0.9871299871299871,
    0.9901329901329902,
    0.990990990990991,
    0.9824109824109825,
    0.98991848991849,
    0.9901329901329902,
    0.9922779922779923,
    0.9935649935649936,
    0.9935649935649936,
    0.993993993993994,
    0.9927069927069927,
    0.9944229944229944,
    0.9946374946374946,
    0.9944229944229944
  ],
  "val_loss": [
    0.3569956555658457,
    0.33723163665557393,
    0.3299326525658977,
    0.33058722286808245,
    0.32958454562693223,
    0.32917389152001364,
    0.3359171200771721,
    0.33182636572390184,
    0.33539022109946426,
    0.33311784267425537,
    0.33085282542267624,
    0.008280730578212105,
    0.007952358241059951,
    0.008235024155250617,
    0.007722736279271087,
    0.008083044693862297,
    0.007731650955975056,
    0.008331989033185706,
    0.007982934948665147,
    0.007998378339166544
  ],
  "val_acc": [
    0.9605488850771869,
    0.9759862778730704,
    0.9845626072041166,
    0.9802744425385935,
    0.983704974271012,
    0.9845626072041166,
    0.9768439108061749,
    0.9785591766723842,
    0.9759862778730704,
    0.9802744425385935,
    0.9819897084048027,
    0.9819897084048027,
    0.983704974271012,
    0.983704974271012,
    0.9854202401372213,
    0.9854202401372213,
    0.9871355060034306,
    0.9819897084048027,
    0.9854202401372213,
    0.9845626072041166
  ],
  "best_acc": 0.9871355060034306
}