{
  "epoch": 6,
  "train_loss": 0.3303696354230245,
  "train_acc": 0.9832689832689833,
  "val_loss": 0.3388033551829202,
  "val_acc": 0.9751286449399656,
  "timestamp": "2025-05-01T01:23:48.401134",
  "elapsed_time": 336.8788948059082
}