{
  "epoch": 17,
  "train_loss": 0.31599342288115084,
  "train_acc": 0.9974259974259975,
  "val_loss": 0.3261853638960391,
  "val_acc": 0.9862778730703259,
  "timestamp": "2025-05-01T01:32:36.605715",
  "elapsed_time": 864.9936788082123
}