{
  "epoch": 16,
  "train_loss": 0.3163497036848313,
  "train_acc": 0.9972114972114973,
  "val_loss": 0.32679105413203335,
  "val_acc": 0.9862778730703259,
  "timestamp": "2025-05-01T01:31:48.620350",
  "elapsed_time": 817.0981960296631
}