{
  "epoch": 11,
  "train_loss": 0.3194599050741929,
  "train_acc": 0.9942084942084942,
  "val_loss": 0.3313812364120873,
  "val_acc": 0.9802744425385935,
  "timestamp": "2025-05-01T01:27:48.057285",
  "elapsed_time": 576.529275894165
}