{
  "epoch": 4,
  "train_loss": 0.3330018584544842,
  "train_acc": 0.9802659802659802,
  "val_loss": 0.34548654604931267,
  "val_acc": 0.967409948542024,
  "timestamp": "2025-05-01T01:22:12.256383",
  "elapsed_time": 240.73364210128784
}