{
  "epoch": 14,
  "train_loss": 0.31655508509049046,
  "train_acc": 0.9967824967824968,
  "val_loss": 0.3279135732018218,
  "val_acc": 0.9845626072041166,
  "timestamp": "2025-05-01T01:30:12.523895",
  "elapsed_time": 720.9977421760559
}