{
  "epoch": 18,
  "train_loss": 0.3142944213671562,
  "train_acc": 0.9993564993564994,
  "val_loss": 0.32712506335608815,
  "val_acc": 0.9854202401372213,
  "timestamp": "2025-05-01T01:33:24.834071",
  "elapsed_time": 913.2932527065277
}