{
  "epoch": 1,
  "train_loss": 0.35343428880740435,
  "train_acc": 0.9628914628914629,
  "val_loss": 0.35152551531791687,
  "val_acc": 0.9622641509433962,
  "timestamp": "2025-05-01T01:19:48.068509",
  "elapsed_time": 96.54617309570312
}