{
  "epoch": 3,
  "train_loss": 0.3364882285778339,
  "train_acc": 0.9772629772629773,
  "val_loss": 0.3549696857831916,
  "val_acc": 0.9614065180102916,
  "timestamp": "2025-05-01T01:21:24.018779",
  "elapsed_time": 192.48888444900513
}