{
  "epoch": 5,
  "train_loss": 0.3310989783360408,
  "train_acc": 0.9830544830544831,
  "val_loss": 0.35160617135008987,
  "val_acc": 0.9579759862778731,
  "timestamp": "2025-05-01T01:23:00.341780",
  "elapsed_time": 288.80624437332153
}