{
  "epoch": 19,
  "train_loss": 0.3167457178617135,
  "train_acc": 0.9967824967824968,
  "val_loss": 0.3275619927717715,
  "val_acc": 0.9845626072041166,
  "timestamp": "2025-05-01T01:34:12.967378",
  "elapsed_time": 961.4370577335358
}