{
  "epoch": 15,
  "train_loss": 0.31603515912324953,
  "train_acc": 0.9974259974259975,
  "val_loss": 0.3288831546598551,
  "val_acc": 0.9819897084048027,
  "timestamp": "2025-05-01T01:31:00.566822",
  "elapsed_time": 769.0405070781708
}