{
  "epoch": 0,
  "train_loss": 0.43597620725631714,
  "train_acc": 0.8841698841698842,
  "val_loss": 0.35752167750378044,
  "val_acc": 0.9545454545454546,
  "timestamp": "2025-05-01T01:18:59.607701",
  "elapsed_time": 48.06239557266235
}