{
  "epoch": 8,
  "train_loss": 0.32914106738873017,
  "train_acc": 0.9847704847704848,
  "val_loss": 0.34486507517950876,
  "val_acc": 0.967409948542024,
  "timestamp": "2025-05-01T01:25:24.390177",
  "elapsed_time": 432.82814860343933
}