{
  "epoch": 10,
  "train_loss": 0.325392294388551,
  "train_acc": 0.9884169884169884,
  "val_loss": 0.33277581601726763,
  "val_acc": 0.9802744425385935,
  "timestamp": "2025-05-01T01:26:59.939946",
  "elapsed_time": 528.4171588420868
}