{
  "epoch": 12,
  "train_loss": 0.31868270864853493,
  "train_acc": 0.9946374946374946,
  "val_loss": 0.32850028787340435,
  "val_acc": 0.9828473413379074,
  "timestamp": "2025-05-01T01:28:36.272826",
  "elapsed_time": 624.7456579208374
}