{
  "epoch": 7,
  "train_loss": 0.32823215631338265,
  "train_acc": 0.9856284856284856,
  "val_loss": 0.3378922489224648,
  "val_acc": 0.9725557461406518,
  "timestamp": "2025-05-01T01:24:36.472332",
  "elapsed_time": 384.9443736076355
}