{
  "epoch": 9,
  "train_loss": 0.3280327177964724,
  "train_acc": 0.9862719862719863,
  "val_loss": 0.33283351757088486,
  "val_acc": 0.9811320754716981,
  "timestamp": "2025-05-01T01:26:11.976376",
  "elapsed_time": 480.4497244358063
}