{
  "epoch": 13,
  "train_loss": 0.317462834639427,
  "train_acc": 0.9963534963534963,
  "val_loss": 0.3262770175933838,
  "val_acc": 0.9862778730703259,
  "timestamp": "2025-05-01T01:29:24.535247",
  "elapsed_time": 673.000691652298
}