{
  "epoch": 2,
  "train_loss": 0.33849272238902556,
  "train_acc": 0.9751179751179752,
  "val_loss": 0.3420983595507486,
  "val_acc": 0.9708404802744426,
  "timestamp": "2025-05-01T01:20:36.211696",
  "elapsed_time": 144.68998456001282
}