{
  "train_loss": [
    0.43597620725631714,
    0.35343428880740435,
    0.33849272238902556,
    0.3364882285778339,
    0.3330018584544842,
    0.3310989783360408,
    0.3303696354230245,
    0.32823215631338265,
    0.32914106738873017,
    0.3280327177964724,
    0.325392294388551,
    0.3194599050741929,
    0.31868270864853493,
    0.317462834639427,
    0.31655508509049046,
    0.31603515912324953,
    0.3163497036848313,
    0.31599342288115084,
    0.3142944213671562,
    0.3167457178617135
  ],
  "train_acc": [
    0.8841698841698842,
    0.9628914628914629,
    0.9751179751179752,
    0.9772629772629773,
    0.9802659802659802,
    0.9830544830544831,
    0.9832689832689833,
    0.9856284856284856,
    0.9847704847704848,
    0.9862719862719863,
    0.9884169884169884,
    0.9942084942084942,
    0.9946374946374946,
    0.9963534963534963,
    0.9967824967824968,
    0.9974259974259975,
    0.9972114972114973,
    0.9974259974259975,
    0.9993564993564994,
    0.9967824967824968
  ],
  "val_loss": [
    0.35752167750378044,
    0.35152551531791687,
    0.3420983595507486,
    0.3549696857831916,
    0.34548654604931267,
    0.35160617135008987,
    0.3388033551829202,
    0.3378922489224648,
    0.34486507517950876,
    0.33283351757088486,
    0.33277581601726763,
    0.3313812364120873,
    0.32850028787340435,
    0.3262770175933838,
    0.3279135732018218,
    0.3288831546598551,
    0.32679105413203335,
    0.3261853638960391,
    0.32712506335608815,
    0.3275619927717715
  ],
  "val_acc": [
    0.9545454545454546,
    0.9622641509433962,
    0.9708404802744426,
    0.9614065180102916,
    0.967409948542024,
    0.9579759862778731,
    0.9751286449399656,
    0.9725557461406518,
    0.967409948542024,
    0.9811320754716981,
    0.9802744425385935,
    0.9802744425385935,
    0.9828473413379074,
    0.9862778730703259,
    0.9845626072041166,
    0.9819897084048027,
    0.9862778730703259,
    0.9862778730703259,
    0.9854202401372213,
    0.9845626072041166
  ],
  "best_acc": 0.9862778730703259
}