{
  "epoch": 0,
  "train_loss": 0.8148288356952178,
  "train_acc": 0.4980694980694981,
  "val_loss": 0.8096174257142204,
  "val_acc": 0.5042881646655232,
  "timestamp": "2025-05-03T05:09:18.193533",
  "elapsed_time": 55.71171498298645
}