{
  "epoch": 3,
  "train_loss": 0.8149706504283807,
  "train_acc": 0.49892749892749894,
  "val_loss": 0.809617394087266,
  "val_acc": 0.5042881646655232,
  "timestamp": "2025-05-03T05:12:07.415696",
  "elapsed_time": 224.9284553527832
}