{
  "epoch": 4,
  "train_loss": 0.813996369105119,
  "train_acc": 0.4982839982839983,
  "val_loss": 0.8096174366620122,
  "val_acc": 0.5042881646655232,
  "timestamp": "2025-05-03T05:13:03.211887",
  "elapsed_time": 280.72259974479675
}