{
  "epoch": 13,
  "train_loss": 0.09096491212646167,
  "train_acc": 0.49892749892749894,
  "val_loss": 0.08994698957825194,
  "val_acc": 0.5042881646655232,
  "timestamp": "2025-05-03T05:21:45.498398",
  "elapsed_time": 790.6109216213226
}