{
  "epoch": 2,
  "train_loss": 0.8143301187417447,
  "train_acc": 0.49892749892749894,
  "val_loss": 0.8096173989529513,
  "val_acc": 0.5042881646655232,
  "timestamp": "2025-05-03T05:11:11.273846",
  "elapsed_time": 168.7861807346344
}