{
  "epoch": 12,
  "train_loss": 0.09085606472232403,
  "train_acc": 0.49892749892749894,
  "val_loss": 0.08994698957825194,
  "val_acc": 0.5042881646655232,
  "timestamp": "2025-05-03T05:20:47.789278",
  "elapsed_time": 732.9138317108154
}