{
  "epoch": 7,
  "train_loss": 0.8149711569150289,
  "train_acc": 0.49892749892749894,
  "val_loss": 0.8096174366620122,
  "val_acc": 0.5042881646655232,
  "timestamp": "2025-05-03T05:15:51.894972",
  "elapsed_time": 449.4126703739166
}