{
  "epoch": 1,
  "train_loss": 0.8143301214927282,
  "train_acc": 0.49892749892749894,
  "val_loss": 0.8096174220649563,
  "val_acc": 0.5042881646655232,
  "timestamp": "2025-05-03T05:10:14.527234",
  "elapsed_time": 112.04281711578369
}