{
  "epoch": 17,
  "train_loss": 0.09052952052308963,
  "train_acc": 0.49892749892749894,
  "val_loss": 0.08994698957825194,
  "val_acc": 0.5042881646655232,
  "timestamp": "2025-05-03T05:26:08.792280",
  "elapsed_time": 1017.4163842201233
}