{
  "epoch": 15,
  "train_loss": 0.8136036603878706,
  "train_acc": 0.49892749892749894,
  "val_loss": 0.8103463309151786,
  "val_acc": 0.5042881646655232,
  "timestamp": "2025-05-03T05:23:52.373295",
  "elapsed_time": 905.0903396606445
}