{
  "epoch": 11,
  "train_loss": 0.09063836817557995,
  "train_acc": 0.49892749892749894,
  "val_loss": 0.08994698957825194,
  "val_acc": 0.5042881646655232,
  "timestamp": "2025-05-03T05:19:50.046384",
  "elapsed_time": 675.1651792526245
}