{
  "epoch": 6,
  "train_loss": 0.8136891109821124,
  "train_acc": 0.49892749892749894,
  "val_loss": 0.8096174366620122,
  "val_acc": 0.5042881646655232,
  "timestamp": "2025-05-03T05:14:56.654734",
  "elapsed_time": 394.08454036712646
}