{
  "epoch": 19,
  "train_loss": 0.8149711611943368,
  "train_acc": 0.49892749892749894,
  "val_loss": 0.8096174366620122,
  "val_acc": 0.5042881646655232,
  "timestamp": "2025-05-03T05:28:24.097420",
  "elapsed_time": 1128.5508694648743
}