{
  "epoch": 9,
  "train_loss": 0.09085606428293082,
  "train_acc": 0.49892749892749894,
  "val_loss": 0.08994698957825194,
  "val_acc": 0.5042881646655232,
  "timestamp": "2025-05-03T05:17:56.416188",
  "elapsed_time": 561.5412125587463
}