{
  "epoch": 18,
  "train_loss": 0.8130908409754435,
  "train_acc": 0.49892749892749894,
  "val_loss": 0.8103463309151786,
  "val_acc": 0.5042881646655232,
  "timestamp": "2025-05-03T05:27:17.193823",
  "elapsed_time": 1073.6241977214813
}