{
  "epoch": 10,
  "train_loss": 0.09085606405368218,
  "train_acc": 0.49892749892749894,
  "val_loss": 0.08994698957825194,
  "val_acc": 0.5042881646655232,
  "timestamp": "2025-05-03T05:18:53.389903",
  "elapsed_time": 618.5080769062042
}