{
  "epoch": 16,
  "train_loss": 0.8143301337193221,
  "train_acc": 0.49892749892749894,
  "val_loss": 0.8096174366620122,
  "val_acc": 0.5042881646655232,
  "timestamp": "2025-05-03T05:25:00.223176",
  "elapsed_time": 960.9991648197174
}