{
  "epoch": 8,
  "train_loss": 0.8143301306626736,
  "train_acc": 0.49892749892749894,
  "val_loss": 0.8096174366620122,
  "val_acc": 0.5042881646655232,
  "timestamp": "2025-05-03T05:16:48.824306",
  "elapsed_time": 506.3414685726166
}