{
  "epoch": 14,
  "train_loss": 0.09063836905436638,
  "train_acc": 0.49892749892749894,
  "val_loss": 0.08994698957825194,
  "val_acc": 0.5042881646655232,
  "timestamp": "2025-05-03T05:22:42.313172",
  "elapsed_time": 847.4414374828339
}