{
  "train_loss": [
    0.8148288356952178,
    0.8143301214927282,
    0.8143301187417447,
    0.8149706504283807,
    0.813996369105119,
    0.8143301321909978,
    0.8136891109821124,
    0.8149711569150289,
    0.8143301306626736,
    0.09085606428293082,
    0.09085606405368218,
    0.09063836817557995,
    0.09085606472232403,
    0.09096491212646167,
    0.09063836905436638,
    0.8136036603878706,
    0.8143301337193221,
    0.09052952052308963,
    0.8130908409754435,
    0.8149711611943368
  ],
  "train_acc": [
    0.4980694980694981,
    0.49892749892749894,
    0.49892749892749894,
    0.49892749892749894,
    0.4982839982839983,
    0.49892749892749894,
    0.49892749892749894,
    0.49892749892749894,
    0.49892749892749894,
    0.49892749892749894,
    0.49892749892749894,
    0.49892749892749894,
    0.49892749892749894,
    0.49892749892749894,
    0.49892749892749894,
    0.49892749892749894,
    0.49892749892749894,
    0.49892749892749894,
    0.49892749892749894,
    0.49892749892749894
  ],
  "val_loss": [
    0.8096174257142204,
    0.8096174220649563,
    0.8096173989529513,
    0.809617394087266,
    0.8096174366620122,
    0.8096174366620122,
    0.8096174366620122,
    0.8096174366620122,
    0.8096174366620122,
    0.08994698957825194,
    0.08994698957825194,
    0.08994698957825194,
    0.08994698957825194,
    0.08994698957825194,
    0.08994698957825194,
    0.8103463309151786,
    0.8096174366620122,
    0.08994698957825194,
    0.8103463309151786,
    0.8096174366620122
  ],
  "val_acc": [
    0.5042881646655232,
    0.5042881646655232,
    0.5042881646655232,
    0.5042881646655232,
    0.5042881646655232,
    0.5042881646655232,
    0.5042881646655232,
    0.5042881646655232,
    0.5042881646655232,
    0.5042881646655232,
    0.5042881646655232,
    0.5042881646655232,
    0.5042881646655232,
    0.5042881646655232,
    0.5042881646655232,
    0.5042881646655232,
    0.5042881646655232,
    0.5042881646655232,
    0.5042881646655232,
    0.5042881646655232
  ],
  "best_acc": 0.5042881646655232
}