{
  "epoch": 12,
  "train_loss": 0.3542129773360032,
  "train_acc": 0.9573144573144573,
  "val_loss": 0.3499297450999824,
  "val_acc": 0.9605488850771869,
  "timestamp": "2025-05-01T09:57:43.442787",
  "elapsed_time": 753.9655854701996
}