{
  "epoch": 7,
  "train_loss": 0.4013579460290762,
  "train_acc": 0.9092664092664092,
  "val_loss": 0.3933403583205476,
  "val_acc": 0.9193825042881647,
  "timestamp": "2025-05-01T09:52:55.422341",
  "elapsed_time": 465.9341206550598
}