{
  "epoch": 17,
  "train_loss": 0.3407413537685688,
  "train_acc": 0.9731874731874732,
  "val_loss": 0.3409393612219363,
  "val_acc": 0.9716981132075472,
  "timestamp": "2025-05-01T10:02:30.598779",
  "elapsed_time": 1041.1181206703186
}