{
  "epoch": 0,
  "train_loss": 0.4767460977419829,
  "train_acc": 0.8316173316173316,
  "val_loss": 0.558259267588051,
  "val_acc": 0.7530017152658662,
  "timestamp": "2025-05-01T09:46:08.631361",
  "elapsed_time": 59.1355619430542
}