{
  "epoch": 6,
  "train_loss": 0.41868186654188694,
  "train_acc": 0.8925353925353925,
  "val_loss": 0.39329670400035627,
  "val_acc": 0.9150943396226415,
  "timestamp": "2025-05-01T09:51:57.809227",
  "elapsed_time": 408.32487416267395
}