{
  "epoch": 14,
  "train_loss": 0.34838139353654324,
  "train_acc": 0.9631059631059631,
  "val_loss": 0.34836994689338063,
  "val_acc": 0.9639794168096055,
  "timestamp": "2025-05-01T09:59:37.736917",
  "elapsed_time": 868.2542147636414
}