{
  "epoch": 8,
  "train_loss": 0.402078371323072,
  "train_acc": 0.910982410982411,
  "val_loss": 0.39370495689158536,
  "val_acc": 0.91852487135506,
  "timestamp": "2025-05-01T09:53:53.569032",
  "elapsed_time": 524.083624124527
}