{
  "epoch": 9,
  "train_loss": 0.38889221121103335,
  "train_acc": 0.9221364221364221,
  "val_loss": 0.3707033870171528,
  "val_acc": 0.9408233276157805,
  "timestamp": "2025-05-01T09:54:50.787291",
  "elapsed_time": 581.306999206543
}