{
  "epoch": 10,
  "train_loss": 0.3668829755905347,
  "train_acc": 0.9453024453024453,
  "val_loss": 0.3577074803868119,
  "val_acc": 0.9545454545454546,
  "timestamp": "2025-05-01T09:55:48.324453",
  "elapsed_time": 638.8398566246033
}