{
  "epoch": 18,
  "train_loss": 0.3370698221218892,
  "train_acc": 0.975975975975976,
  "val_loss": 0.3406038795198713,
  "val_acc": 0.9725557461406518,
  "timestamp": "2025-05-01T10:03:29.070061",
  "elapsed_time": 1099.5825271606445
}