{
  "epoch": 13,
  "train_loss": 0.3500325980858925,
  "train_acc": 0.9628914628914629,
  "val_loss": 0.34729975826886234,
  "val_acc": 0.9656946826758147,
  "timestamp": "2025-05-01T09:58:40.950491",
  "elapsed_time": 811.4650604724884
}