{
  "epoch": 5,
  "train_loss": 0.38870647580195694,
  "train_acc": 0.9242814242814242,
  "val_loss": 0.38334857444373927,
  "val_acc": 0.9253859348198971,
  "timestamp": "2025-05-01T09:51:00.431331",
  "elapsed_time": 350.9512059688568
}