{
  "epoch": 1,
  "train_loss": 0.4770549278992873,
  "train_acc": 0.833976833976834,
  "val_loss": 0.4906293196337564,
  "val_acc": 0.8104631217838765,
  "timestamp": "2025-05-01T09:47:07.168249",
  "elapsed_time": 117.68137764930725
}