{
  "epoch": 16,
  "train_loss": 0.34174454594269776,
  "train_acc": 0.9716859716859717,
  "val_loss": 0.341923789102204,
  "val_acc": 0.9725557461406518,
  "timestamp": "2025-05-01T10:01:31.643143",
  "elapsed_time": 982.1630644798279
}