{
  "epoch": 11,
  "train_loss": 0.36084140340487164,
  "train_acc": 0.9506649506649507,
  "val_loss": 0.356234215352,
  "val_acc": 0.9571183533447685,
  "timestamp": "2025-05-01T09:56:46.063758",
  "elapsed_time": 696.5827231407166
}