{
  "epoch": 4,
  "train_loss": 0.41295279004634955,
  "train_acc": 0.8972543972543973,
  "val_loss": 0.3905284927815807,
  "val_acc": 0.91852487135506,
  "timestamp": "2025-05-01T09:50:02.819372",
  "elapsed_time": 293.33232164382935
}