{
  "epoch": 19,
  "train_loss": 0.33553150907540935,
  "train_acc": 0.9770484770484771,
  "val_loss": 0.3395261411764184,
  "val_acc": 0.9742710120068611,
  "timestamp": "2025-05-01T10:04:25.094819",
  "elapsed_time": 1155.6060581207275
}