{
  "epoch": 15,
  "train_loss": 0.34267395169307024,
  "train_acc": 0.96996996996997,
  "val_loss": 0.3470131864353102,
  "val_acc": 0.9648370497427101,
  "timestamp": "2025-05-01T10:00:35.430681",
  "elapsed_time": 925.9490213394165
}