{
  "epoch": 2,
  "train_loss": 0.44743874898323643,
  "train_acc": 0.8612183612183613,
  "val_loss": 0.4234685113235396,
  "val_acc": 0.885934819897084,
  "timestamp": "2025-05-01T09:48:04.725382",
  "elapsed_time": 175.24347066879272
}