{
  "epoch": 3,
  "train_loss": 0.4329619537561368,
  "train_acc": 0.8753753753753754,
  "val_loss": 0.4424616609300886,
  "val_acc": 0.8670668953687821,
  "timestamp": "2025-05-01T09:49:04.206531",
  "elapsed_time": 234.72455477714539
}