{
  "train_loss": [
    0.4767460977419829,
    0.4770549278992873,
    0.44743874898323643,
    0.4329619537561368,
    0.41295279004634955,
    0.38870647580195694,
    0.41868186654188694,
    0.4013579460290762,
    0.402078371323072,
    0.38889221121103335,
    0.3668829755905347,
    0.36084140340487164,
    0.3542129773360032,
    0.3500325980858925,
    0.34838139353654324,
    0.34267395169307024,
    0.34174454594269776,
    0.3407413537685688,
    0.3370698221218892,
    0.33553150907540935
  ],
  "train_acc": [
    0.8316173316173316,
    0.833976833976834,
    0.8612183612183613,
    0.8753753753753754,
    0.8972543972543973,
    0.9242814242814242,
    0.8925353925353925,
    0.9092664092664092,
    0.910982410982411,
    0.9221364221364221,
    0.9453024453024453,
    0.9506649506649507,
    0.9573144573144573,
    0.9628914628914629,
    0.9631059631059631,
    0.96996996996997,
    0.9716859716859717,
    0.9731874731874732,
    0.975975975975976,
    0.9770484770484771
  ],
  "val_loss": [
    0.558259267588051,
    0.4906293196337564,
    0.4234685113235396,
    0.4424616609300886,
    0.3905284927815807,
    0.38334857444373927,
    0.39329670400035627,
    0.3933403583205476,
    0.39370495689158536,
    0.3707033870171528,
    0.3577074803868119,
    0.356234215352,
    0.3499297450999824,
    0.34729975826886234,
    0.34836994689338063,
    0.3470131864353102,
    0.341923789102204,
    0.3409393612219363,
    0.3406038795198713,
    0.3395261411764184
  ],
  "val_acc": [
    0.7530017152658662,
    0.8104631217838765,
    0.885934819897084,
    0.8670668953687821,
    0.91852487135506,
    0.9253859348198971,
    0.9150943396226415,
    0.9193825042881647,
    0.91852487135506,
    0.9408233276157805,
    0.9545454545454546,
    0.9571183533447685,
    0.9605488850771869,
    0.9656946826758147,
    0.9639794168096055,
    0.9648370497427101,
    0.9725557461406518,
    0.9716981132075472,
    0.9725557461406518,
    0.9742710120068611
  ],
  "best_acc": 0.9742710120068611
}