{
  "epoch": 17,
  "train_loss": 0.4631824595805926,
  "train_acc": 0.8479193479193479,
  "val_loss": 0.45502519120975415,
  "val_acc": 0.8524871355060034,
  "timestamp": "2025-05-03T04:21:57.817511",
  "elapsed_time": 1011.7587382793427
}