{
  "epoch": 3,
  "train_loss": 0.6445466729310843,
  "train_acc": 0.6214071214071214,
  "val_loss": 0.7252628718103681,
  "val_acc": 0.5394511149228131,
  "timestamp": "2025-05-03T04:08:49.950963",
  "elapsed_time": 223.88608598709106
}