{
  "epoch": 8,
  "train_loss": 0.5540887953379215,
  "train_acc": 0.7410982410982411,
  "val_loss": 0.5768785020526574,
  "val_acc": 0.7221269296740995,
  "timestamp": "2025-05-03T04:13:30.027584",
  "elapsed_time": 503.9684557914734
}