{
  "epoch": 5,
  "train_loss": 0.6620697330205868,
  "train_acc": 0.6044616044616045,
  "val_loss": 0.7390281375573606,
  "val_acc": 0.4957118353344768,
  "timestamp": "2025-05-03T04:10:42.177242",
  "elapsed_time": 336.1177945137024
}