{
  "epoch": 12,
  "train_loss": 0.4945074839469714,
  "train_acc": 0.8181038181038182,
  "val_loss": 0.4844282865524292,
  "val_acc": 0.8267581475128645,
  "timestamp": "2025-05-03T04:17:15.487401",
  "elapsed_time": 729.4313447475433
}