{
  "epoch": 19,
  "train_loss": 0.4425470508061923,
  "train_acc": 0.868940368940369,
  "val_loss": 0.44088564296157995,
  "val_acc": 0.8704974271012007,
  "timestamp": "2025-05-03T04:23:48.479811",
  "elapsed_time": 1122.4214794635773
}