{
  "epoch": 2,
  "train_loss": 0.6581821508896657,
  "train_acc": 0.6066066066066066,
  "val_loss": 0.6942133161486411,
  "val_acc": 0.5240137221269296,
  "timestamp": "2025-05-03T04:07:54.286506",
  "elapsed_time": 168.23546433448792
}