{
  "epoch": 6,
  "train_loss": 0.6198273596091148,
  "train_acc": 0.6557271557271557,
  "val_loss": 0.6391689978083785,
  "val_acc": 0.6655231560891939,
  "timestamp": "2025-05-03T04:11:38.501549",
  "elapsed_time": 392.44523453712463
}