{
  "epoch": 13,
  "train_loss": 0.4889385119462625,
  "train_acc": 0.8198198198198198,
  "val_loss": 0.47252393863639053,
  "val_acc": 0.8379073756432247,
  "timestamp": "2025-05-03T04:18:12.262686",
  "elapsed_time": 786.1968612670898
}