{
  "epoch": 1,
  "train_loss": 0.6764228622118632,
  "train_acc": 0.5827970827970828,
  "val_loss": 0.6839397938884034,
  "val_acc": 0.5746140651801029,
  "timestamp": "2025-05-03T04:06:58.347321",
  "elapsed_time": 112.28197407722473
}