{
  "epoch": 15,
  "train_loss": 0.4721763062171447,
  "train_acc": 0.8401973401973402,
  "val_loss": 0.468769195736671,
  "val_acc": 0.8421955403087479,
  "timestamp": "2025-05-03T04:20:04.427668",
  "elapsed_time": 898.3728954792023
}