{
  "epoch": 18,
  "train_loss": 0.4514750164288741,
  "train_acc": 0.858000858000858,
  "val_loss": 0.446850520615675,
  "val_acc": 0.8644939965694682,
  "timestamp": "2025-05-03T04:22:54.396337",
  "elapsed_time": 1068.3386795520782
}