{
  "epoch": 10,
  "train_loss": 0.5117729974098695,
  "train_acc": 0.793007293007293,
  "val_loss": 0.49954541483703924,
  "val_acc": 0.8096054888507719,
  "timestamp": "2025-05-03T04:15:22.532365",
  "elapsed_time": 616.4752423763275
}