{
  "epoch": 16,
  "train_loss": 0.4632433607028081,
  "train_acc": 0.8468468468468469,
  "val_loss": 0.4529252368576673,
  "val_acc": 0.8610634648370498,
  "timestamp": "2025-05-03T04:21:00.781821",
  "elapsed_time": 954.7169978618622
}