{
  "epoch": 4,
  "train_loss": 0.6376242674314059,
  "train_acc": 0.6254826254826255,
  "val_loss": 0.7613361611658213,
  "val_acc": 0.5188679245283019,
  "timestamp": "2025-05-03T04:09:45.797905",
  "elapsed_time": 279.730500459671
}