{
  "epoch": 14,
  "train_loss": 0.479570939601996,
  "train_acc": 0.8326898326898327,
  "val_loss": 0.4721148099218096,
  "val_acc": 0.8370497427101201,
  "timestamp": "2025-05-03T04:19:08.888936",
  "elapsed_time": 842.8292891979218
}