{
  "epoch": 7,
  "train_loss": 0.5824130553465623,
  "train_acc": 0.7042042042042042,
  "val_loss": 0.6613490824796715,
  "val_acc": 0.614065180102916,
  "timestamp": "2025-05-03T04:12:33.973797",
  "elapsed_time": 447.91671919822693
}