{
  "epoch": 9,
  "train_loss": 0.5491137762864431,
  "train_acc": 0.7526812526812526,
  "val_loss": 0.5320329812108254,
  "val_acc": 0.7727272727272727,
  "timestamp": "2025-05-03T04:14:25.947752",
  "elapsed_time": 559.8918426036835
}