{
  "epoch": 11,
  "train_loss": 0.49712725403981334,
  "train_acc": 0.8131703131703132,
  "val_loss": 0.48930289185777004,
  "val_acc": 0.8164665523156089,
  "timestamp": "2025-05-03T04:16:18.676646",
  "elapsed_time": 672.6161017417908
}