{
  "epoch": 0,
  "train_loss": 0.8036759339846098,
  "train_acc": 0.4974259974259974,
  "val_loss": 0.8096174366620122,
  "val_acc": 0.5042881646655232,
  "timestamp": "2025-05-03T04:06:01.881011",
  "elapsed_time": 55.81630063056946
}