{
  "train_loss": [
    0.8036759339846098,
    0.6764228622118632,
    0.6581821508896657,
    0.6445466729310843,
    0.6376242674314059,
    0.6620697330205868,
    0.6198273596091148,
    0.5824130553465623,
    0.5540887953379215,
    0.5491137762864431,
    0.5117729974098695,
    0.49712725403981334,
    0.4945074839469714,
    0.4889385119462625,
    0.479570939601996,
    0.4721763062171447,
    0.4632433607028081,
    0.4631824595805926,
    0.4514750164288741,
    0.4425470508061923
  ],
  "train_acc": [
    0.4974259974259974,
    0.5827970827970828,
    0.6066066066066066,
    0.6214071214071214,
    0.6254826254826255,
    0.6044616044616045,
    0.6557271557271557,
    0.7042042042042042,
    0.7410982410982411,
    0.7526812526812526,
    0.793007293007293,
    0.8131703131703132,
    0.8181038181038182,
    0.8198198198198198,
    0.8326898326898327,
    0.8401973401973402,
    0.8468468468468469,
    0.8479193479193479,
    0.858000858000858,
    0.868940368940369
  ],
  "val_loss": [
    0.8096174366620122,
    0.6839397938884034,
    0.6942133161486411,
    0.7252628718103681,
    0.7613361611658213,
    0.7390281375573606,
    0.6391689978083785,
    0.6613490824796715,
    0.5768785020526574,
    0.5320329812108254,
    0.49954541483703924,
    0.48930289185777004,
    0.4844282865524292,
    0.47252393863639053,
    0.4721148099218096,
    0.468769195736671,
    0.4529252368576673,
    0.45502519120975415,
    0.446850520615675,
    0.44088564296157995
  ],
  "val_acc": [
    0.5042881646655232,
    0.5746140651801029,
    0.5240137221269296,
    0.5394511149228131,
    0.5188679245283019,
    0.4957118353344768,
    0.6655231560891939,
    0.614065180102916,
    0.7221269296740995,
    0.7727272727272727,
    0.8096054888507719,
    0.8164665523156089,
    0.8267581475128645,
    0.8379073756432247,
    0.8370497427101201,
    0.8421955403087479,
    0.8610634648370498,
    0.8524871355060034,
    0.8644939965694682,
    0.8704974271012007
  ],
  "best_acc": 0.8704974271012007
}