{
  "epoch": 16,
  "train_loss": 0.532846610668378,
  "train_acc": 0.8206778206778207,
  "val_loss": 0.5262164327563071,
  "val_acc": 0.8327615780445969,
  "timestamp": "2025-05-03T07:02:34.532852",
  "elapsed_time": 856.5581023693085
}