{
  "epoch": 4,
  "train_loss": 0.6052535246580075,
  "train_acc": 0.7674817674817674,
  "val_loss": 0.5912403294018337,
  "val_acc": 0.7873070325900514,
  "timestamp": "2025-05-03T06:52:29.486711",
  "elapsed_time": 251.51231622695923
}