{
  "epoch": 6,
  "train_loss": 0.5779010598476116,
  "train_acc": 0.7818532818532818,
  "val_loss": 0.5658185731391517,
  "val_acc": 0.8053173241852487,
  "timestamp": "2025-05-03T06:54:09.327848",
  "elapsed_time": 351.35362911224365
}