{
  "epoch": 19,
  "train_loss": 0.5298141042391459,
  "train_acc": 0.8238953238953239,
  "val_loss": 0.5235826750190891,
  "val_acc": 0.8293310463121784,
  "timestamp": "2025-05-03T07:05:03.860621",
  "elapsed_time": 1005.8825664520264
}