{
  "epoch": 18,
  "train_loss": 0.5324682752291362,
  "train_acc": 0.8178893178893178,
  "val_loss": 0.5242240459335094,
  "val_acc": 0.8284734133790738,
  "timestamp": "2025-05-03T07:04:15.318230",
  "elapsed_time": 957.3378000259399
}