{
  "epoch": 5,
  "train_loss": 0.5909164584600008,
  "train_acc": 0.7807807807807807,
  "val_loss": 0.576772433154437,
  "val_acc": 0.7933104631217839,
  "timestamp": "2025-05-03T06:53:19.117804",
  "elapsed_time": 301.1420621871948
}