{
  "epoch": 14,
  "train_loss": 0.5338736624289782,
  "train_acc": 0.8176748176748176,
  "val_loss": 0.528637344739875,
  "val_acc": 0.8198970840480274,
  "timestamp": "2025-05-03T07:00:55.459672",
  "elapsed_time": 757.4811918735504
}