{
  "epoch": 15,
  "train_loss": 0.5325614903217707,
  "train_acc": 0.8202488202488203,
  "val_loss": 0.5284088551998138,
  "val_acc": 0.8250428816466552,
  "timestamp": "2025-05-03T07:01:42.913898",
  "elapsed_time": 804.9390661716461
}