{
  "epoch": 3,
  "train_loss": 0.6184912608220027,
  "train_acc": 0.7586872586872587,
  "val_loss": 0.6058479328544772,
  "val_acc": 0.7761578044596913,
  "timestamp": "2025-05-03T06:51:40.055561",
  "elapsed_time": 202.08093452453613
}