{
  "epoch": 8,
  "train_loss": 0.554268307869251,
  "train_acc": 0.8052338052338053,
  "val_loss": 0.5436421851722562,
  "val_acc": 0.8130360205831904,
  "timestamp": "2025-05-03T06:55:50.381716",
  "elapsed_time": 452.4044008255005
}