{
  "epoch": 17,
  "train_loss": 0.5313459463608571,
  "train_acc": 0.824967824967825,
  "val_loss": 0.5264739363777394,
  "val_acc": 0.823327615780446,
  "timestamp": "2025-05-03T07:03:26.066273",
  "elapsed_time": 908.0930361747742
}