{
  "epoch": 12,
  "train_loss": 0.5367372418061281,
  "train_acc": 0.8191763191763192,
  "val_loss": 0.5305380018389955,
  "val_acc": 0.8224699828473413,
  "timestamp": "2025-05-03T06:59:14.997366",
  "elapsed_time": 657.0238590240479
}