{
  "epoch": 1,
  "train_loss": 0.6578427006036808,
  "train_acc": 0.6748176748176749,
  "val_loss": 0.6414611582853356,
  "val_acc": 0.7375643224699828,
  "timestamp": "2025-05-03T06:50:01.264208",
  "elapsed_time": 103.28946852684021
}