{
  "epoch": 11,
  "train_loss": 0.5374367480094616,
  "train_acc": 0.8191763191763192,
  "val_loss": 0.5315631999045002,
  "val_acc": 0.8207547169811321,
  "timestamp": "2025-05-03T06:58:24.061739",
  "elapsed_time": 606.086567401886
}