{
  "epoch": 2,
  "train_loss": 0.6374612325277084,
  "train_acc": 0.7271557271557272,
  "val_loss": 0.6222878864833287,
  "val_acc": 0.7632933104631218,
  "timestamp": "2025-05-03T06:50:51.681991",
  "elapsed_time": 153.70628213882446
}