{
  "epoch": 10,
  "train_loss": 0.5388159599059668,
  "train_acc": 0.817031317031317,
  "val_loss": 0.5311264718065456,
  "val_acc": 0.8276157804459692,
  "timestamp": "2025-05-03T06:57:33.298987",
  "elapsed_time": 555.3249535560608
}