{
  "epoch": 13,
  "train_loss": 0.5353306674040281,
  "train_acc": 0.8221793221793222,
  "val_loss": 0.5301183492553477,
  "val_acc": 0.823327615780446,
  "timestamp": "2025-05-03T07:00:06.861977",
  "elapsed_time": 708.8865466117859
}