{
  "epoch": 0,
  "train_loss": 0.6810744741024115,
  "train_acc": 0.5898755898755899,
  "val_loss": 0.6650813513872574,
  "val_acc": 0.6955403087478559,
  "timestamp": "2025-05-03T06:49:08.726386",
  "elapsed_time": 50.74687075614929
}