{
  "epoch": 7,
  "train_loss": 0.5658573875060449,
  "train_acc": 0.7925782925782926,
  "val_loss": 0.5535698697275045,
  "val_acc": 0.8087478559176673,
  "timestamp": "2025-05-03T06:54:59.266335",
  "elapsed_time": 401.29132628440857
}