{
  "epoch": 9,
  "train_loss": 0.5417506421223665,
  "train_acc": 0.8208923208923209,
  "val_loss": 0.5342454210836061,
  "val_acc": 0.8173241852487135,
  "timestamp": "2025-05-03T06:56:41.233358",
  "elapsed_time": 503.25928711891174
}