{
  "train_loss": [
    0.6810744741024115,
    0.6578427006036808,
    0.6374612325277084,
    0.6184912608220027,
    0.6052535246580075,
    0.5909164584600008,
    0.5779010598476116,
    0.5658573875060449,
    0.554268307869251,
    0.5417506421223665,
    0.5388159599059668,
    0.5374367480094616,
    0.5367372418061281,
    0.5353306674040281,
    0.5338736624289782,
    0.5325614903217707,
    0.532846610668378,
    0.5313459463608571,
    0.5324682752291362,
    0.5298141042391459
  ],
  "train_acc": [
    0.5898755898755899,
    0.6748176748176749,
    0.7271557271557272,
    0.7586872586872587,
    0.7674817674817674,
    0.7807807807807807,
    0.7818532818532818,
    0.7925782925782926,
    0.8052338052338053,
    0.8208923208923209,
    0.817031317031317,
    0.8191763191763192,
    0.8191763191763192,
    0.8221793221793222,
    0.8176748176748176,
    0.8202488202488203,
    0.8206778206778207,
    0.824967824967825,
    0.8178893178893178,
    0.8238953238953239
  ],
  "val_loss": [
    0.6650813513872574,
    0.6414611582853356,
    0.6222878864833287,
    0.6058479328544772,
    0.5912403294018337,
    0.576772433154437,
    0.5658185731391517,
    0.5535698697275045,
    0.5436421851722562,
    0.5342454210836061,
    0.5311264718065456,
    0.5315631999045002,
    0.5305380018389955,
    0.5301183492553477,
    0.528637344739875,
    0.5284088551998138,
    0.5262164327563071,
    0.5264739363777394,
    0.5242240459335094,
    0.5235826750190891
  ],
  "val_acc": [
    0.6955403087478559,
    0.7375643224699828,
    0.7632933104631218,
    0.7761578044596913,
    0.7873070325900514,
    0.7933104631217839,
    0.8053173241852487,
    0.8087478559176673,
    0.8130360205831904,
    0.8173241852487135,
    0.8276157804459692,
    0.8207547169811321,
    0.8224699828473413,
    0.823327615780446,
    0.8198970840480274,
    0.8250428816466552,
    0.8327615780445969,
    0.823327615780446,
    0.8284734133790738,
    0.8293310463121784
  ],
  "best_acc": 0.8327615780445969
}