{
  "epoch": 13,
  "train_loss": 0.3181308642411843,
  "train_acc": 0.9957099957099957,
  "val_loss": 0.325761402748069,
  "val_acc": 0.9879931389365352,
  "timestamp": "2025-05-01T10:20:11.398224",
  "elapsed_time": 800.8631339073181
}