{
  "epoch": 5,
  "train_loss": 0.33020090078696224,
  "train_acc": 0.9839124839124839,
  "val_loss": 0.33360537339229973,
  "val_acc": 0.9802744425385935,
  "timestamp": "2025-05-01T10:12:33.354085",
  "elapsed_time": 342.8185091018677
}