{
  "epoch": 14,
  "train_loss": 0.31832956824547204,
  "train_acc": 0.9957099957099957,
  "val_loss": 0.327915933667397,
  "val_acc": 0.9845626072041166,
  "timestamp": "2025-05-01T10:21:08.465156",
  "elapsed_time": 857.9267218112946
}