{
  "epoch": 9,
  "train_loss": 0.32639939280656666,
  "train_acc": 0.9869154869154869,
  "val_loss": 0.33005471922913376,
  "val_acc": 0.9819897084048027,
  "timestamp": "2025-05-01T10:16:22.322414",
  "elapsed_time": 571.7863647937775
}