{
  "epoch": 19,
  "train_loss": 0.0059207236633086816,
  "train_acc": 0.9980694980694981,
  "val_loss": 0.007452376186847687,
  "val_acc": 0.9888507718696398,
  "timestamp": "2025-05-01T10:26:09.279605",
  "elapsed_time": 1146.348346710205
}