{
  "epoch": 3,
  "train_loss": 0.34115654826164243,
  "train_acc": 0.972972972972973,
  "val_loss": 0.33517708644575,
  "val_acc": 0.9768439108061749,
  "timestamp": "2025-05-01T10:10:39.527208",
  "elapsed_time": 228.90798592567444
}