{
  "epoch": 17,
  "train_loss": 0.3162169323517726,
  "train_acc": 0.9972114972114973,
  "val_loss": 0.3294467141433638,
  "val_acc": 0.9819897084048027,
  "timestamp": "2025-05-01T10:24:03.058213",
  "elapsed_time": 1032.5158064365387
}