{
  "epoch": 10,
  "train_loss": 0.32176558344792094,
  "train_acc": 0.9920634920634921,
  "val_loss": 0.3252441262712284,
  "val_acc": 0.9897084048027445,
  "timestamp": "2025-05-01T10:17:20.500090",
  "elapsed_time": 629.9581520557404
}