{
  "epoch": 1,
  "train_loss": 0.362951267682589,
  "train_acc": 0.9534534534534534,
  "val_loss": 0.3444294935586501,
  "val_acc": 0.9699828473413379,
  "timestamp": "2025-05-01T10:08:44.465131",
  "elapsed_time": 113.93108677864075
}