{
  "epoch": 7,
  "train_loss": 0.3255564286158635,
  "train_acc": 0.9869154869154869,
  "val_loss": 0.3384860078899228,
  "val_acc": 0.9742710120068611,
  "timestamp": "2025-05-01T10:14:27.784639",
  "elapsed_time": 457.245276927948
}