{
  "epoch": 8,
  "train_loss": 0.3249802115635994,
  "train_acc": 0.9886314886314886,
  "val_loss": 0.33356672647048013,
  "val_acc": 0.9794168096054888,
  "timestamp": "2025-05-01T10:15:24.707540",
  "elapsed_time": 514.1640174388885
}