{
  "epoch": 4,
  "train_loss": 0.3363059095847301,
  "train_acc": 0.9779064779064779,
  "val_loss": 0.3350555683885302,
  "val_acc": 0.9768439108061749,
  "timestamp": "2025-05-01T10:11:36.772433",
  "elapsed_time": 286.2363052368164
}