{
  "epoch": 16,
  "train_loss": 0.31626836749223564,
  "train_acc": 0.9972114972114973,
  "val_loss": 0.3280492485785971,
  "val_acc": 0.9854202401372213,
  "timestamp": "2025-05-01T10:23:04.202026",
  "elapsed_time": 973.6643691062927
}