{
  "epoch": 18,
  "train_loss": 0.31678379881076324,
  "train_acc": 0.996996996996997,
  "val_loss": 0.32578009549452336,
  "val_acc": 0.9879931389365352,
  "timestamp": "2025-05-01T10:25:00.020534",
  "elapsed_time": 1089.478147983551
}