{
  "epoch": 11,
  "train_loss": 0.31919043690730364,
  "train_acc": 0.9948519948519948,
  "val_loss": 0.32982089750620786,
  "val_acc": 0.9828473413379074,
  "timestamp": "2025-05-01T10:18:16.902304",
  "elapsed_time": 686.361603975296
}