{
  "epoch": 12,
  "train_loss": 0.31851307505216353,
  "train_acc": 0.9952809952809952,
  "val_loss": 0.3271017384772398,
  "val_acc": 0.9862778730703259,
  "timestamp": "2025-05-01T10:19:14.663292",
  "elapsed_time": 744.1253461837769
}