{
  "epoch": 2,
  "train_loss": 0.3434251355819213,
  "train_acc": 0.9714714714714715,
  "val_loss": 0.34013449355047576,
  "val_acc": 0.9751286449399656,
  "timestamp": "2025-05-01T10:09:41.046636",
  "elapsed_time": 170.51277685165405
}