{
  "epoch": 15,
  "train_loss": 0.3176202364456959,
  "train_acc": 0.9961389961389961,
  "val_loss": 0.3273885621100056,
  "val_acc": 0.9862778730703259,
  "timestamp": "2025-05-01T10:22:05.143333",
  "elapsed_time": 914.606698513031
}