{
  "epoch": 0,
  "train_loss": 0.46265593293385626,
  "train_acc": 0.8569283569283569,
  "val_loss": 0.36113765835762024,
  "val_acc": 0.9562607204116638,
  "timestamp": "2025-05-01T10:07:47.019549",
  "elapsed_time": 56.48250484466553
}