{
  "epoch": 6,
  "train_loss": 0.3291979705676054,
  "train_acc": 0.9839124839124839,
  "val_loss": 0.3307243378794923,
  "val_acc": 0.9794168096054888,
  "timestamp": "2025-05-01T10:13:30.160989",
  "elapsed_time": 399.62409138679504
}