{
  "train_loss": [
    0.46265593293385626,
    0.362951267682589,
    0.3434251355819213,
    0.34115654826164243,
    0.3363059095847301,
    0.33020090078696224,
    0.3291979705676054,
    0.3255564286158635,
    0.3249802115635994,
    0.32639939280656666,
    0.32176558344792094,
    0.31919043690730364,
    0.31851307505216353,
    0.3181308642411843,
    0.31832956824547204,
    0.3176202364456959,
    0.31626836749223564,
    0.3162169323517726,
    0.31678379881076324,
    0.0059207236633086816
  ],
  "train_acc": [
    0.8569283569283569,
    0.9534534534534534,
    0.9714714714714715,
    0.972972972972973,
    0.9779064779064779,
    0.9839124839124839,
    0.9839124839124839,
    0.9869154869154869,
    0.9886314886314886,
    0.9869154869154869,
    0.9920634920634921,
    0.9948519948519948,
    0.9952809952809952,
    0.9957099957099957,
    0.9957099957099957,
    0.9961389961389961,
    0.9972114972114973,
    0.9972114972114973,
    0.996996996996997,
    0.9980694980694981
  ],
  "val_loss": [
    0.36113765835762024,
    0.3444294935586501,
    0.34013449355047576,
    0.33517708644575,
    0.3350555683885302,
    0.33360537339229973,
    0.3307243378794923,
    0.3384860078899228,
    0.33356672647048013,
    0.33005471922913376,
    0.3252441262712284,
    0.32982089750620786,
    0.3271017384772398,
    0.325761402748069,
    0.327915933667397,
    0.3273885621100056,
    0.3280492485785971,
    0.3294467141433638,
    0.32578009549452336,
    0.007452376186847687
  ],
  "val_acc": [
    0.9562607204116638,
    0.9699828473413379,
    0.9751286449399656,
    0.9768439108061749,
    0.9768439108061749,
    0.9802744425385935,
    0.9794168096054888,
    0.9742710120068611,
    0.9794168096054888,
    0.9819897084048027,
    0.9897084048027445,
    0.9828473413379074,
    0.9862778730703259,
    0.9879931389365352,
    0.9845626072041166,
    0.9862778730703259,
    0.9854202401372213,
    0.9819897084048027,
    0.9879931389365352,
    0.9888507718696398
  ],
  "best_acc": 0.9897084048027445
}