{
  "epoch": 4,
  "train_loss": 0.3980756826889821,
  "train_acc": 0.9129129129129129,
  "val_loss": 0.3858632712948079,
  "val_acc": 0.9262435677530018,
  "timestamp": "2025-05-01T08:45:06.124964",
  "elapsed_time": 283.041517496109
}