{
  "epoch": 14,
  "train_loss": 0.3343867340149024,
  "train_acc": 0.9791934791934792,
  "val_loss": 0.34330830099631326,
  "val_acc": 0.9682675814751286,
  "timestamp": "2025-05-01T08:54:32.211661",
  "elapsed_time": 849.1258838176727
}