{
  "epoch": 17,
  "train_loss": 0.3294337260417449,
  "train_acc": 0.9843414843414844,
  "val_loss": 0.34023061212228267,
  "val_acc": 0.9725557461406518,
  "timestamp": "2025-05-01T08:57:21.936989",
  "elapsed_time": 1018.8523805141449
}