{
  "epoch": 9,
  "train_loss": 0.367328239709903,
  "train_acc": 0.9444444444444444,
  "val_loss": 0.37026250909785835,
  "val_acc": 0.9425385934819898,
  "timestamp": "2025-05-01T08:49:49.010432",
  "elapsed_time": 565.9242315292358
}