{
  "epoch": 8,
  "train_loss": 0.3762355387210846,
  "train_acc": 0.9345774345774346,
  "val_loss": 0.36303724439776675,
  "val_acc": 0.9459691252144082,
  "timestamp": "2025-05-01T08:48:52.266427",
  "elapsed_time": 509.18192982673645
}