{
  "epoch": 2,
  "train_loss": 0.4328624454828409,
  "train_acc": 0.8792363792363792,
  "val_loss": 0.4130692846921025,
  "val_acc": 0.8970840480274442,
  "timestamp": "2025-05-01T08:43:12.271233",
  "elapsed_time": 169.18259596824646
}