{
  "epoch": 12,
  "train_loss": 0.33685677234943096,
  "train_acc": 0.9761904761904762,
  "val_loss": 0.3425049082357056,
  "val_acc": 0.9699828473413379,
  "timestamp": "2025-05-01T08:52:38.580167",
  "elapsed_time": 735.492901802063
}