{
  "epoch": 5,
  "train_loss": 0.38631926805545125,
  "train_acc": 0.925997425997426,
  "val_loss": 0.38094392479682454,
  "val_acc": 0.9305317324185248,
  "timestamp": "2025-05-01T08:46:01.868228",
  "elapsed_time": 338.78440618515015
}