{
  "epoch": 19,
  "train_loss": 0.32714534233777953,
  "train_acc": 0.9864864864864865,
  "val_loss": 0.3379337428783884,
  "val_acc": 0.9759862778730704,
  "timestamp": "2025-05-01T08:59:15.746688",
  "elapsed_time": 1132.6611959934235
}