{
  "epoch": 1,
  "train_loss": 0.4516864023147485,
  "train_acc": 0.8577863577863578,
  "val_loss": 0.4972433861421079,
  "val_acc": 0.8130360205831904,
  "timestamp": "2025-05-01T08:42:16.164744",
  "elapsed_time": 113.07394623756409
}