{
  "epoch": 3,
  "train_loss": 0.4079064415051387,
  "train_acc": 0.9026169026169026,
  "val_loss": 0.38086906501225065,
  "val_acc": 0.9288164665523156,
  "timestamp": "2025-05-01T08:44:09.139477",
  "elapsed_time": 226.05288577079773
}