{
  "epoch": 16,
  "train_loss": 0.330075266575202,
  "train_acc": 0.9826254826254827,
  "val_loss": 0.34277609355595645,
  "val_acc": 0.9691252144082333,
  "timestamp": "2025-05-01T08:56:25.582855",
  "elapsed_time": 962.4939525127411
}