{
  "epoch": 11,
  "train_loss": 0.3412277654195443,
  "train_acc": 0.9706134706134706,
  "val_loss": 0.3524922387940543,
  "val_acc": 0.9605488850771869,
  "timestamp": "2025-05-01T08:51:42.645575",
  "elapsed_time": 679.5645668506622
}