{
  "epoch": 10,
  "train_loss": 0.3514717461206974,
  "train_acc": 0.9613899613899614,
  "val_loss": 0.3542405573689208,
  "val_acc": 0.9579759862778731,
  "timestamp": "2025-05-01T08:50:45.461341",
  "elapsed_time": 622.3714129924774
}