{
  "epoch": 6,
  "train_loss": 0.39684340495329634,
  "train_acc": 0.9131274131274131,
  "val_loss": 0.42574963156057866,
  "val_acc": 0.8825042881646655,
  "timestamp": "2025-05-01T08:46:58.139417",
  "elapsed_time": 395.0366384983063
}