{
  "epoch": 15,
  "train_loss": 0.3326639386323782,
  "train_acc": 0.9806949806949807,
  "val_loss": 0.3459356256893703,
  "val_acc": 0.9656946826758147,
  "timestamp": "2025-05-01T08:55:28.758595",
  "elapsed_time": 905.6713130474091
}