{
  "epoch": 7,
  "train_loss": 0.3866297775354141,
  "train_acc": 0.9242814242814242,
  "val_loss": 0.37476328623538113,
  "val_acc": 0.9373927958833619,
  "timestamp": "2025-05-01T08:47:54.604908",
  "elapsed_time": 451.5175278186798
}