{
  "epoch": 18,
  "train_loss": 0.32965612212816875,
  "train_acc": 0.9832689832689833,
  "val_loss": 0.33985342054950946,
  "val_acc": 0.9725557461406518,
  "timestamp": "2025-05-01T08:58:18.731720",
  "elapsed_time": 1075.6429784297943
}