{
  "epoch": 0,
  "train_loss": 0.478478066279338,
  "train_acc": 0.8260403260403261,
  "val_loss": 0.4448065131294484,
  "val_acc": 0.8636363636363636,
  "timestamp": "2025-05-01T08:41:19.068726",
  "elapsed_time": 55.97621536254883
}