{
  "epoch": 13,
  "train_loss": 0.3339081029097239,
  "train_acc": 0.978978978978979,
  "val_loss": 0.3455235100522333,
  "val_acc": 0.9665523156089194,
  "timestamp": "2025-05-01T08:53:34.851563",
  "elapsed_time": 791.7637166976929
}