{
  "train_loss": [
    0.478478066279338,
    0.4516864023147485,
    0.4328624454828409,
    0.4079064415051387,
    0.3980756826889821,
    0.38631926805545125,
    0.39684340495329634,
    0.3866297775354141,
    0.3762355387210846,
    0.367328239709903,
    0.3514717461206974,
    0.3412277654195443,
    0.33685677234943096,
    0.3339081029097239,
    0.3343867340149024,
    0.3326639386323782,
    0.330075266575202,
    0.3294337260417449,
    0.32965612212816875,
    0.32714534233777953
  ],
  "train_acc": [
    0.8260403260403261,
    0.8577863577863578,
    0.8792363792363792,
    0.9026169026169026,
    0.9129129129129129,
    0.925997425997426,
    0.9131274131274131,
    0.9242814242814242,
    0.9345774345774346,
    0.9444444444444444,
    0.9613899613899614,
    0.9706134706134706,
    0.9761904761904762,
    0.978978978978979,
    0.9791934791934792,
    0.9806949806949807,
    0.9826254826254827,
    0.9843414843414844,
    0.9832689832689833,
    0.9864864864864865
  ],
  "val_loss": [
    0.4448065131294484,
    0.4972433861421079,
    0.4130692846921025,
    0.38086906501225065,
    0.3858632712948079,
    0.38094392479682454,
    0.42574963156057866,
    0.37476328623538113,
    0.36303724439776675,
    0.37026250909785835,
    0.3542405573689208,
    0.3524922387940543,
    0.3425049082357056,
    0.3455235100522333,
    0.34330830099631326,
    0.3459356256893703,
    0.34277609355595645,
    0.34023061212228267,
    0.33985342054950946,
    0.3379337428783884
  ],
  "val_acc": [
    0.8636363636363636,
    0.8130360205831904,
    0.8970840480274442,
    0.9288164665523156,
    0.9262435677530018,
    0.9305317324185248,
    0.8825042881646655,
    0.9373927958833619,
    0.9459691252144082,
    0.9425385934819898,
    0.9579759862778731,
    0.9605488850771869,
    0.9699828473413379,
    0.9665523156089194,
    0.9682675814751286,
    0.9656946826758147,
    0.9691252144082333,
    0.9725557461406518,
    0.9725557461406518,
    0.9759862778730704
  ],
  "best_acc": 0.9759862778730704
}