{
  "epoch": 5,
  "train_loss": 0.33096372607426766,
  "train_acc": 0.9811239811239811,
  "val_loss": 0.33850090296901003,
  "val_acc": 0.9759862778730704,
  "timestamp": "2025-05-03T07:48:19.880681",
  "elapsed_time": 294.0737798213959
}