{
  "epoch": 15,
  "train_loss": 0.315438301440997,
  "train_acc": 0.9980694980694981,
  "val_loss": 0.3304479401938769,
  "val_acc": 0.9819897084048027,
  "timestamp": "2025-05-03T07:56:32.677916",
  "elapsed_time": 786.8679192066193
}