{
  "epoch": 9,
  "train_loss": 0.3231102529244545,
  "train_acc": 0.98991848991849,
  "val_loss": 0.33268561046950673,
  "val_acc": 0.9785591766723842,
  "timestamp": "2025-05-03T07:51:33.599139",
  "elapsed_time": 487.79132604599
}