{
  "epoch": 6,
  "train_loss": 0.32831891209651265,
  "train_acc": 0.984984984984985,
  "val_loss": 0.3361090476415595,
  "val_acc": 0.9768439108061749,
  "timestamp": "2025-05-03T07:49:07.654212",
  "elapsed_time": 341.83988428115845
}