{
  "epoch": 18,
  "train_loss": 0.314737375271626,
  "train_acc": 0.9989274989274989,
  "val_loss": 0.32838181755980667,
  "val_acc": 0.9845626072041166,
  "timestamp": "2025-05-03T07:59:00.337548",
  "elapsed_time": 934.5287463665009
}