{
  "epoch": 4,
  "train_loss": 0.33038990589288564,
  "train_acc": 0.9834834834834835,
  "val_loss": 0.33973604136583757,
  "val_acc": 0.9742710120068611,
  "timestamp": "2025-05-03T07:47:30.521277",
  "elapsed_time": 244.71603536605835
}