{
  "epoch": 13,
  "train_loss": 0.3164295679483658,
  "train_acc": 0.996996996996997,
  "val_loss": 0.3322670405008355,
  "val_acc": 0.9785591766723842,
  "timestamp": "2025-05-03T07:54:53.773503",
  "elapsed_time": 687.9632515907288
}