{
  "epoch": 19,
  "train_loss": 0.31654949402197813,
  "train_acc": 0.9980694980694981,
  "val_loss": 0.3288576931369548,
  "val_acc": 0.9845626072041166,
  "timestamp": "2025-05-03T07:59:49.127809",
  "elapsed_time": 983.3203616142273
}