{
  "epoch": 3,
  "train_loss": 0.3378293671669104,
  "train_acc": 0.9761904761904762,
  "val_loss": 0.34141137222854456,
  "val_acc": 0.9708404802744426,
  "timestamp": "2025-05-03T07:46:41.942950",
  "elapsed_time": 196.12998723983765
}