{
  "epoch": 8,
  "train_loss": 0.3222685609108362,
  "train_acc": 0.9912054912054912,
  "val_loss": 0.3319158170904432,
  "val_acc": 0.9794168096054888,
  "timestamp": "2025-05-03T07:50:46.008863",
  "elapsed_time": 440.1979775428772
}