{
  "epoch": 11,
  "train_loss": 0.3188589172485547,
  "train_acc": 0.9942084942084942,
  "val_loss": 0.33161107435518383,
  "val_acc": 0.9811320754716981,
  "timestamp": "2025-05-03T07:53:14.224115",
  "elapsed_time": 588.4083256721497
}