{
  "epoch": 1,
  "train_loss": 0.3515739578467149,
  "train_acc": 0.963963963963964,
  "val_loss": 0.34481375253930385,
  "val_acc": 0.9665523156089194,
  "timestamp": "2025-05-03T07:45:03.576715",
  "elapsed_time": 97.77053904533386
}