{
  "epoch": 16,
  "train_loss": 0.3151670896089994,
  "train_acc": 0.9982839982839983,
  "val_loss": 0.33085544681062506,
  "val_acc": 0.9811320754716981,
  "timestamp": "2025-05-03T07:57:21.687676",
  "elapsed_time": 835.8664486408234
}