{
  "epoch": 10,
  "train_loss": 0.32017503686440296,
  "train_acc": 0.9933504933504933,
  "val_loss": 0.33415426830856165,
  "val_acc": 0.9794168096054888,
  "timestamp": "2025-05-03T07:52:25.086789",
  "elapsed_time": 539.2804718017578
}