{
  "epoch": 0,
  "train_loss": 0.4571503358009534,
  "train_acc": 0.8560703560703561,
  "val_loss": 0.38088639354219245,
  "val_acc": 0.9296740994854202,
  "timestamp": "2025-05-03T07:44:14.902775",
  "elapsed_time": 49.095319509506226
}