{
  "epoch": 12,
  "train_loss": 0.3173030082996075,
  "train_acc": 0.9954954954954955,
  "val_loss": 0.33079273481758276,
  "val_acc": 0.9819897084048027,
  "timestamp": "2025-05-03T07:54:03.775640",
  "elapsed_time": 637.9630324840546
}