{
  "epoch": 2,
  "train_loss": 0.33827243936367524,
  "train_acc": 0.9764049764049764,
  "val_loss": 0.3477845897479933,
  "val_acc": 0.967409948542024,
  "timestamp": "2025-05-03T07:45:52.980316",
  "elapsed_time": 147.17140698432922
}