{
  "epoch": 7,
  "train_loss": 0.32553779192459886,
  "train_acc": 0.987987987987988,
  "val_loss": 0.3322488781140775,
  "val_acc": 0.9785591766723842,
  "timestamp": "2025-05-03T07:49:56.454697",
  "elapsed_time": 390.6410241127014
}