{
  "epoch": 14,
  "train_loss": 0.31722516203537965,
  "train_acc": 0.9963534963534963,
  "val_loss": 0.3320266367221365,
  "val_acc": 0.9811320754716981,
  "timestamp": "2025-05-03T07:55:43.756103",
  "elapsed_time": 737.9511857032776
}