{
  "epoch": 17,
  "train_loss": 0.31524412402739893,
  "train_acc": 0.9982839982839983,
  "val_loss": 0.3304659602593403,
  "val_acc": 0.9828473413379074,
  "timestamp": "2025-05-03T07:58:11.676147",
  "elapsed_time": 885.8696830272675
}