{
  "train_loss": [
    0.4571503358009534,
    0.3515739578467149,
    0.33827243936367524,
    0.3378293671669104,
    0.33038990589288564,
    0.33096372607426766,
    0.32831891209651265,
    0.32553779192459886,
    0.3222685609108362,
    0.3231102529244545,
    0.32017503686440296,
    0.3188589172485547,
    0.3173030082996075,
    0.3164295679483658,
    0.31722516203537965,
    0.315438301440997,
    0.3151670896089994,
    0.31524412402739893,
    0.314737375271626,
    0.31654949402197813
  ],
  "train_acc": [
    0.8560703560703561,
    0.963963963963964,
    0.9764049764049764,
    0.9761904761904762,
    0.9834834834834835,
    0.9811239811239811,
    0.984984984984985,
    0.987987987987988,
    0.9912054912054912,
    0.98991848991849,
    0.9933504933504933,
    0.9942084942084942,
    0.9954954954954955,
    0.996996996996997,
    0.9963534963534963,
    0.9980694980694981,
    0.9982839982839983,
    0.9982839982839983,
    0.9989274989274989,
    0.9980694980694981
  ],
  "val_loss": [
    0.38088639354219245,
    0.34481375253930385,
    0.3477845897479933,
    0.34141137222854456,
    0.33973604136583757,
    0.33850090296901003,
    0.3361090476415595,
    0.3322488781140775,
    0.3319158170904432,
    0.33268561046950673,
    0.33415426830856165,
    0.33161107435518383,
    0.33079273481758276,
    0.3322670405008355,
    0.3320266367221365,
    0.3304479401938769,
    0.33085544681062506,
    0.3304659602593403,
    0.32838181755980667,
    0.3288576931369548
  ],
  "val_acc": [
    0.9296740994854202,
    0.9665523156089194,
    0.967409948542024,
    0.9708404802744426,
    0.9742710120068611,
    0.9759862778730704,
    0.9768439108061749,
    0.9785591766723842,
    0.9794168096054888,
    0.9785591766723842,
    0.9794168096054888,
    0.9811320754716981,
    0.9819897084048027,
    0.9785591766723842,
    0.9811320754716981,
    0.9819897084048027,
    0.9811320754716981,
    0.9828473413379074,
    0.9845626072041166,
    0.9845626072041166
  ],
  "best_acc": 0.9845626072041166
}