{
  "epoch": 2,
  "train_loss": 0.5287516763577095,
  "train_acc": 0.8322608322608323,
  "val_loss": 0.5051888701867084,
  "val_acc": 0.8439108061749572,
  "timestamp": "2025-05-01T12:17:50.089289",
  "elapsed_time": 148.6622200012207
}