{
  "epoch": 10,
  "train_loss": 0.4123335641164046,
  "train_acc": 0.9255684255684256,
  "val_loss": 0.41240186715612603,
  "val_acc": 0.9193825042881647,
  "timestamp": "2025-05-03T03:54:18.675292",
  "elapsed_time": 586.6387658119202
}