{
  "epoch": 14,
  "train_loss": 0.40756612970278816,
  "train_acc": 0.9302874302874303,
  "val_loss": 0.4078783107047178,
  "val_acc": 0.9279588336192109,
  "timestamp": "2025-05-03T03:57:59.014405",
  "elapsed_time": 806.9824404716492
}