{
  "epoch": 0,
  "train_loss": 0.6455436779902531,
  "train_acc": 0.6731016731016731,
  "val_loss": 0.5859184350286212,
  "val_acc": 0.7890222984562607,
  "timestamp": "2025-05-01T12:16:18.137400",
  "elapsed_time": 56.71185040473938
}