{
  "epoch": 18,
  "train_loss": 0.40317354706617503,
  "train_acc": 0.9337194337194337,
  "val_loss": 0.4057426166777708,
  "val_acc": 0.9262435677530018,
  "timestamp": "2025-05-03T04:01:43.976251",
  "elapsed_time": 1031.9484238624573
}