{
  "epoch": 17,
  "train_loss": 0.4052761155825395,
  "train_acc": 0.9326469326469327,
  "val_loss": 0.40587090290322597,
  "val_acc": 0.9228130360205832,
  "timestamp": "2025-05-03T04:00:47.583083",
  "elapsed_time": 975.5524611473083
}