{
  "epoch": 4,
  "train_loss": 0.48160033348279124,
  "train_acc": 0.8635778635778636,
  "val_loss": 0.46671110330795756,
  "val_acc": 0.8662092624356775,
  "timestamp": "2025-05-03T03:48:42.738129",
  "elapsed_time": 250.7101366519928
}