{
  "epoch": 8,
  "train_loss": 0.42632674330320114,
  "train_acc": 0.9101244101244101,
  "val_loss": 0.42387973714847954,
  "val_acc": 0.9142367066895368,
  "timestamp": "2025-05-03T03:52:25.363656",
  "elapsed_time": 473.3330614566803
}