{
  "epoch": 16,
  "train_loss": 0.4052266877431136,
  "train_acc": 0.9309309309309309,
  "val_loss": 0.40593294464811985,
  "val_acc": 0.9253859348198971,
  "timestamp": "2025-05-03T03:59:51.066758",
  "elapsed_time": 919.0418519973755
}