{
  "epoch": 19,
  "train_loss": 0.4052700041196285,
  "train_acc": 0.9287859287859288,
  "val_loss": 0.4053959943810288,
  "val_acc": 0.9271012006861064,
  "timestamp": "2025-05-03T04:02:39.434211",
  "elapsed_time": 1087.4094483852386
}