{
  "epoch": 11,
  "train_loss": 0.4087118867116097,
  "train_acc": 0.9272844272844273,
  "val_loss": 0.41223326811985095,
  "val_acc": 0.9202401372212693,
  "timestamp": "2025-05-03T03:55:13.375293",
  "elapsed_time": 641.3459739685059
}