{
  "epoch": 12,
  "train_loss": 0.4093392971234444,
  "train_acc": 0.9281424281424281,
  "val_loss": 0.40893555356531724,
  "val_acc": 0.9245283018867925,
  "timestamp": "2025-05-03T03:56:07.547474",
  "elapsed_time": 695.5205633640289
}