{
  "epoch": 15,
  "train_loss": 0.40546401662704273,
  "train_acc": 0.9305019305019305,
  "val_loss": 0.4058488735130855,
  "val_acc": 0.9322469982847341,
  "timestamp": "2025-05-03T03:58:55.602848",
  "elapsed_time": 863.5776135921478
}