{
  "epoch": 6,
  "train_loss": 0.4511396015301729,
  "train_acc": 0.8903903903903904,
  "val_loss": 0.44094662581171307,
  "val_acc": 0.8850771869639794,
  "timestamp": "2025-05-03T03:50:32.643360",
  "elapsed_time": 360.61630272865295
}