{
  "epoch": 9,
  "train_loss": 0.41850476112121193,
  "train_acc": 0.9204204204204204,
  "val_loss": 0.4123907502816648,
  "val_acc": 0.9210977701543739,
  "timestamp": "2025-05-03T03:53:21.289216",
  "elapsed_time": 529.261283159256
}