{
  "epoch": 5,
  "train_loss": 0.46516225124016786,
  "train_acc": 0.8762333762333763,
  "val_loss": 0.4529286318895768,
  "val_acc": 0.8833619210977701,
  "timestamp": "2025-05-03T03:49:37.639574",
  "elapsed_time": 305.6116077899933
}