{
  "epoch": 13,
  "train_loss": 0.40618732556318626,
  "train_acc": 0.9305019305019305,
  "val_loss": 0.41054895216104936,
  "val_acc": 0.9245283018867925,
  "timestamp": "2025-05-03T03:57:02.612697",
  "elapsed_time": 750.5858216285706
}