{
  "epoch": 1,
  "train_loss": 0.5694989095895718,
  "train_acc": 0.7992277992277992,
  "val_loss": 0.5357962901494941,
  "val_acc": 0.8216123499142367,
  "timestamp": "2025-05-01T12:17:03.600120",
  "elapsed_time": 102.17593765258789
}