{
  "epoch": 3,
  "train_loss": 0.5027430311227457,
  "train_acc": 0.8468468468468469,
  "val_loss": 0.4855440855026245,
  "val_acc": 0.8542024013722127,
  "timestamp": "2025-05-01T12:18:36.074322",
  "elapsed_time": 194.65067982673645
}