{
  "epoch": 7,
  "train_loss": 0.44073203129646105,
  "train_acc": 0.8955383955383955,
  "val_loss": 0.4307244760649545,
  "val_acc": 0.9039451114922813,
  "timestamp": "2025-05-03T03:51:29.886100",
  "elapsed_time": 417.85962867736816
}