{
  "train_loss": [
    0.6455436779902531,
    0.5694989095895718,
    0.5287516763577095,
    0.5027430311227457,
    0.48160033348279124,
    0.46516225124016786,
    0.4511396015301729,
    0.44073203129646105,
    0.42632674330320114,
    0.41850476112121193,
    0.4123335641164046,
    0.4087118867116097,
    0.4093392971234444,
    0.40618732556318626,
    0.40756612970278816,
    0.40546401662704273,
    0.4052266877431136,
    0.4052761155825395,
    0.40317354706617503,
    0.4052700041196285
  ],
  "train_acc": [
    0.6731016731016731,
    0.7992277992277992,
    0.8322608322608323,
    0.8468468468468469,
    0.8635778635778636,
    0.8762333762333763,
    0.8903903903903904,
    0.8955383955383955,
    0.9101244101244101,
    0.9204204204204204,
    0.9255684255684256,
    0.9272844272844273,
    0.9281424281424281,
    0.9305019305019305,
    0.9302874302874303,
    0.9305019305019305,
    0.9309309309309309,
    0.9326469326469327,
    0.9337194337194337,
    0.9287859287859288
  ],
  "val_loss": [
    0.5859184350286212,
    0.5357962901494941,
    0.5051888701867084,
    0.4855440855026245,
    0.46671110330795756,
    0.4529286318895768,
    0.44094662581171307,
    0.4307244760649545,
    0.42387973714847954,
    0.4123907502816648,
    0.41240186715612603,
    0.41223326811985095,
    0.40893555356531724,
    0.41054895216104936,
    0.4078783107047178,
    0.4058488735130855,
    0.40593294464811985,
    0.40587090290322597,
    0.4057426166777708,
    0.4053959943810288
  ],
  "val_acc": [
    0.7890222984562607,
    0.8216123499142367,
    0.8439108061749572,
    0.8542024013722127,
    0.8662092624356775,
    0.8833619210977701,
    0.8850771869639794,
    0.9039451114922813,
    0.9142367066895368,
    0.9210977701543739,
    0.9193825042881647,
    0.9202401372212693,
    0.9245283018867925,
    0.9245283018867925,
    0.9279588336192109,
    0.9322469982847341,
    0.9253859348198971,
    0.9228130360205832,
    0.9262435677530018,
    0.9271012006861064
  ],
  "best_acc": 0.9322469982847341
}