{
  "epoch": 11,
  "train_loss": 0.5764043904267825,
  "train_acc": 0.7117117117117117,
  "val_loss": 0.5698008756248318,
  "val_acc": 0.7186963979416809,
  "timestamp": "2025-05-01T08:30:19.397959",
  "elapsed_time": 675.77991938591
}