{
  "epoch": 4,
  "train_loss": 0.7791266346589113,
  "train_acc": 0.5244530244530244,
  "val_loss": 0.8168520319218538,
  "val_acc": 0.4957118353344768,
  "timestamp": "2025-05-01T08:23:45.854096",
  "elapsed_time": 282.22284603118896
}