{
  "epoch": 15,
  "train_loss": 0.5343284744482774,
  "train_acc": 0.762977262977263,
  "val_loss": 0.5374345189454605,
  "val_acc": 0.7641509433962265,
  "timestamp": "2025-05-01T08:34:06.185996",
  "elapsed_time": 902.5638208389282
}