{
  "epoch": 18,
  "train_loss": 0.4968066155910492,
  "train_acc": 0.806949806949807,
  "val_loss": 0.5123977922663396,
  "val_acc": 0.7864493996569468,
  "timestamp": "2025-05-01T08:36:57.855065",
  "elapsed_time": 1074.2388756275177
}