{
  "epoch": 1,
  "train_loss": 0.7820718215062068,
  "train_acc": 0.5038610038610039,
  "val_loss": 0.7691954483791273,
  "val_acc": 0.4957118353344768,
  "timestamp": "2025-05-01T08:20:55.863807",
  "elapsed_time": 112.23821139335632
}