{
  "epoch": 14,
  "train_loss": 0.5472190267000443,
  "train_acc": 0.7443157443157443,
  "val_loss": 0.5389870636317194,
  "val_acc": 0.7607204116638079,
  "timestamp": "2025-05-01T08:33:10.155533",
  "elapsed_time": 846.5258104801178
}