{
  "epoch": 12,
  "train_loss": 0.5629863014587989,
  "train_acc": 0.7282282282282282,
  "val_loss": 0.5573349716712017,
  "val_acc": 0.7375643224699828,
  "timestamp": "2025-05-01T08:31:16.593948",
  "elapsed_time": 732.9741141796112
}