{
  "epoch": 3,
  "train_loss": 0.8118040723678394,
  "train_acc": 0.4984984984984985,
  "val_loss": 0.7563359177842433,
  "val_acc": 0.5197255574614065,
  "timestamp": "2025-05-01T08:22:49.189743",
  "elapsed_time": 225.56721091270447
}