{
  "epoch": 5,
  "train_loss": 0.7851748377848894,
  "train_acc": 0.5233805233805234,
  "val_loss": 0.805397803686103,
  "val_acc": 0.49828473413379076,
  "timestamp": "2025-05-01T08:24:41.741934",
  "elapsed_time": 338.11733770370483
}