{
  "epoch": 10,
  "train_loss": 0.5986997410272941,
  "train_acc": 0.685971685971686,
  "val_loss": 0.6034621693650071,
  "val_acc": 0.6749571183533448,
  "timestamp": "2025-05-01T08:29:22.698488",
  "elapsed_time": 619.0726552009583
}