{
  "epoch": 17,
  "train_loss": 0.511181673178306,
  "train_acc": 0.7917202917202917,
  "val_loss": 0.5441962073043901,
  "val_acc": 0.7384219554030875,
  "timestamp": "2025-05-01T08:36:00.357245",
  "elapsed_time": 1016.7311248779297
}