{
  "epoch": 13,
  "train_loss": 0.5487817741357364,
  "train_acc": 0.7477477477477478,
  "val_loss": 0.5618214801866181,
  "val_acc": 0.7246998284734134,
  "timestamp": "2025-05-01T08:32:13.653486",
  "elapsed_time": 790.0278153419495
}