{
  "epoch": 2,
  "train_loss": 0.8126369785039853,
  "train_acc": 0.49099099099099097,
  "val_loss": 0.8155510571538186,
  "val_acc": 0.49828473413379076,
  "timestamp": "2025-05-01T08:21:51.912430",
  "elapsed_time": 168.29078602790833
}