{
  "epoch": 6,
  "train_loss": 0.7488091982327975,
  "train_acc": 0.5085800085800086,
  "val_loss": 0.7977268793145005,
  "val_acc": 0.48027444253859347,
  "timestamp": "2025-05-01T08:25:38.549151",
  "elapsed_time": 394.92620611190796
}