{
  "epoch": 8,
  "train_loss": 0.6773311205399342,
  "train_acc": 0.5847275847275847,
  "val_loss": 0.6720281413623265,
  "val_acc": 0.6312178387650086,
  "timestamp": "2025-05-01T08:27:30.142953",
  "elapsed_time": 506.5227620601654
}