{
  "epoch": 19,
  "train_loss": 0.4947978845009437,
  "train_acc": 0.8086658086658086,
  "val_loss": 0.49776296287166827,
  "val_acc": 0.8113207547169812,
  "timestamp": "2025-05-01T08:37:55.646031",
  "elapsed_time": 1132.0301883220673
}