{
  "epoch": 7,
  "train_loss": 0.7079532791406681,
  "train_acc": 0.5362505362505362,
  "val_loss": 0.7116857207551295,
  "val_acc": 0.5763293310463122,
  "timestamp": "2025-05-01T08:26:34.022486",
  "elapsed_time": 450.4023549556732
}