{
  "epoch": 0,
  "train_loss": 0.7906491325451778,
  "train_acc": 0.5079365079365079,
  "val_loss": 0.7832318836328934,
  "val_acc": 0.5214408233276158,
  "timestamp": "2025-05-01T08:20:00.161848",
  "elapsed_time": 56.525959968566895
}