{
  "epoch": 16,
  "train_loss": 0.5222224907997327,
  "train_acc": 0.7764907764907765,
  "val_loss": 0.5319553735304852,
  "val_acc": 0.7615780445969125,
  "timestamp": "2025-05-01T08:35:02.265341",
  "elapsed_time": 958.6447403430939
}