{
  "epoch": 9,
  "train_loss": 0.6529237936704587,
  "train_acc": 0.6143286143286143,
  "val_loss": 0.6231661408531423,
  "val_acc": 0.6680960548885078,
  "timestamp": "2025-05-01T08:28:26.891668",
  "elapsed_time": 563.27095246315
}