{
  "train_loss": [
    0.7906491325451778,
    0.7820718215062068,
    0.8126369785039853,
    0.8118040723678394,
    0.7791266346589113,
    0.7851748377848894,
    0.7488091982327975,
    0.7079532791406681,
    0.6773311205399342,
    0.6529237936704587,
    0.5986997410272941,
    0.5764043904267825,
    0.5629863014587989,
    0.5487817741357364,
    0.5472190267000443,
    0.5343284744482774,
    0.5222224907997327,
    0.511181673178306,
    0.4968066155910492,
    0.4947978845009437
  ],
  "train_acc": [
    0.5079365079365079,
    0.5038610038610039,
    0.49099099099099097,
    0.4984984984984985,
    0.5244530244530244,
    0.5233805233805234,
    0.5085800085800086,
    0.5362505362505362,
    0.5847275847275847,
    0.6143286143286143,
    0.685971685971686,
    0.7117117117117117,
    0.7282282282282282,
    0.7477477477477478,
    0.7443157443157443,
    0.762977262977263,
    0.7764907764907765,
    0.7917202917202917,
    0.806949806949807,
    0.8086658086658086
  ],
  "val_loss": [
    0.7832318836328934,
    0.7691954483791273,
    0.8155510571538186,
    0.7563359177842433,
    0.8168520319218538,
    0.805397803686103,
    0.7977268793145005,
    0.7116857207551295,
    0.6720281413623265,
    0.6231661408531423,
    0.6034621693650071,
    0.5698008756248318,
    0.5573349716712017,
    0.5618214801866181,
    0.5389870636317194,
    0.5374345189454605,
    0.5319553735304852,
    0.5441962073043901,
    0.5123977922663396,
    0.49776296287166827
  ],
  "val_acc": [
    0.5214408233276158,
    0.4957118353344768,
    0.49828473413379076,
    0.5197255574614065,
    0.4957118353344768,
    0.49828473413379076,
    0.48027444253859347,
    0.5763293310463122,
    0.6312178387650086,
    0.6680960548885078,
    0.6749571183533448,
    0.7186963979416809,
    0.7375643224699828,
    0.7246998284734134,
    0.7607204116638079,
    0.7641509433962265,
    0.7615780445969125,
    0.7384219554030875,
    0.7864493996569468,
    0.8113207547169812
  ],
  "best_acc": 0.8113207547169812
}