{
  "epoch": 15,
  "train_loss": 0.7387472543960962,
  "train_acc": 0.5748605748605748,
  "val_loss": 0.7088455016515693,
  "val_acc": 0.6029159519725558,
  "timestamp": "2025-05-01T09:38:51.751955",
  "elapsed_time": 924.252893447876
}