{
  "epoch": 1,
  "train_loss": 0.7844039562420967,
  "train_acc": 0.5272415272415273,
  "val_loss": 0.7638515185336677,
  "val_acc": 0.5497427101200686,
  "timestamp": "2025-05-01T09:25:23.296675",
  "elapsed_time": 115.77390575408936
}