{
  "epoch": 4,
  "train_loss": 0.7915200490217943,
  "train_acc": 0.5171600171600171,
  "val_loss": 0.8004548744279512,
  "val_acc": 0.5120068610634648,
  "timestamp": "2025-05-01T09:28:18.057898",
  "elapsed_time": 290.5595417022705
}