{
  "epoch": 2,
  "train_loss": 0.7799160407139705,
  "train_acc": 0.5330330330330331,
  "val_loss": 0.8019914955508952,
  "val_acc": 0.5085763293310464,
  "timestamp": "2025-05-01T09:26:20.845208",
  "elapsed_time": 173.32432317733765
}