{
  "epoch": 9,
  "train_loss": 0.7710203430591486,
  "train_acc": 0.5420420420420421,
  "val_loss": 0.7976284732623976,
  "val_acc": 0.5154373927958834,
  "timestamp": "2025-05-01T09:33:08.994228",
  "elapsed_time": 581.4757351875305
}