{
  "epoch": 11,
  "train_loss": 0.7654503458585494,
  "train_acc": 0.5480480480480481,
  "val_loss": 0.766840787566438,
  "val_acc": 0.5428816466552315,
  "timestamp": "2025-05-01T09:35:02.617711",
  "elapsed_time": 695.1192934513092
}