{
  "epoch": 3,
  "train_loss": 0.7989624127363547,
  "train_acc": 0.5152295152295152,
  "val_loss": 0.830695417462563,
  "val_acc": 0.48198970840480276,
  "timestamp": "2025-05-01T09:27:20.020276",
  "elapsed_time": 232.4914312362671
}