{
  "epoch": 6,
  "train_loss": 0.7727153923266973,
  "train_acc": 0.5411840411840412,
  "val_loss": 0.7922462346602459,
  "val_acc": 0.5205831903945112,
  "timestamp": "2025-05-01T09:30:15.016041",
  "elapsed_time": 407.51810598373413
}