{
  "epoch": 5,
  "train_loss": 0.7697662341289031,
  "train_acc": 0.5422565422565423,
  "val_loss": 0.8029922027977145,
  "val_acc": 0.5094339622641509,
  "timestamp": "2025-05-01T09:29:17.186750",
  "elapsed_time": 349.6823797225952
}