{
  "epoch": 12,
  "train_loss": 0.7609591056139041,
  "train_acc": 0.5534105534105535,
  "val_loss": 0.7538357620336571,
  "val_acc": 0.5574614065180102,
  "timestamp": "2025-05-01T09:36:00.882568",
  "elapsed_time": 753.3871099948883
}