{
  "epoch": 0,
  "train_loss": 0.7848954570599092,
  "train_acc": 0.5122265122265123,
  "val_loss": 0.7985437171799796,
  "val_acc": 0.5137221269296741,
  "timestamp": "2025-05-01T09:24:25.278923",
  "elapsed_time": 57.75560021400452
}