{
  "epoch": 7,
  "train_loss": 0.767022973146194,
  "train_acc": 0.546975546975547,
  "val_loss": 0.800816936152322,
  "val_acc": 0.5120068610634648,
  "timestamp": "2025-05-01T09:31:12.889714",
  "elapsed_time": 465.3856272697449
}