{
  "epoch": 19,
  "train_loss": 0.7022557759896303,
  "train_acc": 0.6098241098241098,
  "val_loss": 0.6690381394357098,
  "val_acc": 0.6415094339622641,
  "timestamp": "2025-05-01T09:42:42.321271",
  "elapsed_time": 1154.8217859268188
}