{
  "epoch": 16,
  "train_loss": 0.718416921603374,
  "train_acc": 0.5939510939510939,
  "val_loss": 0.7009891703420755,
  "val_acc": 0.611492281303602,
  "timestamp": "2025-05-01T09:39:49.294661",
  "elapsed_time": 981.7862620353699
}