{
  "epoch": 8,
  "train_loss": 0.781944978542817,
  "train_acc": 0.5313170313170313,
  "val_loss": 0.7706334225985468,
  "val_acc": 0.5411663807890223,
  "timestamp": "2025-05-01T09:32:10.214142",
  "elapsed_time": 522.7185082435608
}