{
  "epoch": 14,
  "train_loss": 0.7523653776217729,
  "train_acc": 0.5607035607035608,
  "val_loss": 0.7166509305944249,
  "val_acc": 0.5951972555746141,
  "timestamp": "2025-05-01T09:37:55.065127",
  "elapsed_time": 867.5663197040558
}