{
  "epoch": 18,
  "train_loss": 0.7130065708588331,
  "train_acc": 0.5990990990990991,
  "val_loss": 0.6754571089939195,
  "val_acc": 0.6355060034305318,
  "timestamp": "2025-05-01T09:41:43.937671",
  "elapsed_time": 1096.443073272705
}