{
  "epoch": 17,
  "train_loss": 0.7157769057995234,
  "train_acc": 0.5967395967395968,
  "val_loss": 0.6936165070047184,
  "val_acc": 0.6166380789022299,
  "timestamp": "2025-05-01T09:40:46.078763",
  "elapsed_time": 1038.5777888298035
}