{
  "epoch": 13,
  "train_loss": 0.7512445333676461,
  "train_acc": 0.5617760617760618,
  "val_loss": 0.7674327808983472,
  "val_acc": 0.5445969125214408,
  "timestamp": "2025-05-01T09:36:58.271883",
  "elapsed_time": 810.7660868167877
}