{
  "epoch": 10,
  "train_loss": 0.7708371021808722,
  "train_acc": 0.5420420420420421,
  "val_loss": 0.8074605635234288,
  "val_acc": 0.5017152658662093,
  "timestamp": "2025-05-01T09:34:05.428714",
  "elapsed_time": 637.9239325523376
}