{
  "train_loss": [
    0.7848954570599092,
    0.7844039562420967,
    0.7799160407139705,
    0.7989624127363547,
    0.7915200490217943,
    0.7697662341289031,
    0.7727153923266973,
    0.767022973146194,
    0.781944978542817,
    0.7710203430591486,
    0.7708371021808722,
    0.7654503458585494,
    0.7609591056139041,
    0.7512445333676461,
    0.7523653776217729,
    0.7387472543960962,
    0.718416921603374,
    0.7157769057995234,
    0.7130065708588331,
    0.7022557759896303
  ],
  "train_acc": [
    0.5122265122265123,
    0.5272415272415273,
    0.5330330330330331,
    0.5152295152295152,
    0.5171600171600171,
    0.5422565422565423,
    0.5411840411840412,
    0.546975546975547,
    0.5313170313170313,
    0.5420420420420421,
    0.5420420420420421,
    0.5480480480480481,
    0.5534105534105535,
    0.5617760617760618,
    0.5607035607035608,
    0.5748605748605748,
    0.5939510939510939,
    0.5967395967395968,
    0.5990990990990991,
    0.6098241098241098
  ],
  "val_loss": [
    0.7985437171799796,
    0.7638515185336677,
    0.8019914955508952,
    0.830695417462563,
    0.8004548744279512,
    0.8029922027977145,
    0.7922462346602459,
    0.800816936152322,
    0.7706334225985468,
    0.7976284732623976,
    0.8074605635234288,
    0.766840787566438,
    0.7538357620336571,
    0.7674327808983472,
    0.7166509305944249,
    0.7088455016515693,
    0.7009891703420755,
    0.6936165070047184,
    0.6754571089939195,
    0.6690381394357098
  ],
  "val_acc": [
    0.5137221269296741,
    0.5497427101200686,
    0.5085763293310464,
    0.48198970840480276,
    0.5120068610634648,
    0.5094339622641509,
    0.5205831903945112,
    0.5120068610634648,
    0.5411663807890223,
    0.5154373927958834,
    0.5017152658662093,
    0.5428816466552315,
    0.5574614065180102,
    0.5445969125214408,
    0.5951972555746141,
    0.6029159519725558,
    0.611492281303602,
    0.6166380789022299,
    0.6355060034305318,
    0.6415094339622641
  ],
  "best_acc": 0.6415094339622641
}