{
  "epoch": 17,
  "train_loss": 0.43427511224379906,
  "train_acc": 0.8957528957528957,
  "val_loss": 0.425809560989847,
  "val_acc": 0.9013722126929674,
  "timestamp": "2025-05-03T10:36:58.996098",
  "elapsed_time": 1761.1343686580658
}