{
  "epoch": 7,
  "train_loss": 0.4636222692636343,
  "train_acc": 0.873015873015873,
  "val_loss": 0.446204274892807,
  "val_acc": 0.8876500857632933,
  "timestamp": "2025-05-03T10:20:40.878309",
  "elapsed_time": 782.9998915195465
}