{
  "epoch": 19,
  "train_loss": 0.43329057097435,
  "train_acc": 0.8953238953238953,
  "val_loss": 0.4251770510965464,
  "val_acc": 0.8927958833619211,
  "timestamp": "2025-05-03T10:40:16.786537",
  "elapsed_time": 1958.8820984363556
}