{
  "epoch": 6,
  "train_loss": 0.4726341213935461,
  "train_acc": 0.8642213642213642,
  "val_loss": 0.45458963209269,
  "val_acc": 0.8739279588336192,
  "timestamp": "2025-05-03T10:19:02.699526",
  "elapsed_time": 684.8409941196442
}