{
  "epoch": 18,
  "train_loss": 0.4324694090928787,
  "train_acc": 0.8993993993993994,
  "val_loss": 0.4250548481941223,
  "val_acc": 0.9013722126929674,
  "timestamp": "2025-05-03T10:38:38.061823",
  "elapsed_time": 1860.1973617076874
}