{
  "epoch": 10,
  "train_loss": 0.44025033452571966,
  "train_acc": 0.8927498927498928,
  "val_loss": 0.43175999364074397,
  "val_acc": 0.8970840480274442,
  "timestamp": "2025-05-03T10:25:33.033660",
  "elapsed_time": 1075.159066438675
}