{
  "epoch": 1,
  "train_loss": 0.5875078722452506,
  "train_acc": 0.8005148005148005,
  "val_loss": 0.5449393732207162,
  "val_acc": 0.8370497427101201,
  "timestamp": "2025-05-03T10:10:53.677979",
  "elapsed_time": 195.7895233631134
}