{
  "epoch": 4,
  "train_loss": 0.4987147510051727,
  "train_acc": 0.8515658515658515,
  "val_loss": 0.4747732810828151,
  "val_acc": 0.8636363636363636,
  "timestamp": "2025-05-03T10:15:47.271739",
  "elapsed_time": 489.3978180885315
}