{
  "epoch": 14,
  "train_loss": 0.43436858241374676,
  "train_acc": 0.898970398970399,
  "val_loss": 0.4270019123748857,
  "val_acc": 0.902229845626072,
  "timestamp": "2025-05-03T10:32:05.511877",
  "elapsed_time": 1467.6211676597595
}