{
  "epoch": 11,
  "train_loss": 0.4373615773824545,
  "train_acc": 0.894036894036894,
  "val_loss": 0.43065856123457147,
  "val_acc": 0.8953687821612349,
  "timestamp": "2025-05-03T10:27:12.368678",
  "elapsed_time": 1174.4833900928497
}