{
  "epoch": 16,
  "train_loss": 0.4354321895501552,
  "train_acc": 0.8981123981123981,
  "val_loss": 0.42665609291621615,
  "val_acc": 0.8996569468267581,
  "timestamp": "2025-05-03T10:35:22.330567",
  "elapsed_time": 1664.4513154029846
}