{
  "epoch": 3,
  "train_loss": 0.5186012874811123,
  "train_acc": 0.8393393393393394,
  "val_loss": 0.49048963736514656,
  "val_acc": 0.8499142367066895,
  "timestamp": "2025-05-03T10:14:10.460234",
  "elapsed_time": 392.5736594200134
}