{
  "epoch": 2,
  "train_loss": 0.5463776024488303,
  "train_acc": 0.8191763191763192,
  "val_loss": 0.5117845462293041,
  "val_acc": 0.8464837049742711,
  "timestamp": "2025-05-03T10:12:32.054795",
  "elapsed_time": 294.1629252433777
}