{
  "epoch": 8,
  "train_loss": 0.45397369448955244,
  "train_acc": 0.8766623766623767,
  "val_loss": 0.4422653268794624,
  "val_acc": 0.8842195540308748,
  "timestamp": "2025-05-03T10:22:18.168390",
  "elapsed_time": 880.2649230957031
}