{
  "epoch": 9,
  "train_loss": 0.4456074784963559,
  "train_acc": 0.8923208923208923,
  "val_loss": 0.4361376896196482,
  "val_acc": 0.8842195540308748,
  "timestamp": "2025-05-03T10:23:55.290363",
  "elapsed_time": 977.4170231819153
}