{
  "epoch": 15,
  "train_loss": 0.43442904276725575,
  "train_acc": 0.8985413985413986,
  "val_loss": 0.4284422355038779,
  "val_acc": 0.8970840480274442,
  "timestamp": "2025-05-03T10:33:43.511471",
  "elapsed_time": 1565.6324558258057
}