{
  "epoch": 5,
  "train_loss": 0.48431096229797754,
  "train_acc": 0.8599313599313599,
  "val_loss": 0.4641575417956527,
  "val_acc": 0.8713550600343053,
  "timestamp": "2025-05-03T10:17:24.983039",
  "elapsed_time": 587.0907845497131
}