{
  "epoch": 12,
  "train_loss": 0.43659452138802946,
  "train_acc": 0.8927498927498928,
  "val_loss": 0.42938785224544757,
  "val_acc": 0.8979416809605489,
  "timestamp": "2025-05-03T10:28:50.054519",
  "elapsed_time": 1272.1767888069153
}