{
  "epoch": 13,
  "train_loss": 0.437304932031876,
  "train_acc": 0.8963963963963963,
  "val_loss": 0.4287938238406668,
  "val_acc": 0.8953687821612349,
  "timestamp": "2025-05-03T10:30:27.797739",
  "elapsed_time": 1369.919064283371
}