{
  "epoch": 0,
  "train_loss": 0.6503216722072699,
  "train_acc": 0.7067782067782068,
  "val_loss": 0.5971636504543071,
  "val_acc": 0.8138936535162951,
  "timestamp": "2025-05-03T10:09:15.651592",
  "elapsed_time": 97.76347637176514
}