{
  "train_loss": [
    0.6503216722072699,
    0.5875078722452506,
    0.5463776024488303,
    0.5186012874811123,
    0.4987147510051727,
    0.48431096229797754,
    0.4726341213935461,
    0.4636222692636343,
    0.45397369448955244,
    0.4456074784963559,
    0.44025033452571966,
    0.4373615773824545,
    0.43659452138802946,
    0.437304932031876,
    0.43436858241374676,
    0.43442904276725575,
    0.4354321895501552,
    0.43427511224379906,
    0.4324694090928787,
    0.43329057097435
  ],
  "train_acc": [
    0.7067782067782068,
    0.8005148005148005,
    0.8191763191763192,
    0.8393393393393394,
    0.8515658515658515,
    0.8599313599313599,
    0.8642213642213642,
    0.873015873015873,
    0.8766623766623767,
    0.8923208923208923,
    0.8927498927498928,
    0.894036894036894,
    0.8927498927498928,
    0.8963963963963963,
    0.898970398970399,
    0.8985413985413986,
    0.8981123981123981,
    0.8957528957528957,
    0.8993993993993994,
    0.8953238953238953
  ],
  "val_loss": [
    0.5971636504543071,
    0.5449393732207162,
    0.5117845462293041,
    0.49048963736514656,
    0.4747732810828151,
    0.4641575417956527,
    0.45458963209269,
    0.446204274892807,
    0.4422653268794624,
    0.4361376896196482,
    0.43175999364074397,
    0.43065856123457147,
    0.42938785224544757,
    0.4287938238406668,
    0.4270019123748857,
    0.4284422355038779,
    0.42665609291621615,
    0.425809560989847,
    0.4250548481941223,
    0.4251770510965464
  ],
  "val_acc": [
    0.8138936535162951,
    0.8370497427101201,
    0.8464837049742711,
    0.8499142367066895,
    0.8636363636363636,
    0.8713550600343053,
    0.8739279588336192,
    0.8876500857632933,
    0.8842195540308748,
    0.8842195540308748,
    0.8970840480274442,
    0.8953687821612349,
    0.8979416809605489,
    0.8953687821612349,
    0.902229845626072,
    0.8970840480274442,
    0.8996569468267581,
    0.9013722126929674,
    0.9013722126929674,
    0.8927958833619211
  ],
  "best_acc": 0.902229845626072
}