{
  "epoch": 3,
  "train_loss": 0.7982614428569109,
  "train_acc": 0.5139425139425139,
  "val_loss": 0.8094348031647352,
  "val_acc": 0.5042881646655232,
  "timestamp": "2025-05-03T07:10:12.831637",
  "elapsed_time": 194.87714099884033
}