{
  "epoch": 12,
  "train_loss": 0.035739341034339026,
  "train_acc": 0.6954096954096954,
  "val_loss": 0.04213139943170304,
  "val_acc": 0.6072041166380789,
  "timestamp": "2025-05-03T07:17:44.782040",
  "elapsed_time": 637.1564152240753
}