{
  "epoch": 6,
  "train_loss": 0.8142814636230469,
  "train_acc": 0.49892749892749894,
  "val_loss": 0.8096174366620122,
  "val_acc": 0.5042881646655232,
  "timestamp": "2025-05-03T07:12:39.749362",
  "elapsed_time": 341.79739928245544
}