{
  "epoch": 17,
  "train_loss": 0.028871125498643287,
  "train_acc": 0.7891462891462891,
  "val_loss": 0.03013782142376413,
  "val_acc": 0.79073756432247,
  "timestamp": "2025-05-03T07:21:48.606093",
  "elapsed_time": 880.9742720127106
}