{
  "epoch": 16,
  "train_loss": 0.029962405562400818,
  "train_acc": 0.7584727584727585,
  "val_loss": 0.04035548223372625,
  "val_acc": 0.5960548885077187,
  "timestamp": "2025-05-03T07:20:58.729359",
  "elapsed_time": 830.994836807251
}