{
  "epoch": 2,
  "train_loss": 0.8113878118686187,
  "train_acc": 0.5025740025740025,
  "val_loss": 0.8096174366620122,
  "val_acc": 0.5042881646655232,
  "timestamp": "2025-05-03T07:09:24.588097",
  "elapsed_time": 146.63700890541077
}