{
  "epoch": 4,
  "train_loss": 0.8158088167508443,
  "train_acc": 0.49785499785499787,
  "val_loss": 0.8096174366620122,
  "val_acc": 0.5042881646655232,
  "timestamp": "2025-05-03T07:11:00.876140",
  "elapsed_time": 242.92118787765503
}