{
  "epoch": 8,
  "train_loss": 0.8169503876796136,
  "train_acc": 0.4944229944229944,
  "val_loss": 0.8169060775211879,
  "val_acc": 0.4957118353344768,
  "timestamp": "2025-05-03T07:14:18.097444",
  "elapsed_time": 440.1380169391632
}