{
  "epoch": 5,
  "train_loss": 0.8182548950880002,
  "train_acc": 0.4946374946374946,
  "val_loss": 0.8096174366620122,
  "val_acc": 0.5042881646655232,
  "timestamp": "2025-05-03T07:11:50.222986",
  "elapsed_time": 292.264732837677
}