{
  "epoch": 9,
  "train_loss": 0.09010938895054353,
  "train_acc": 0.5015015015015015,
  "val_loss": 0.09118459890691602,
  "val_acc": 0.4957118353344768,
  "timestamp": "2025-05-03T07:15:17.029872",
  "elapsed_time": 489.39439511299133
}