{
  "epoch": 1,
  "train_loss": 0.8194511266855093,
  "train_acc": 0.49377949377949376,
  "val_loss": 0.8169060775211879,
  "val_acc": 0.4957118353344768,
  "timestamp": "2025-05-03T07:08:36.392810",
  "elapsed_time": 98.44376063346863
}