{
  "epoch": 11,
  "train_loss": 0.039389622966066386,
  "train_acc": 0.648005148005148,
  "val_loss": 0.04193202573425916,
  "val_acc": 0.5368782161234992,
  "timestamp": "2025-05-03T07:16:55.741139",
  "elapsed_time": 588.1134421825409
}