{
  "epoch": 19,
  "train_loss": 0.025971513432569992,
  "train_acc": 0.8228228228228228,
  "val_loss": 0.029664732173693423,
  "val_acc": 0.7950257289879932,
  "timestamp": "2025-05-03T07:23:26.691510",
  "elapsed_time": 979.0659821033478
}