{
  "epoch": 15,
  "train_loss": 0.031300464215186924,
  "train_acc": 0.7494637494637495,
  "val_loss": 0.034136898093381704,
  "val_acc": 0.7521440823327615,
  "timestamp": "2025-05-03T07:20:10.657913",
  "elapsed_time": 783.0327498912811
}