{
  "epoch": 0,
  "train_loss": 0.8158679387508294,
  "train_acc": 0.49635349635349635,
  "val_loss": 0.8021604564725137,
  "val_acc": 0.5094339622641509,
  "timestamp": "2025-05-03T07:07:47.303715",
  "elapsed_time": 49.35137224197388
}