{
  "epoch": 13,
  "train_loss": 0.03383063999697184,
  "train_acc": 0.711926211926212,
  "val_loss": 0.03631966872786989,
  "val_acc": 0.7289879931389366,
  "timestamp": "2025-05-03T07:18:32.352711",
  "elapsed_time": 684.7306182384491
}