{
  "epoch": 14,
  "train_loss": 0.03277800035400268,
  "train_acc": 0.7318747318747318,
  "val_loss": 0.03769632504910839,
  "val_acc": 0.6209262435677531,
  "timestamp": "2025-05-03T07:19:21.280005",
  "elapsed_time": 733.6479833126068
}