{
  "epoch": 10,
  "train_loss": 0.06362619969325188,
  "train_acc": 0.5501930501930502,
  "val_loss": 0.0432478735337452,
  "val_acc": 0.532590051457976,
  "timestamp": "2025-05-03T07:16:07.107991",
  "elapsed_time": 539.4878754615784
}