{
  "epoch": 18,
  "train_loss": 0.026740568198072606,
  "train_acc": 0.8101673101673101,
  "val_loss": 0.030707033389076894,
  "val_acc": 0.7658662092624356,
  "timestamp": "2025-05-03T07:22:37.660083",
  "elapsed_time": 930.0358912944794
}