{
  "epoch": 7,
  "train_loss": 0.8136891071613018,
  "train_acc": 0.49892749892749894,
  "val_loss": 0.8096174366620122,
  "val_acc": 0.5042881646655232,
  "timestamp": "2025-05-03T07:13:28.789889",
  "elapsed_time": 390.8374297618866
}