{
  "train_loss": [
    0.8158679387508294,
    0.8194511266855093,
    0.8113878118686187,
    0.7982614428569109,
    0.8158088167508443,
    0.8182548950880002,
    0.8142814636230469,
    0.8136891071613018,
    0.8169503876796136,
    0.09010938895054353,
    0.06362619969325188,
    0.039389622966066386,
    0.035739341034339026,
    0.03383063999697184,
    0.03277800035400268,
    0.031300464215186924,
    0.029962405562400818,
    0.028871125498643287,
    0.026740568198072606,
    0.025971513432569992
  ],
  "train_acc": [
    0.49635349635349635,
    0.49377949377949376,
    0.5025740025740025,
    0.5139425139425139,
    0.49785499785499787,
    0.4946374946374946,
    0.49892749892749894,
    0.49892749892749894,
    0.4944229944229944,
    0.5015015015015015,
    0.5501930501930502,
    0.648005148005148,
    0.6954096954096954,
    0.711926211926212,
    0.7318747318747318,
    0.7494637494637495,
    0.7584727584727585,
    0.7891462891462891,
    0.8101673101673101,
    0.8228228228228228
  ],
  "val_loss": [
    0.8021604564725137,
    0.8169060775211879,
    0.8096174366620122,
    0.8094348031647352,
    0.8096174366620122,
    0.8096174366620122,
    0.8096174366620122,
    0.8096174366620122,
    0.8169060775211879,
    0.09118459890691602,
    0.0432478735337452,
    0.04193202573425916,
    0.04213139943170304,
    0.03631966872786989,
    0.03769632504910839,
    0.034136898093381704,
    0.04035548223372625,
    0.03013782142376413,
    0.030707033389076894,
    0.029664732173693423
  ],
  "val_acc": [
    0.5094339622641509,
    0.4957118353344768,
    0.5042881646655232,
    0.5042881646655232,
    0.5042881646655232,
    0.5042881646655232,
    0.5042881646655232,
    0.5042881646655232,
    0.4957118353344768,
    0.4957118353344768,
    0.532590051457976,
    0.5368782161234992,
    0.6072041166380789,
    0.7289879931389366,
    0.6209262435677531,
    0.7521440823327615,
    0.5960548885077187,
    0.79073756432247,
    0.7658662092624356,
    0.7950257289879932
  ],
  "best_acc": 0.7950257289879932
}