{
  "epoch": 1,
  "train_loss": 0.8143301266890306,
  "train_acc": 0.49892749892749894,
  "val_loss": 0.8096174366620122,
  "val_acc": 0.5042881646655232,
  "timestamp": "2025-05-01T06:06:22.660490",
  "elapsed_time": 105.57345747947693
}