{
  "epoch": 6,
  "train_loss": 0.8149711535527155,
  "train_acc": 0.49892749892749894,
  "val_loss": 0.8096174366620122,
  "val_acc": 0.5042881646655232,
  "timestamp": "2025-05-01T06:10:57.465721",
  "elapsed_time": 380.32361125946045
}