{
  "epoch": 5,
  "train_loss": 0.8143301334136571,
  "train_acc": 0.49892749892749894,
  "val_loss": 0.8096174366620122,
  "val_acc": 0.5042881646655232,
  "timestamp": "2025-05-01T06:10:05.108189",
  "elapsed_time": 327.9544003009796
}