{
  "epoch": 12,
  "train_loss": 0.09074721582807027,
  "train_acc": 0.49892749892749894,
  "val_loss": 0.08994698957825194,
  "val_acc": 0.5042881646655232,
  "timestamp": "2025-05-01T06:17:49.467713",
  "elapsed_time": 780.8306519985199
}