{
  "epoch": 0,
  "train_loss": 0.8148502016678835,
  "train_acc": 0.49871299871299873,
  "val_loss": 0.8096174366620122,
  "val_acc": 0.5042881646655232,
  "timestamp": "2025-05-01T06:05:29.280496",
  "elapsed_time": 52.17609620094299
}