{
  "epoch": 3,
  "train_loss": 0.8130480786164601,
  "train_acc": 0.49892749892749894,
  "val_loss": 0.8096174038186366,
  "val_acc": 0.5042881646655232,
  "timestamp": "2025-05-01T06:08:16.278573",
  "elapsed_time": 219.1567521095276
}