{
  "epoch": 10,
  "train_loss": 0.09085606397726596,
  "train_acc": 0.49892749892749894,
  "val_loss": 0.08994698957825194,
  "val_acc": 0.5042881646655232,
  "timestamp": "2025-05-01T06:15:25.188527",
  "elapsed_time": 636.492048740387
}