{
  "epoch": 9,
  "train_loss": 0.09063836851945291,
  "train_acc": 0.49892749892749894,
  "val_loss": 0.08994698957825194,
  "val_acc": 0.5042881646655232,
  "timestamp": "2025-05-01T06:14:12.260256",
  "elapsed_time": 563.5545909404755
}