{
  "epoch": 13,
  "train_loss": 0.0908560641683065,
  "train_acc": 0.49892749892749894,
  "val_loss": 0.08994698957825194,
  "val_acc": 0.5042881646655232,
  "timestamp": "2025-05-01T06:18:59.167886",
  "elapsed_time": 850.5510411262512
}