{
  "epoch": 15,
  "train_loss": 0.8146293044090271,
  "train_acc": 0.49892749892749894,
  "val_loss": 0.8103463309151786,
  "val_acc": 0.5042881646655232,
  "timestamp": "2025-05-01T06:21:31.092980",
  "elapsed_time": 988.5321242809296
}