{
  "epoch": 16,
  "train_loss": 0.8130480746428171,
  "train_acc": 0.49892749892749894,
  "val_loss": 0.8096174366620122,
  "val_acc": 0.5042881646655232,
  "timestamp": "2025-05-01T06:22:52.348854",
  "elapsed_time": 1055.6007840633392
}