{
  "epoch": 7,
  "train_loss": 0.8156121791937412,
  "train_acc": 0.49892749892749894,
  "val_loss": 0.8096174366620122,
  "val_acc": 0.5042881646655232,
  "timestamp": "2025-05-01T06:11:53.299399",
  "elapsed_time": 436.1741499900818
}