{
  "epoch": 2,
  "train_loss": 0.8136891063971398,
  "train_acc": 0.49892749892749894,
  "val_loss": 0.8096174366620122,
  "val_acc": 0.5042881646655232,
  "timestamp": "2025-05-01T06:07:18.086145",
  "elapsed_time": 160.97701835632324
}