{
  "epoch": 11,
  "train_loss": 0.09085606363339302,
  "train_acc": 0.49892749892749894,
  "val_loss": 0.08994698957825194,
  "val_acc": 0.5042881646655232,
  "timestamp": "2025-05-01T06:16:38.571807",
  "elapsed_time": 709.8609220981598
}