{
  "epoch": 8,
  "train_loss": 0.8156121840843787,
  "train_acc": 0.49892749892749894,
  "val_loss": 0.8096174366620122,
  "val_acc": 0.5042881646655232,
  "timestamp": "2025-05-01T06:12:51.719154",
  "elapsed_time": 494.6000392436981
}