{
  "epoch": 4,
  "train_loss": 0.811050713673616,
  "train_acc": 0.5017160017160017,
  "val_loss": 0.8096174366620122,
  "val_acc": 0.5042881646655232,
  "timestamp": "2025-05-01T06:09:11.459802",
  "elapsed_time": 274.35655903816223
}