{
  "train_loss": [
    0.8148502016678835,
    0.8143301266890306,
    0.8136891063971398,
    0.8130480786164601,
    0.811050713673616,
    0.8143301334136571,
    0.8149711535527155,
    0.8156121791937412,
    0.8156121840843787,
    0.09063836851945291,
    0.09085606397726596,
    0.09085606363339302,
    0.09074721582807027,
    0.0908560641683065,
    0.09063836899705423,
    0.8146293044090271,
    0.8130480746428171
  ],
  "train_acc": [
    0.49871299871299873,
    0.49892749892749894,
    0.49892749892749894,
    0.49892749892749894,
    0.5017160017160017,
    0.49892749892749894,
    0.49892749892749894,
    0.49892749892749894,
    0.49892749892749894,
    0.49892749892749894,
    0.49892749892749894,
    0.49892749892749894,
    0.49892749892749894,
    0.49892749892749894,
    0.49892749892749894,
    0.49892749892749894,
    0.49892749892749894
  ],
  "val_loss": [
    0.8096174366620122,
    0.8096174366620122,
    0.8096174366620122,
    0.8096174038186366,
    0.8096174366620122,
    0.8096174366620122,
    0.8096174366620122,
    0.8096174366620122,
    0.8096174366620122,
    0.08994698957825194,
    0.08994698957825194,
    0.08994698957825194,
    0.08994698957825194,
    0.08994698957825194,
    0.08994698957825194,
    0.8103463309151786,
    0.8096174366620122
  ],
  "val_acc": [
    0.5042881646655232,
    0.5042881646655232,
    0.5042881646655232,
    0.5042881646655232,
    0.5042881646655232,
    0.5042881646655232,
    0.5042881646655232,
    0.5042881646655232,
    0.5042881646655232,
    0.5042881646655232,
    0.5042881646655232,
    0.5042881646655232,
    0.5042881646655232,
    0.5042881646655232,
    0.5042881646655232,
    0.5042881646655232,
    0.5042881646655232
  ],
  "best_acc": 0.5042881646655232
}