{
  "epoch": 2,
  "train_loss": 0.4493858288495969,
  "train_acc": 0.8809523809523809,
  "val_loss": 0.42899972686962207,
  "val_acc": 0.902229845626072,
  "timestamp": "2025-05-03T06:32:14.235191",
  "elapsed_time": 147.54875421524048
}