{
  "epoch": 6,
  "train_loss": 0.36027356875248445,
  "train_acc": 0.9628914628914629,
  "val_loss": 0.3601076913123228,
  "val_acc": 0.9622641509433962,
  "timestamp": "2025-05-03T06:35:30.657549",
  "elapsed_time": 343.96771121025085
}