{
  "epoch": 19,
  "train_loss": 0.33443090548882115,
  "train_acc": 0.9834834834834835,
  "val_loss": 0.33886262409541074,
  "val_acc": 0.9759862778730704,
  "timestamp": "2025-05-03T06:46:24.348284",
  "elapsed_time": 997.6604423522949
}