{
  "epoch": 0,
  "train_loss": 0.6135692361073616,
  "train_acc": 0.7136422136422137,
  "val_loss": 0.5515850873626008,
  "val_acc": 0.8001715265866209,
  "timestamp": "2025-05-03T06:30:36.077475",
  "elapsed_time": 49.38858890533447
}