{
  "epoch": 12,
  "train_loss": 0.3372953148988577,
  "train_acc": 0.9819819819819819,
  "val_loss": 0.34218187052376414,
  "val_acc": 0.9725557461406518,
  "timestamp": "2025-05-03T06:40:29.810239",
  "elapsed_time": 643.1246380805969
}