{
  "epoch": 10,
  "train_loss": 0.3362307242858104,
  "train_acc": 0.9824109824109825,
  "val_loss": 0.3433507151749669,
  "val_acc": 0.967409948542024,
  "timestamp": "2025-05-03T06:38:49.893442",
  "elapsed_time": 543.2042360305786
}