{
  "epoch": 15,
  "train_loss": 0.333540254067152,
  "train_acc": 0.9856284856284856,
  "val_loss": 0.3392323754271682,
  "val_acc": 0.9742710120068611,
  "timestamp": "2025-05-03T06:43:02.024910",
  "elapsed_time": 795.3334515094757
}