{
  "epoch": 3,
  "train_loss": 0.4158869709724035,
  "train_acc": 0.9096954096954097,
  "val_loss": 0.4023887892158664,
  "val_acc": 0.9193825042881647,
  "timestamp": "2025-05-03T06:33:03.022209",
  "elapsed_time": 196.3353099822998
}