{
  "epoch": 16,
  "train_loss": 0.33341545493174823,
  "train_acc": 0.9860574860574861,
  "val_loss": 0.3399971230905883,
  "val_acc": 0.9734133790737565,
  "timestamp": "2025-05-03T06:43:53.156660",
  "elapsed_time": 846.4639143943787
}