{
  "epoch": 7,
  "train_loss": 0.35239499715658334,
  "train_acc": 0.9686829686829687,
  "val_loss": 0.35467190888463235,
  "val_acc": 0.9631217838765008,
  "timestamp": "2025-05-03T06:36:21.425214",
  "elapsed_time": 394.7357623577118
}