{
  "epoch": 17,
  "train_loss": 0.33191631268232297,
  "train_acc": 0.9869154869154869,
  "val_loss": 0.33769527260138066,
  "val_acc": 0.9759862778730704,
  "timestamp": "2025-05-03T06:44:44.642426",
  "elapsed_time": 897.9517104625702
}