{
  "epoch": 1,
  "train_loss": 0.5073820352554321,
  "train_acc": 0.8299013299013299,
  "val_loss": 0.47302541866594433,
  "val_acc": 0.8610634648370498,
  "timestamp": "2025-05-03T06:31:25.346771",
  "elapsed_time": 98.66043758392334
}