{
  "epoch": 13,
  "train_loss": 0.335525150788136,
  "train_acc": 0.9841269841269841,
  "val_loss": 0.34345356055668425,
  "val_acc": 0.9682675814751286,
  "timestamp": "2025-05-03T06:41:20.506843",
  "elapsed_time": 693.8090085983276
}