{
  "epoch": 5,
  "train_loss": 0.3743373329822834,
  "train_acc": 0.9510939510939511,
  "val_loss": 0.37114995292254854,
  "val_acc": 0.9485420240137221,
  "timestamp": "2025-05-03T06:34:40.370803",
  "elapsed_time": 293.6807429790497
}