{
  "epoch": 18,
  "train_loss": 0.33306519557268194,
  "train_acc": 0.9851994851994852,
  "val_loss": 0.3392393655922948,
  "val_acc": 0.9751286449399656,
  "timestamp": "2025-05-03T06:45:34.086842",
  "elapsed_time": 947.3969566822052
}