{
  "epoch": 8,
  "train_loss": 0.347970216243695,
  "train_acc": 0.972972972972973,
  "val_loss": 0.3471589392545272,
  "val_acc": 0.9665523156089194,
  "timestamp": "2025-05-03T06:37:10.551343",
  "elapsed_time": 443.8652243614197
}