{
  "epoch": 4,
  "train_loss": 0.3921526748400468,
  "train_acc": 0.9345774345774346,
  "val_loss": 0.3837489163389011,
  "val_acc": 0.9468267581475128,
  "timestamp": "2025-05-03T06:33:50.915620",
  "elapsed_time": 244.22981929779053
}