{
  "epoch": 14,
  "train_loss": 0.33454021964317715,
  "train_acc": 0.9841269841269841,
  "val_loss": 0.3391910736658135,
  "val_acc": 0.9742710120068611,
  "timestamp": "2025-05-03T06:42:10.705007",
  "elapsed_time": 744.0158596038818
}