{
  "epoch": 9,
  "train_loss": 0.34039477629539294,
  "train_acc": 0.9813384813384813,
  "val_loss": 0.34452645815148647,
  "val_acc": 0.9725557461406518,
  "timestamp": "2025-05-03T06:38:00.098167",
  "elapsed_time": 493.4075562953949
}