{
  "epoch": 11,
  "train_loss": 0.3365235576262841,
  "train_acc": 0.9811239811239811,
  "val_loss": 0.3426083806826144,
  "val_acc": 0.9708404802744426,
  "timestamp": "2025-05-03T06:39:39.504241",
  "elapsed_time": 592.8148770332336
}