{
  "train_loss": [
    0.6135692361073616,
    0.5073820352554321,
    0.4493858288495969,
    0.4158869709724035,
    0.3921526748400468,
    0.3743373329822834,
    0.36027356875248445,
    0.35239499715658334,
    0.347970216243695,
    0.34039477629539294,
    0.3362307242858104,
    0.3365235576262841,
    0.3372953148988577,
    0.335525150788136,
    0.33454021964317715,
    0.333540254067152,
    0.33341545493174823,
    0.33191631268232297,
    0.33306519557268194,
    0.33443090548882115
  ],
  "train_acc": [
    0.7136422136422137,
    0.8299013299013299,
    0.8809523809523809,
    0.9096954096954097,
    0.9345774345774346,
    0.9510939510939511,
    0.9628914628914629,
    0.9686829686829687,
    0.972972972972973,
    0.9813384813384813,
    0.9824109824109825,
    0.9811239811239811,
    0.9819819819819819,
    0.9841269841269841,
    0.9841269841269841,
    0.9856284856284856,
    0.9860574860574861,
    0.9869154869154869,
    0.9851994851994852,
    0.9834834834834835
  ],
  "val_loss": [
    0.5515850873626008,
    0.47302541866594433,
    0.42899972686962207,
    0.4023887892158664,
    0.3837489163389011,
    0.37114995292254854,
    0.3601076913123228,
    0.35467190888463235,
    0.3471589392545272,
    0.34452645815148647,
    0.3433507151749669,
    0.3426083806826144,
    0.34218187052376414,
    0.34345356055668425,
    0.3391910736658135,
    0.3392323754271682,
    0.3399971230905883,
    0.33769527260138066,
    0.3392393655922948,
    0.33886262409541074
  ],
  "val_acc": [
    0.8001715265866209,
    0.8610634648370498,
    0.902229845626072,
    0.9193825042881647,
    0.9468267581475128,
    0.9485420240137221,
    0.9622641509433962,
    0.9631217838765008,
    0.9665523156089194,
    0.9725557461406518,
    0.967409948542024,
    0.9708404802744426,
    0.9725557461406518,
    0.9682675814751286,
    0.9742710120068611,
    0.9742710120068611,
    0.9734133790737565,
    0.9759862778730704,
    0.9751286449399656,
    0.9759862778730704
  ],
  "best_acc": 0.9759862778730704
}