{
  "epoch": 11,
  "train_loss": 0.5449594516020555,
  "train_acc": 0.7518232518232518,
  "val_loss": 0.538178202449059,
  "val_acc": 0.7452830188679245,
  "timestamp": "2025-05-01T00:50:40.728013",
  "elapsed_time": 605.7108218669891
}