{
  "epoch": 9,
  "train_loss": 0.5742836625148089,
  "train_acc": 0.7087087087087087,
  "val_loss": 0.5561933255925471,
  "val_acc": 0.7392795883361921,
  "timestamp": "2025-05-01T00:48:59.256448",
  "elapsed_time": 504.23007822036743
}