{
  "epoch": 5,
  "train_loss": 0.6038664920207781,
  "train_acc": 0.6825396825396826,
  "val_loss": 0.5836183909250765,
  "val_acc": 0.7238421955403087,
  "timestamp": "2025-05-01T00:45:37.098959",
  "elapsed_time": 302.07281470298767
}