{
  "epoch": 15,
  "train_loss": 0.5078633994628221,
  "train_acc": 0.7968682968682969,
  "val_loss": 0.5022448964264928,
  "val_acc": 0.8027444253859348,
  "timestamp": "2025-05-01T00:54:03.527778",
  "elapsed_time": 808.4989330768585
}