{
  "epoch": 1,
  "train_loss": 0.6888483400528248,
  "train_acc": 0.5727155727155727,
  "val_loss": 0.7099508837777742,
  "val_acc": 0.4957118353344768,
  "timestamp": "2025-05-01T00:42:15.489284",
  "elapsed_time": 100.46406769752502
}