{
  "epoch": 2,
  "train_loss": 0.6717822090173379,
  "train_acc": 0.5903045903045903,
  "val_loss": 0.6785336818013873,
  "val_acc": 0.5471698113207547,
  "timestamp": "2025-05-01T00:43:05.904000",
  "elapsed_time": 150.87652134895325
}