{
  "epoch": 7,
  "train_loss": 0.5842073338154035,
  "train_acc": 0.7065637065637066,
  "val_loss": 0.6369119177059251,
  "val_acc": 0.6372212692967409,
  "timestamp": "2025-05-01T00:47:18.356607",
  "elapsed_time": 403.29805088043213
}