{
  "epoch": 16,
  "train_loss": 0.5031505294335195,
  "train_acc": 0.8052338052338053,
  "val_loss": 0.5029551727431161,
  "val_acc": 0.8036020583190394,
  "timestamp": "2025-05-01T00:54:54.332805",
  "elapsed_time": 859.3084607124329
}