{
  "epoch": 19,
  "train_loss": 0.4867605301050039,
  "train_acc": 0.8221793221793222,
  "val_loss": 0.4777394277708871,
  "val_acc": 0.8301886792452831,
  "timestamp": "2025-05-01T00:57:26.688430",
  "elapsed_time": 1011.6614425182343
}