{
  "epoch": 8,
  "train_loss": 0.5794781995125305,
  "train_acc": 0.7044187044187045,
  "val_loss": 0.6296710597009075,
  "val_acc": 0.6672384219554031,
  "timestamp": "2025-05-01T00:48:08.976136",
  "elapsed_time": 453.9185347557068
}