{
  "epoch": 12,
  "train_loss": 0.5372959002470359,
  "train_acc": 0.7563277563277563,
  "val_loss": 0.5306491213185447,
  "val_acc": 0.7632933104631218,
  "timestamp": "2025-05-01T00:51:30.907561",
  "elapsed_time": 655.8832213878632
}