{
  "epoch": 17,
  "train_loss": 0.4977992708866413,
  "train_acc": 0.8073788073788074,
  "val_loss": 0.4913265790258135,
  "val_acc": 0.8198970840480274,
  "timestamp": "2025-05-01T00:55:45.191240",
  "elapsed_time": 910.1632070541382
}