{
  "epoch": 0,
  "train_loss": 0.6947354087462791,
  "train_acc": 0.53003003003003,
  "val_loss": 0.6957597270303842,
  "val_acc": 0.49656946826758147,
  "timestamp": "2025-05-01T00:41:24.977697",
  "elapsed_time": 49.92225527763367
}