{
  "epoch": 10,
  "train_loss": 0.5578253937073243,
  "train_acc": 0.7316602316602316,
  "val_loss": 0.5448005990106233,
  "val_acc": 0.7444253859348199,
  "timestamp": "2025-05-01T00:49:49.842445",
  "elapsed_time": 554.808798789978
}