{
  "epoch": 14,
  "train_loss": 0.5157491376766792,
  "train_acc": 0.788073788073788,
  "val_loss": 0.5076380712645394,
  "val_acc": 0.7967409948542024,
  "timestamp": "2025-05-01T00:53:12.517805",
  "elapsed_time": 757.4909009933472
}