{
  "epoch": 13,
  "train_loss": 0.5278233175094311,
  "train_acc": 0.7700557700557701,
  "val_loss": 0.5230780833837937,
  "val_acc": 0.7770154373927959,
  "timestamp": "2025-05-01T00:52:21.396742",
  "elapsed_time": 706.3720564842224
}