{
  "epoch": 6,
  "train_loss": 0.5934905348679959,
  "train_acc": 0.6975546975546976,
  "val_loss": 0.5973863212429747,
  "val_acc": 0.6998284734133791,
  "timestamp": "2025-05-01T00:46:27.792037",
  "elapsed_time": 352.76939964294434
}