{
  "epoch": 4,
  "train_loss": 0.6372006456057231,
  "train_acc": 0.6357786357786358,
  "val_loss": 0.5970693905742801,
  "val_acc": 0.6921097770154374,
  "timestamp": "2025-05-01T00:44:46.659645",
  "elapsed_time": 251.63532376289368
}