{
  "epoch": 18,
  "train_loss": 0.4903747694614606,
  "train_acc": 0.814028314028314,
  "val_loss": 0.4821747827286623,
  "val_acc": 0.823327615780446,
  "timestamp": "2025-05-01T00:56:35.967456",
  "elapsed_time": 960.929612159729
}