{
  "epoch": 3,
  "train_loss": 0.6765703717867534,
  "train_acc": 0.5845130845130845,
  "val_loss": 0.6955827231309852,
  "val_acc": 0.5128644939965694,
  "timestamp": "2025-05-01T00:43:56.278164",
  "elapsed_time": 201.25204920768738
}