{
  "train_loss": [
    0.6947354087462791,
    0.6888483400528248,
    0.6717822090173379,
    0.6765703717867534,
    0.6372006456057231,
    0.6038664920207781,
    0.5934905348679959,
    0.5842073338154035,
    0.5794781995125305,
    0.5742836625148089,
    0.5578253937073243,
    0.5449594516020555,
    0.5372959002470359,
    0.5278233175094311,
    0.5157491376766792,
    0.5078633994628221,
    0.5031505294335195,
    0.4977992708866413,
    0.4903747694614606,
    0.4867605301050039
  ],
  "train_acc": [
    0.53003003003003,
    0.5727155727155727,
    0.5903045903045903,
    0.5845130845130845,
    0.6357786357786358,
    0.6825396825396826,
    0.6975546975546976,
    0.7065637065637066,
    0.7044187044187045,
    0.7087087087087087,
    0.7316602316602316,
    0.7518232518232518,
    0.7563277563277563,
    0.7700557700557701,
    0.788073788073788,
    0.7968682968682969,
    0.8052338052338053,
    0.8073788073788074,
    0.814028314028314,
    0.8221793221793222
  ],
  "val_loss": [
    0.6957597270303842,
    0.7099508837777742,
    0.6785336818013873,
    0.6955827231309852,
    0.5970693905742801,
    0.5836183909250765,
    0.5973863212429747,
    0.6369119177059251,
    0.6296710597009075,
    0.5561933255925471,
    0.5448005990106233,
    0.538178202449059,
    0.5306491213185447,
    0.5230780833837937,
    0.5076380712645394,
    0.5022448964264928,
    0.5029551727431161,
    0.4913265790258135,
    0.4821747827286623,
    0.4777394277708871
  ],
  "val_acc": [
    0.49656946826758147,
    0.4957118353344768,
    0.5471698113207547,
    0.5128644939965694,
    0.6921097770154374,
    0.7238421955403087,
    0.6998284734133791,
    0.6372212692967409,
    0.6672384219554031,
    0.7392795883361921,
    0.7444253859348199,
    0.7452830188679245,
    0.7632933104631218,
    0.7770154373927959,
    0.7967409948542024,
    0.8027444253859348,
    0.8036020583190394,
    0.8198970840480274,
    0.823327615780446,
    0.8301886792452831
  ],
  "best_acc": 0.8301886792452831
}