{
  "epoch": 6,
  "train_loss": 0.3236525514186957,
  "train_acc": 0.9901329901329902,
  "val_loss": 0.3401823542555984,
  "val_acc": 0.9708404802744426,
  "timestamp": "2025-04-30T23:48:58.193960",
  "elapsed_time": 384.3586962223053
}