{
  "epoch": 16,
  "train_loss": 0.31546347110699385,
  "train_acc": 0.9978549978549979,
  "val_loss": 0.3287580621485807,
  "val_acc": 0.9845626072041166,
  "timestamp": "2025-04-30T23:58:08.146526",
  "elapsed_time": 934.3137218952179
}