{
  "epoch": 19,
  "train_loss": 0.3155746447734344,
  "train_acc": 0.9976404976404977,
  "val_loss": 0.32639522820102923,
  "val_acc": 0.9879931389365352,
  "timestamp": "2025-05-01T00:00:53.005279",
  "elapsed_time": 1099.1870636940002
}