{
  "epoch": 17,
  "train_loss": 0.3148458911822392,
  "train_acc": 0.9987129987129987,
  "val_loss": 0.32805714436939787,
  "val_acc": 0.9845626072041166,
  "timestamp": "2025-04-30T23:59:03.250436",
  "elapsed_time": 989.4162805080414
}