{
  "epoch": 13,
  "train_loss": 0.317224243359688,
  "train_acc": 0.9965679965679966,
  "val_loss": 0.32660912494270167,
  "val_acc": 0.9862778730703259,
  "timestamp": "2025-04-30T23:55:22.942043",
  "elapsed_time": 769.1151106357574
}