{
  "epoch": 9,
  "train_loss": 0.3232766023048988,
  "train_acc": 0.9907764907764908,
  "val_loss": 0.33588190650453376,
  "val_acc": 0.9734133790737565,
  "timestamp": "2025-04-30T23:51:42.963640",
  "elapsed_time": 549.1410946846008
}