{
  "epoch": 7,
  "train_loss": 0.3232286193431952,
  "train_acc": 0.9905619905619906,
  "val_loss": 0.3368074595928192,
  "val_acc": 0.9751286449399656,
  "timestamp": "2025-04-30T23:49:53.136314",
  "elapsed_time": 439.31283497810364
}