{
  "epoch": 5,
  "train_loss": 0.3291088701822819,
  "train_acc": 0.9847704847704848,
  "val_loss": 0.3373064635967722,
  "val_acc": 0.9759862778730704,
  "timestamp": "2025-04-30T23:48:02.972171",
  "elapsed_time": 329.14087295532227
}