{
  "epoch": 0,
  "train_loss": 0.459885839621226,
  "train_acc": 0.8545688545688546,
  "val_loss": 0.38278061638073047,
  "val_acc": 0.9313893653516295,
  "timestamp": "2025-04-30T23:43:28.372008",
  "elapsed_time": 54.53843903541565
}