{
  "epoch": 14,
  "train_loss": 0.3155402423479618,
  "train_acc": 0.9980694980694981,
  "val_loss": 0.32749783384556674,
  "val_acc": 0.9845626072041166,
  "timestamp": "2025-04-30T23:56:18.431901",
  "elapsed_time": 824.6083798408508
}