{
  "epoch": 15,
  "train_loss": 0.3157134934877738,
  "train_acc": 0.9980694980694981,
  "val_loss": 0.3259715675091257,
  "val_acc": 0.9871355060034306,
  "timestamp": "2025-04-30T23:57:13.530517",
  "elapsed_time": 879.7108652591705
}