{
  "epoch": 1,
  "train_loss": 0.3591554601987203,
  "train_acc": 0.9566709566709567,
  "val_loss": 0.3445524007690196,
  "val_acc": 0.9699828473413379,
  "timestamp": "2025-04-30T23:44:23.446441",
  "elapsed_time": 109.62387800216675
}