{
  "epoch": 8,
  "train_loss": 0.3238732153024429,
  "train_acc": 0.9897039897039897,
  "val_loss": 0.34112962228911264,
  "val_acc": 0.9699828473413379,
  "timestamp": "2025-04-30T23:50:48.005750",
  "elapsed_time": 494.1589379310608
}