{
  "epoch": 18,
  "train_loss": 0.3155162751674652,
  "train_acc": 0.9982839982839983,
  "val_loss": 0.3264344711692966,
  "val_acc": 0.9879931389365352,
  "timestamp": "2025-04-30T23:59:57.786825",
  "elapsed_time": 1043.966063261032
}