{
  "epoch": 10,
  "train_loss": 0.32066638469696046,
  "train_acc": 0.9924924924924925,
  "val_loss": 0.3344475541796003,
  "val_acc": 0.9777015437392796,
  "timestamp": "2025-04-30T23:52:37.818675",
  "elapsed_time": 603.9946727752686
}