{
  "epoch": 2,
  "train_loss": 0.34451206479317104,
  "train_acc": 0.9693264693264694,
  "val_loss": 0.3484239553918644,
  "val_acc": 0.9665523156089194,
  "timestamp": "2025-04-30T23:45:18.272847",
  "elapsed_time": 164.444415807724
}