{
  "epoch": 4,
  "train_loss": 0.33319112520951494,
  "train_acc": 0.9796224796224796,
  "val_loss": 0.3424633376452388,
  "val_acc": 0.9699828473413379,
  "timestamp": "2025-04-30T23:47:08.063180",
  "elapsed_time": 274.23794412612915
}