{
  "epoch": 3,
  "train_loss": 0.33687644402186073,
  "train_acc": 0.9768339768339769,
  "val_loss": 0.33971737355602033,
  "val_acc": 0.9734133790737565,
  "timestamp": "2025-04-30T23:46:13.279022",
  "elapsed_time": 219.4606111049652
}