{
  "epoch": 11,
  "train_loss": 0.31922465899051766,
  "train_acc": 0.993993993993994,
  "val_loss": 0.3283657699215169,
  "val_acc": 0.983704974271012,
  "timestamp": "2025-04-30T23:53:32.826236",
  "elapsed_time": 659.0014247894287
}