{
  "epoch": 12,
  "train_loss": 0.3168665930246696,
  "train_acc": 0.996996996996997,
  "val_loss": 0.32914404479824766,
  "val_acc": 0.983704974271012,
  "timestamp": "2025-04-30T23:54:28.082034",
  "elapsed_time": 714.2581303119659
}