{
  "train_loss": [
    0.459885839621226,
    0.3591554601987203,
    0.34451206479317104,
    0.33687644402186073,
    0.33319112520951494,
    0.3291088701822819,
    0.3236525514186957,
    0.3232286193431952,
    0.3238732153024429,
    0.3232766023048988,
    0.32066638469696046,
    0.31922465899051766,
    0.3168665930246696,
    0.317224243359688,
    0.3155402423479618,
    0.3157134934877738,
    0.31546347110699385,
    0.3148458911822392,
    0.3155162751674652,
    0.3155746447734344
  ],
  "train_acc": [
    0.8545688545688546,
    0.9566709566709567,
    0.9693264693264694,
    0.9768339768339769,
    0.9796224796224796,
    0.9847704847704848,
    0.9901329901329902,
    0.9905619905619906,
    0.9897039897039897,
    0.9907764907764908,
    0.9924924924924925,
    0.993993993993994,
    0.996996996996997,
    0.9965679965679966,
    0.9980694980694981,
    0.9980694980694981,
    0.9978549978549979,
    0.9987129987129987,
    0.9982839982839983,
    0.9976404976404977
  ],
  "val_loss": [
    0.38278061638073047,
    0.3445524007690196,
    0.3484239553918644,
    0.33971737355602033,
    0.3424633376452388,
    0.3373064635967722,
    0.3401823542555984,
    0.3368074595928192,
    0.34112962228911264,
    0.33588190650453376,
    0.3344475541796003,
    0.3283657699215169,
    0.32914404479824766,
    0.32660912494270167,
    0.32749783384556674,
    0.3259715675091257,
    0.3287580621485807,
    0.32805714436939787,
    0.3264344711692966,
    0.32639522820102923
  ],
  "val_acc": [
    0.9313893653516295,
    0.9699828473413379,
    0.9665523156089194,
    0.9734133790737565,
    0.9699828473413379,
    0.9759862778730704,
    0.9708404802744426,
    0.9751286449399656,
    0.9699828473413379,
    0.9734133790737565,
    0.9777015437392796,
    0.983704974271012,
    0.983704974271012,
    0.9862778730703259,
    0.9845626072041166,
    0.9871355060034306,
    0.9845626072041166,
    0.9845626072041166,
    0.9879931389365352,
    0.9879931389365352
  ],
  "best_acc": 0.9879931389365352
}