{
  "epoch": 9,
  "train_loss": 0.04332066336885477,
  "train_acc": 0.5042900042900043,
  "val_loss": 0.043327560686335274,
  "val_acc": 0.4957118353344768,
  "timestamp": "2025-05-03T11:29:57.329100",
  "elapsed_time": 1004.1360867023468
}