{
  "epoch": 12,
  "train_loss": 0.043323451108657395,
  "train_acc": 0.5,
  "val_loss": 0.043325748294591904,
  "val_acc": 0.4957118353344768,
  "timestamp": "2025-05-03T11:34:56.419178",
  "elapsed_time": 1303.2582051753998
}