{
  "epoch": 13,
  "train_loss": 0.0433256521821022,
  "train_acc": 0.4972114972114972,
  "val_loss": 0.043325290768122186,
  "val_acc": 0.4957118353344768,
  "timestamp": "2025-05-03T11:36:36.957274",
  "elapsed_time": 1403.800420999527
}