{
  "epoch": 1,
  "train_loss": 0.6941643500939394,
  "train_acc": 0.5,
  "val_loss": 0.6932826431430116,
  "val_acc": 0.5042881646655232,
  "timestamp": "2025-05-03T11:16:17.751774",
  "elapsed_time": 198.59063696861267
}