{
  "epoch": 2,
  "train_loss": 0.6939531112328554,
  "train_acc": 0.48155298155298154,
  "val_loss": 0.6931362225084888,
  "val_acc": 0.4957118353344768,
  "timestamp": "2025-05-03T11:17:58.635780",
  "elapsed_time": 299.47398114204407
}