{
  "epoch": 8,
  "train_loss": 0.043373662577225615,
  "train_acc": 0.4864864864864865,
  "val_loss": 0.04332198065762617,
  "val_acc": 0.4957118353344768,
  "timestamp": "2025-05-03T11:28:17.915768",
  "elapsed_time": 904.7414638996124
}