{
  "epoch": 0,
  "train_loss": 0.7059482036492764,
  "train_acc": 0.4974259974259974,
  "val_loss": 0.6931849024733718,
  "val_acc": 0.4957118353344768,
  "timestamp": "2025-05-03T11:14:37.495519",
  "elapsed_time": 98.3312246799469
}