{
  "epoch": 5,
  "train_loss": 0.6935701761490259,
  "train_acc": 0.5117975117975118,
  "val_loss": 0.6934932774426986,
  "val_acc": 0.4957118353344768,
  "timestamp": "2025-05-03T11:23:02.475530",
  "elapsed_time": 603.3190774917603
}