{
  "epoch": 6,
  "train_loss": 0.6937420074756329,
  "train_acc": 0.5148005148005148,
  "val_loss": 0.694672023763462,
  "val_acc": 0.5042881646655232,
  "timestamp": "2025-05-03T11:24:42.807962",
  "elapsed_time": 703.6597800254822
}