{
  "epoch": 3,
  "train_loss": 0.6935173092744289,
  "train_acc": 0.5010725010725011,
  "val_loss": 0.6950985570343173,
  "val_acc": 0.4957118353344768,
  "timestamp": "2025-05-03T11:19:40.400451",
  "elapsed_time": 401.2938244342804
}