{
  "epoch": 4,
  "train_loss": 0.6941405522517669,
  "train_acc": 0.49935649935649934,
  "val_loss": 0.6941322088241577,
  "val_acc": 0.4957118353344768,
  "timestamp": "2025-05-03T11:21:21.521734",
  "elapsed_time": 502.3807282447815
}