{
  "epoch": 7,
  "train_loss": 0.6935604954377199,
  "train_acc": 0.49163449163449163,
  "val_loss": 0.69322768887695,
  "val_acc": 0.4957118353344768,
  "timestamp": "2025-05-03T11:26:22.651763",
  "elapsed_time": 803.5032396316528
}