{
  "epoch": 14,
  "train_loss": 0.6931818335484236,
  "train_acc": 0.49613899613899615,
  "val_loss": 0.6931590924457628,
  "val_acc": 0.4957118353344768,
  "timestamp": "2025-05-03T11:38:30.562241",
  "elapsed_time": 1503.4935405254364
}