{
  "epoch": 11,
  "train_loss": 0.04332348555326462,
  "train_acc": 0.5027885027885027,
  "val_loss": 0.04332673351983635,
  "val_acc": 0.4957118353344768,
  "timestamp": "2025-05-03T11:33:16.796053",
  "elapsed_time": 1203.62642121315
}