{
  "epoch": 10,
  "train_loss": 0.043327963505035795,
  "train_acc": 0.49592449592449594,
  "val_loss": 0.04332693993132942,
  "val_acc": 0.4957118353344768,
  "timestamp": "2025-05-03T11:31:36.430838",
  "elapsed_time": 1103.2760555744171
}