{
  "train_loss": [
    0.7059482036492764,
    0.6941643500939394,
    0.6939531112328554,
    0.6935173092744289,
    0.6941405522517669,
    0.6935701761490259,
    0.6937420074756329,
    0.6935604954377199,
    0.043373662577225615,
    0.04332066336885477,
    0.043327963505035795,
    0.04332348555326462,
    0.043323451108657395,
    0.0433256521821022,
    0.6931818335484236
  ],
  "train_acc": [
    0.4974259974259974,
    0.5,
    0.48155298155298154,
    0.5010725010725011,
    0.49935649935649934,
    0.5117975117975118,
    0.5148005148005148,
    0.49163449163449163,
    0.4864864864864865,
    0.5042900042900043,
    0.49592449592449594,
    0.5027885027885027,
    0.5,
    0.4972114972114972,
    0.49613899613899615
  ],
  "val_loss": [
    0.6931849024733718,
    0.6932826431430116,
    0.6931362225084888,
    0.6950985570343173,
    0.6941322088241577,
    0.6934932774426986,
    0.694672023763462,
    0.69322768887695,
    0.04332198065762617,
    0.043327560686335274,
    0.04332693993132942,
    0.04332673351983635,
    0.043325748294591904,
    0.043325290768122186,
    0.6931590924457628
  ],
  "val_acc": [
    0.4957118353344768,
    0.5042881646655232,
    0.4957118353344768,
    0.4957118353344768,
    0.4957118353344768,
    0.4957118353344768,
    0.5042881646655232,
    0.4957118353344768,
    0.4957118353344768,
    0.4957118353344768,
    0.4957118353344768,
    0.4957118353344768,
    0.4957118353344768,
    0.4957118353344768,
    0.4957118353344768
  ],
  "best_acc": 0.5042881646655232
}