{
  "epoch": 5,
  "train_loss": 0.32722097421303775,
  "train_acc": 0.9875589875589875,
  "val_loss": 0.3360786395413535,
  "val_acc": 0.9785591766723842,
  "timestamp": "2025-05-03T05:56:26.376761",
  "elapsed_time": 337.4745602607727
}