{
  "epoch": 7,
  "train_loss": 0.32995924246616853,
  "train_acc": 0.9821964821964821,
  "val_loss": 0.3412834916796003,
  "val_acc": 0.9734133790737565,
  "timestamp": "2025-05-03T05:58:19.048711",
  "elapsed_time": 450.14622354507446
}