{
  "epoch": 1,
  "train_loss": 0.35458364104613277,
  "train_acc": 0.9598884598884599,
  "val_loss": 0.34732418583363905,
  "val_acc": 0.967409948542024,
  "timestamp": "2025-05-03T05:52:40.330332",
  "elapsed_time": 111.43302965164185
}