{
  "epoch": 3,
  "train_loss": 0.3418592671553294,
  "train_acc": 0.9716859716859717,
  "val_loss": 0.3533015835041903,
  "val_acc": 0.9579759862778731,
  "timestamp": "2025-05-03T05:54:33.073287",
  "elapsed_time": 224.17223572731018
}