{
  "epoch": 0,
  "train_loss": 0.4275878490545811,
  "train_acc": 0.8951093951093951,
  "val_loss": 0.3704771460319052,
  "val_acc": 0.9425385934819898,
  "timestamp": "2025-05-03T05:51:44.073361",
  "elapsed_time": 55.174200773239136
}