{
  "epoch": 4,
  "train_loss": 0.33764839019530857,
  "train_acc": 0.9757614757614758,
  "val_loss": 0.34207465514844776,
  "val_acc": 0.9699828473413379,
  "timestamp": "2025-05-03T05:55:29.131530",
  "elapsed_time": 280.2201495170593
}