{
  "epoch": 17,
  "train_loss": 0.3154768142944727,
  "train_acc": 0.9980694980694981,
  "val_loss": 0.32662684211925586,
  "val_acc": 0.9854202401372213,
  "timestamp": "2025-05-03T06:07:35.643509",
  "elapsed_time": 1006.7457096576691
}