{
  "epoch": 12,
  "train_loss": 0.3185317756273808,
  "train_acc": 0.9952809952809952,
  "val_loss": 0.33001832633602374,
  "val_acc": 0.983704974271012,
  "timestamp": "2025-05-03T06:02:58.243021",
  "elapsed_time": 729.3407196998596
}