{
  "epoch": 8,
  "train_loss": 0.3320115223909036,
  "train_acc": 0.9811239811239811,
  "val_loss": 0.3277573427375482,
  "val_acc": 0.9862778730703259,
  "timestamp": "2025-05-03T05:59:13.879465",
  "elapsed_time": 504.9712073802948
}