{
  "epoch": 14,
  "train_loss": 0.31776831241754383,
  "train_acc": 0.9957099957099957,
  "val_loss": 0.3260727834944822,
  "val_acc": 0.9871355060034306,
  "timestamp": "2025-05-03T06:04:49.846232",
  "elapsed_time": 840.9502904415131
}