{
  "epoch": 11,
  "train_loss": 0.3201113450221526,
  "train_acc": 0.9935649935649936,
  "val_loss": 0.3278717471628773,
  "val_acc": 0.983704974271012,
  "timestamp": "2025-05-03T06:02:02.688601",
  "elapsed_time": 673.69535779953
}