{
  "epoch": 13,
  "train_loss": 0.3182629664738973,
  "train_acc": 0.995924495924496,
  "val_loss": 0.3265117601472504,
  "val_acc": 0.9871355060034306,
  "timestamp": "2025-05-03T06:03:53.888216",
  "elapsed_time": 784.9896700382233
}