{
  "epoch": 6,
  "train_loss": 0.3284059608593965,
  "train_acc": 0.9854139854139854,
  "val_loss": 0.3409429624372599,
  "val_acc": 0.9708404802744426,
  "timestamp": "2025-05-03T05:57:22.553545",
  "elapsed_time": 393.6483008861542
}