{
  "epoch": 16,
  "train_loss": 0.3161750626869691,
  "train_acc": 0.9976404976404977,
  "val_loss": 0.32489482359010347,
  "val_acc": 0.9871355060034306,
  "timestamp": "2025-05-03T06:06:39.792874",
  "elapsed_time": 950.8927669525146
}