{
  "epoch": 15,
  "train_loss": 0.3173639827813858,
  "train_acc": 0.9961389961389961,
  "val_loss": 0.3241311494185,
  "val_acc": 0.9897084048027445,
  "timestamp": "2025-05-03T06:05:44.826303",
  "elapsed_time": 895.9190101623535
}