{
  "epoch": 10,
  "train_loss": 0.3247271277965644,
  "train_acc": 0.989060489060489,
  "val_loss": 0.33157773528780254,
  "val_acc": 0.9811320754716981,
  "timestamp": "2025-05-03T06:01:06.585397",
  "elapsed_time": 617.6836392879486
}