{
  "epoch": 18,
  "train_loss": 0.31524247649388437,
  "train_acc": 0.9982839982839983,
  "val_loss": 0.3249902731301833,
  "val_acc": 0.9879931389365352,
  "timestamp": "2025-05-03T06:08:31.334701",
  "elapsed_time": 1062.4301161766052
}