{
  "epoch": 9,
  "train_loss": 0.3305464368600112,
  "train_acc": 0.9841269841269841,
  "val_loss": 0.35733176129204886,
  "val_acc": 0.9545454545454546,
  "timestamp": "2025-05-03T06:00:10.051574",
  "elapsed_time": 561.1483755111694
}