{
  "epoch": 19,
  "train_loss": 0.31545193607990557,
  "train_acc": 0.9982839982839983,
  "val_loss": 0.3245529970344232,
  "val_acc": 0.9888507718696398,
  "timestamp": "2025-05-03T06:09:25.981880",
  "elapsed_time": 1117.0886917114258
}