{
  "epoch": 2,
  "train_loss": 0.34663202242973523,
  "train_acc": 0.9671814671814671,
  "val_loss": 0.34912613764101147,
  "val_acc": 0.9656946826758147,
  "timestamp": "2025-05-03T05:53:35.725035",
  "elapsed_time": 166.82780599594116
}