{
  "train_loss": [
    0.4275878490545811,
    0.35458364104613277,
    0.34663202242973523,
    0.3418592671553294,
    0.33764839019530857,
    0.32722097421303775,
    0.3284059608593965,
    0.32995924246616853,
    0.3320115223909036,
    0.3305464368600112,
    0.3247271277965644,
    0.3201113450221526,
    0.3185317756273808,
    0.3182629664738973,
    0.31776831241754383,
    0.3173639827813858,
    0.3161750626869691,
    0.3154768142944727,
    0.31524247649388437,
    0.31545193607990557
  ],
  "train_acc": [
    0.8951093951093951,
    0.9598884598884599,
    0.9671814671814671,
    0.9716859716859717,
    0.9757614757614758,
    0.9875589875589875,
    0.9854139854139854,
    0.9821964821964821,
    0.9811239811239811,
    0.9841269841269841,
    0.989060489060489,
    0.9935649935649936,
    0.9952809952809952,
    0.995924495924496,
    0.9957099957099957,
    0.9961389961389961,
    0.9976404976404977,
    0.9980694980694981,
    0.9982839982839983,
    0.9982839982839983
  ],
  "val_loss": [
    0.3704771460319052,
    0.34732418583363905,
    0.34912613764101147,
    0.3533015835041903,
    0.34207465514844776,
    0.3360786395413535,
    0.3409429624372599,
    0.3412834916796003,
    0.3277573427375482,
    0.35733176129204886,
    0.33157773528780254,
    0.3278717471628773,
    0.33001832633602374,
    0.3265117601472504,
    0.3260727834944822,
    0.3241311494185,
    0.32489482359010347,
    0.32662684211925586,
    0.3249902731301833,
    0.3245529970344232
  ],
  "val_acc": [
    0.9425385934819898,
    0.967409948542024,
    0.9656946826758147,
    0.9579759862778731,
    0.9699828473413379,
    0.9785591766723842,
    0.9708404802744426,
    0.9734133790737565,
    0.9862778730703259,
    0.9545454545454546,
    0.9811320754716981,
    0.983704974271012,
    0.983704974271012,
    0.9871355060034306,
    0.9871355060034306,
    0.9897084048027445,
    0.9871355060034306,
    0.9854202401372213,
    0.9879931389365352,
    0.9888507718696398
  ],
  "best_acc": 0.9897084048027445
}